2025-06-23 15:44:38.100 | INFO     | __main__:main:186 - Logs for this run will be saved to finetune_of_noise/logs/train_noisy_20250623-154438.log
2025-06-23 15:44:38.100 | INFO     | __main__:main:206 - Loading model: dpflow
2025-06-23 15:44:38.190 | INFO     | ptlflow.models.dpflow.dpflow:__init__:158 - DPFlow: --model.pyramid_levels is not set, the number of pyramid levels will be inferred from the input size.
2025-06-23 15:44:38.378 | INFO     | ptlflow:restore_model:283 - Restored model state from checkpoint: things
2025-06-23 15:44:38.379 | INFO     | __main__:main:215 - Loading dataset: sintel
2025-06-23 15:44:38.379 | INFO     | __main__:main:246 - Setting up trainer.
2025-06-23 15:44:38.383 | INFO     | __main__:main:255 - Starting training.
2025-06-23 15:44:38.408 | INFO     | __main__:_patched_load_dataset_paths:239 - --- Applying monkey-patch to populate dataset_paths ---
2025-06-23 15:44:38.420 | WARNING  | ptlflow.data.flow_datamodule:_get_sintel_dataset:715 - --train_crop_size is not set. It will be set as (368, 768).
2025-06-23 15:44:38.524 | INFO     | ptlflow.data.datasets:_log_status:257 - Loading 2082 samples from Sintel_clean_final dataset.
2025-06-23 15:44:38.525 | INFO     | ptlflow.models.base_model.base_model:configure_optimizers:532 - --trainer.max_steps is not provided. max_steps will be set as 2082 (1 epochs * 2082 steps per epoch / 1 devices / 1 accumulate grad steps)
2025-06-23 15:44:38.526 | WARNING  | ptlflow.models.base_model.base_model:configure_optimizers:548 - --model.wdecay is not set. It will be set as 0.0001
2025-06-23 15:44:38.577 | INFO     | ptlflow.data.datasets:_log_status:257 - Loading 2082 samples from Sintel_clean_final dataset.
2025-06-23 15:44:38.639 | INFO     | ptlflow.models.dpflow.dpflow:forward_flow:366 - DPFlow: Detected change in input size. The number of pyramid levels will change to 3, corresponding to output stride 32.
2025-06-23 15:44:38.990 | INFO     | ptlflow.models.base_model.base_model:on_validation_epoch_end:449 - main_val_metric is tracking the metric sintel_clean_final-trainval/val/epe
2025-06-23 15:44:39.019 | INFO     | ptlflow.data.datasets:_log_status:257 - Loading 2082 samples from Sintel_clean_final dataset.
2025-06-23 15:44:39.684 | INFO     | __main__:on_train_batch_end:39 - Epoch 0, Step 1: train_loss = 8.3015
2025-06-23 15:44:39.939 | INFO     | __main__:on_train_batch_end:39 - Epoch 0, Step 2: train_loss = 6.0031
2025-06-23 15:44:40.205 | INFO     | __main__:on_train_batch_end:39 - Epoch 0, Step 3: train_loss = 25.2534
2025-06-23 15:44:40.460 | INFO     | __main__:on_train_batch_end:39 - Epoch 0, Step 4: train_loss = 10.0687
2025-06-23 15:44:40.714 | INFO     | __main__:on_train_batch_end:39 - Epoch 0, Step 5: train_loss = 24.1474
2025-06-23 15:44:40.968 | INFO     | __main__:on_train_batch_end:39 - Epoch 0, Step 6: train_loss = 16.3753
2025-06-23 15:44:41.224 | INFO     | __main__:on_train_batch_end:39 - Epoch 0, Step 7: train_loss = 12.3054
2025-06-23 15:44:41.477 | INFO     | __main__:on_train_batch_end:39 - Epoch 0, Step 8: train_loss = 6.2752
2025-06-23 15:44:41.732 | INFO     | __main__:on_train_batch_end:39 - Epoch 0, Step 9: train_loss = 67.2094
2025-06-23 15:44:41.986 | INFO     | __main__:on_train_batch_end:39 - Epoch 0, Step 10: train_loss = 4.1831
2025-06-23 15:44:42.239 | INFO     | __main__:on_train_batch_end:39 - Epoch 0, Step 11: train_loss = 13.5152
2025-06-23 15:44:42.497 | INFO     | __main__:on_train_batch_end:39 - Epoch 0, Step 12: train_loss = 3.7651
2025-06-23 15:44:42.752 | INFO     | __main__:on_train_batch_end:39 - Epoch 0, Step 13: train_loss = 4.8803
2025-06-23 15:44:43.006 | INFO     | __main__:on_train_batch_end:39 - Epoch 0, Step 14: train_loss = 6.0782
2025-06-23 15:44:43.263 | INFO     | __main__:on_train_batch_end:39 - Epoch 0, Step 15: train_loss = 3.7545
2025-06-23 15:44:43.519 | INFO     | __main__:on_train_batch_end:39 - Epoch 0, Step 16: train_loss = 7.3134
2025-06-23 15:44:43.775 | INFO     | __main__:on_train_batch_end:39 - Epoch 0, Step 17: train_loss = 3.7204
2025-06-23 15:44:44.162 | INFO     | __main__:on_train_batch_end:39 - Epoch 0, Step 18: train_loss = 6.0635
2025-06-23 15:44:44.431 | INFO     | __main__:on_train_batch_end:39 - Epoch 0, Step 19: train_loss = 5.7811
2025-06-23 15:44:44.688 | INFO     | __main__:on_train_batch_end:39 - Epoch 0, Step 20: train_loss = 10.6029
2025-06-23 15:44:44.944 | INFO     | __main__:on_train_batch_end:39 - Epoch 0, Step 21: train_loss = 3.7189
2025-06-23 15:44:45.200 | INFO     | __main__:on_train_batch_end:39 - Epoch 0, Step 22: train_loss = 4.2480
2025-06-23 15:44:45.460 | INFO     | __main__:on_train_batch_end:39 - Epoch 0, Step 23: train_loss = 3.5694
2025-06-23 15:44:45.717 | INFO     | __main__:on_train_batch_end:39 - Epoch 0, Step 24: train_loss = 3.9858
2025-06-23 15:44:45.985 | INFO     | __main__:on_train_batch_end:39 - Epoch 0, Step 25: train_loss = 6.7574
2025-06-23 15:44:46.244 | INFO     | __main__:on_train_batch_end:39 - Epoch 0, Step 26: train_loss = 3.7247
2025-06-23 15:44:46.499 | INFO     | __main__:on_train_batch_end:39 - Epoch 0, Step 27: train_loss = 4.9364
2025-06-23 15:44:46.759 | INFO     | __main__:on_train_batch_end:39 - Epoch 0, Step 28: train_loss = 22.3081
2025-06-23 15:44:47.017 | INFO     | __main__:on_train_batch_end:39 - Epoch 0, Step 29: train_loss = 19.6764
2025-06-23 15:44:47.275 | INFO     | __main__:on_train_batch_end:39 - Epoch 0, Step 30: train_loss = 4.2333
2025-06-23 15:44:47.533 | INFO     | __main__:on_train_batch_end:39 - Epoch 0, Step 31: train_loss = 5.8546
2025-06-23 15:44:47.790 | INFO     | __main__:on_train_batch_end:39 - Epoch 0, Step 32: train_loss = 7.6709
2025-06-23 15:44:48.049 | INFO     | __main__:on_train_batch_end:39 - Epoch 0, Step 33: train_loss = 5.1690
2025-06-23 15:44:48.306 | INFO     | __main__:on_train_batch_end:39 - Epoch 0, Step 34: train_loss = 25.5114
2025-06-23 15:44:48.581 | INFO     | __main__:on_train_batch_end:39 - Epoch 0, Step 35: train_loss = 6.8234
2025-06-23 15:44:48.850 | INFO     | __main__:on_train_batch_end:39 - Epoch 0, Step 36: train_loss = 15.3880
2025-06-23 15:44:49.116 | INFO     | __main__:on_train_batch_end:39 - Epoch 0, Step 37: train_loss = 4.7385
2025-06-23 15:44:49.375 | INFO     | __main__:on_train_batch_end:39 - Epoch 0, Step 38: train_loss = 6.1355
2025-06-23 15:44:49.637 | INFO     | __main__:on_train_batch_end:39 - Epoch 0, Step 39: train_loss = 15.5606
2025-06-23 15:44:49.899 | INFO     | __main__:on_train_batch_end:39 - Epoch 0, Step 40: train_loss = 13.0097
2025-06-23 15:44:50.159 | INFO     | __main__:on_train_batch_end:39 - Epoch 0, Step 41: train_loss = 4.2793
2025-06-23 15:44:50.419 | INFO     | __main__:on_train_batch_end:39 - Epoch 0, Step 42: train_loss = 4.0545
2025-06-23 15:44:50.677 | INFO     | __main__:on_train_batch_end:39 - Epoch 0, Step 43: train_loss = 13.2353
2025-06-23 15:44:50.938 | INFO     | __main__:on_train_batch_end:39 - Epoch 0, Step 44: train_loss = 26.5260
2025-06-23 15:44:51.198 | INFO     | __main__:on_train_batch_end:39 - Epoch 0, Step 45: train_loss = 3.7977
2025-06-23 15:44:51.460 | INFO     | __main__:on_train_batch_end:39 - Epoch 0, Step 46: train_loss = 3.7247
2025-06-23 15:44:51.721 | INFO     | __main__:on_train_batch_end:39 - Epoch 0, Step 47: train_loss = 9.5076
2025-06-23 15:44:51.981 | INFO     | __main__:on_train_batch_end:39 - Epoch 0, Step 48: train_loss = 9.9965
2025-06-23 15:44:52.244 | INFO     | __main__:on_train_batch_end:39 - Epoch 0, Step 49: train_loss = 4.5343
2025-06-23 15:44:52.502 | INFO     | __main__:on_train_batch_end:39 - Epoch 0, Step 50: train_loss = 17.2495
2025-06-23 15:44:52.763 | INFO     | __main__:on_train_batch_end:39 - Epoch 0, Step 51: train_loss = 4.3858
2025-06-23 15:44:53.022 | INFO     | __main__:on_train_batch_end:39 - Epoch 0, Step 52: train_loss = 41.9553
2025-06-23 15:44:53.283 | INFO     | __main__:on_train_batch_end:39 - Epoch 0, Step 53: train_loss = 5.6736
2025-06-23 15:44:53.546 | INFO     | __main__:on_train_batch_end:39 - Epoch 0, Step 54: train_loss = 17.8567
2025-06-23 15:44:53.807 | INFO     | __main__:on_train_batch_end:39 - Epoch 0, Step 55: train_loss = 5.5451
2025-06-23 15:44:54.070 | INFO     | __main__:on_train_batch_end:39 - Epoch 0, Step 56: train_loss = 5.5775
2025-06-23 15:44:54.331 | INFO     | __main__:on_train_batch_end:39 - Epoch 0, Step 57: train_loss = 6.8754
2025-06-23 15:44:54.599 | INFO     | __main__:on_train_batch_end:39 - Epoch 0, Step 58: train_loss = 12.8646
2025-06-23 15:44:54.859 | INFO     | __main__:on_train_batch_end:39 - Epoch 0, Step 59: train_loss = 3.7761
2025-06-23 15:44:55.121 | INFO     | __main__:on_train_batch_end:39 - Epoch 0, Step 60: train_loss = 12.0670
2025-06-23 15:44:55.382 | INFO     | __main__:on_train_batch_end:39 - Epoch 0, Step 61: train_loss = 19.2456
2025-06-23 15:44:55.642 | INFO     | __main__:on_train_batch_end:39 - Epoch 0, Step 62: train_loss = 15.2956
2025-06-23 15:44:55.903 | INFO     | __main__:on_train_batch_end:39 - Epoch 0, Step 63: train_loss = 5.1793
2025-06-23 15:44:56.165 | INFO     | __main__:on_train_batch_end:39 - Epoch 0, Step 64: train_loss = 15.4810
2025-06-23 15:44:56.426 | INFO     | __main__:on_train_batch_end:39 - Epoch 0, Step 65: train_loss = 6.2272
2025-06-23 15:44:56.686 | INFO     | __main__:on_train_batch_end:39 - Epoch 0, Step 66: train_loss = 7.2541
2025-06-23 15:44:56.947 | INFO     | __main__:on_train_batch_end:39 - Epoch 0, Step 67: train_loss = 4.0725
2025-06-23 15:44:57.207 | INFO     | __main__:on_train_batch_end:39 - Epoch 0, Step 68: train_loss = 5.3996
2025-06-23 15:44:57.480 | INFO     | __main__:on_train_batch_end:39 - Epoch 0, Step 69: train_loss = 9.5965
2025-06-23 15:44:57.740 | INFO     | __main__:on_train_batch_end:39 - Epoch 0, Step 70: train_loss = 4.8327
2025-06-23 15:44:58.000 | INFO     | __main__:on_train_batch_end:39 - Epoch 0, Step 71: train_loss = 29.3841
2025-06-23 15:44:58.261 | INFO     | __main__:on_train_batch_end:39 - Epoch 0, Step 72: train_loss = 4.7086
2025-06-23 15:44:58.520 | INFO     | __main__:on_train_batch_end:39 - Epoch 0, Step 73: train_loss = 5.5623
2025-06-23 15:44:58.781 | INFO     | __main__:on_train_batch_end:39 - Epoch 0, Step 74: train_loss = 3.6144
2025-06-23 15:44:59.041 | INFO     | __main__:on_train_batch_end:39 - Epoch 0, Step 75: train_loss = 29.2016
2025-06-23 15:44:59.302 | INFO     | __main__:on_train_batch_end:39 - Epoch 0, Step 76: train_loss = 14.9545
2025-06-23 15:44:59.565 | INFO     | __main__:on_train_batch_end:39 - Epoch 0, Step 77: train_loss = 8.0322
2025-06-23 15:44:59.824 | INFO     | __main__:on_train_batch_end:39 - Epoch 0, Step 78: train_loss = 5.6486
2025-06-23 15:45:00.085 | INFO     | __main__:on_train_batch_end:39 - Epoch 0, Step 79: train_loss = 8.9726
2025-06-23 15:45:00.346 | INFO     | __main__:on_train_batch_end:39 - Epoch 0, Step 80: train_loss = 3.9882
2025-06-23 15:45:00.611 | INFO     | __main__:on_train_batch_end:39 - Epoch 0, Step 81: train_loss = 5.5120
2025-06-23 15:45:00.870 | INFO     | __main__:on_train_batch_end:39 - Epoch 0, Step 82: train_loss = 5.5570
2025-06-23 15:45:01.130 | INFO     | __main__:on_train_batch_end:39 - Epoch 0, Step 83: train_loss = 35.1340
2025-06-23 15:45:01.393 | INFO     | __main__:on_train_batch_end:39 - Epoch 0, Step 84: train_loss = 12.8129
2025-06-23 15:45:01.652 | INFO     | __main__:on_train_batch_end:39 - Epoch 0, Step 85: train_loss = 4.9959
2025-06-23 15:45:01.916 | INFO     | __main__:on_train_batch_end:39 - Epoch 0, Step 86: train_loss = 3.5290
2025-06-23 15:45:02.175 | INFO     | __main__:on_train_batch_end:39 - Epoch 0, Step 87: train_loss = 3.8608
2025-06-23 15:45:02.439 | INFO     | __main__:on_train_batch_end:39 - Epoch 0, Step 88: train_loss = 9.4900
2025-06-23 15:45:02.713 | INFO     | __main__:on_train_batch_end:39 - Epoch 0, Step 89: train_loss = 9.8112
2025-06-23 15:45:02.984 | INFO     | __main__:on_train_batch_end:39 - Epoch 0, Step 90: train_loss = 6.2721
2025-06-23 15:45:03.258 | INFO     | __main__:on_train_batch_end:39 - Epoch 0, Step 91: train_loss = 12.9186
2025-06-23 15:45:03.533 | INFO     | __main__:on_train_batch_end:39 - Epoch 0, Step 92: train_loss = 4.2655
2025-06-23 15:45:03.802 | INFO     | __main__:on_train_batch_end:39 - Epoch 0, Step 93: train_loss = 33.4606
2025-06-23 15:45:04.062 | INFO     | __main__:on_train_batch_end:39 - Epoch 0, Step 94: train_loss = 10.8341
2025-06-23 15:45:04.323 | INFO     | __main__:on_train_batch_end:39 - Epoch 0, Step 95: train_loss = 11.7322
2025-06-23 15:45:04.585 | INFO     | __main__:on_train_batch_end:39 - Epoch 0, Step 96: train_loss = 10.2055
2025-06-23 15:45:04.846 | INFO     | __main__:on_train_batch_end:39 - Epoch 0, Step 97: train_loss = 26.6796
2025-06-23 15:45:05.105 | INFO     | __main__:on_train_batch_end:39 - Epoch 0, Step 98: train_loss = 4.0808
2025-06-23 15:45:05.367 | INFO     | __main__:on_train_batch_end:39 - Epoch 0, Step 99: train_loss = 27.1631
2025-06-23 15:45:05.630 | INFO     | __main__:on_train_batch_end:39 - Epoch 0, Step 100: train_loss = 14.4000
2025-06-23 15:45:05.893 | INFO     | __main__:on_train_batch_end:39 - Epoch 0, Step 101: train_loss = 7.3252
2025-06-23 15:45:06.154 | INFO     | __main__:on_train_batch_end:39 - Epoch 0, Step 102: train_loss = 13.8738
2025-06-23 15:45:06.419 | INFO     | __main__:on_train_batch_end:39 - Epoch 0, Step 103: train_loss = 6.9139
2025-06-23 15:45:06.679 | INFO     | __main__:on_train_batch_end:39 - Epoch 0, Step 104: train_loss = 5.6562
2025-06-23 15:45:06.939 | INFO     | __main__:on_train_batch_end:39 - Epoch 0, Step 105: train_loss = 4.8905
2025-06-23 15:45:07.200 | INFO     | __main__:on_train_batch_end:39 - Epoch 0, Step 106: train_loss = 4.0297
2025-06-23 15:45:07.460 | INFO     | __main__:on_train_batch_end:39 - Epoch 0, Step 107: train_loss = 7.9824
2025-06-23 15:45:07.722 | INFO     | __main__:on_train_batch_end:39 - Epoch 0, Step 108: train_loss = 16.4211
2025-06-23 15:45:07.989 | INFO     | __main__:on_train_batch_end:39 - Epoch 0, Step 109: train_loss = 4.3010
2025-06-23 15:45:08.251 | INFO     | __main__:on_train_batch_end:39 - Epoch 0, Step 110: train_loss = 5.8300
2025-06-23 15:45:08.515 | INFO     | __main__:on_train_batch_end:39 - Epoch 0, Step 111: train_loss = 4.2472
2025-06-23 15:45:08.777 | INFO     | __main__:on_train_batch_end:39 - Epoch 0, Step 112: train_loss = 6.7887
2025-06-23 15:45:09.037 | INFO     | __main__:on_train_batch_end:39 - Epoch 0, Step 113: train_loss = 3.7692
2025-06-23 15:45:09.299 | INFO     | __main__:on_train_batch_end:39 - Epoch 0, Step 114: train_loss = 5.9268
2025-06-23 15:45:09.562 | INFO     | __main__:on_train_batch_end:39 - Epoch 0, Step 115: train_loss = 30.8553
2025-06-23 15:45:09.821 | INFO     | __main__:on_train_batch_end:39 - Epoch 0, Step 116: train_loss = 23.5863
2025-06-23 15:45:10.081 | INFO     | __main__:on_train_batch_end:39 - Epoch 0, Step 117: train_loss = 3.5546
2025-06-23 15:45:10.342 | INFO     | __main__:on_train_batch_end:39 - Epoch 0, Step 118: train_loss = 28.3027
2025-06-23 15:45:10.607 | INFO     | __main__:on_train_batch_end:39 - Epoch 0, Step 119: train_loss = 4.8385
2025-06-23 15:45:10.869 | INFO     | __main__:on_train_batch_end:39 - Epoch 0, Step 120: train_loss = 18.1667
2025-06-23 15:45:11.132 | INFO     | __main__:on_train_batch_end:39 - Epoch 0, Step 121: train_loss = 17.3521
2025-06-23 15:45:11.392 | INFO     | __main__:on_train_batch_end:39 - Epoch 0, Step 122: train_loss = 27.5823
2025-06-23 15:45:11.652 | INFO     | __main__:on_train_batch_end:39 - Epoch 0, Step 123: train_loss = 4.8450
2025-06-23 15:45:11.913 | INFO     | __main__:on_train_batch_end:39 - Epoch 0, Step 124: train_loss = 13.6600
2025-06-23 15:45:12.174 | INFO     | __main__:on_train_batch_end:39 - Epoch 0, Step 125: train_loss = 11.2855
2025-06-23 15:45:12.441 | INFO     | __main__:on_train_batch_end:39 - Epoch 0, Step 126: train_loss = 4.7869
2025-06-23 15:45:12.703 | INFO     | __main__:on_train_batch_end:39 - Epoch 0, Step 127: train_loss = 18.1306
2025-06-23 15:45:12.974 | INFO     | __main__:on_train_batch_end:39 - Epoch 0, Step 128: train_loss = 3.5392
2025-06-23 15:45:13.238 | INFO     | __main__:on_train_batch_end:39 - Epoch 0, Step 129: train_loss = 3.7560
2025-06-23 15:45:13.497 | INFO     | __main__:on_train_batch_end:39 - Epoch 0, Step 130: train_loss = 6.7213
2025-06-23 15:45:13.761 | INFO     | __main__:on_train_batch_end:39 - Epoch 0, Step 131: train_loss = 20.7406
2025-06-23 15:45:14.022 | INFO     | __main__:on_train_batch_end:39 - Epoch 0, Step 132: train_loss = 4.3644
2025-06-23 15:45:14.284 | INFO     | __main__:on_train_batch_end:39 - Epoch 0, Step 133: train_loss = 6.3365
2025-06-23 15:45:14.545 | INFO     | __main__:on_train_batch_end:39 - Epoch 0, Step 134: train_loss = 19.8279
2025-06-23 15:45:14.807 | INFO     | __main__:on_train_batch_end:39 - Epoch 0, Step 135: train_loss = 4.0961
2025-06-23 15:45:15.068 | INFO     | __main__:on_train_batch_end:39 - Epoch 0, Step 136: train_loss = 7.7631
2025-06-23 15:45:15.330 | INFO     | __main__:on_train_batch_end:39 - Epoch 0, Step 137: train_loss = 8.4678
2025-06-23 15:45:15.594 | INFO     | __main__:on_train_batch_end:39 - Epoch 0, Step 138: train_loss = 4.9583
2025-06-23 15:45:15.865 | INFO     | __main__:on_train_batch_end:39 - Epoch 0, Step 139: train_loss = 3.7927
2025-06-23 15:45:16.127 | INFO     | __main__:on_train_batch_end:39 - Epoch 0, Step 140: train_loss = 3.6022
2025-06-23 15:45:16.389 | INFO     | __main__:on_train_batch_end:39 - Epoch 0, Step 141: train_loss = 3.9612
2025-06-23 15:45:16.651 | INFO     | __main__:on_train_batch_end:39 - Epoch 0, Step 142: train_loss = 6.9891
2025-06-23 15:45:16.917 | INFO     | __main__:on_train_batch_end:39 - Epoch 0, Step 143: train_loss = 8.8199
2025-06-23 15:45:17.183 | INFO     | __main__:on_train_batch_end:39 - Epoch 0, Step 144: train_loss = 13.4202
2025-06-23 15:45:17.460 | INFO     | __main__:on_train_batch_end:39 - Epoch 0, Step 145: train_loss = 3.7738
2025-06-23 15:45:17.739 | INFO     | __main__:on_train_batch_end:39 - Epoch 0, Step 146: train_loss = 4.0555
2025-06-23 15:45:18.027 | INFO     | __main__:on_train_batch_end:39 - Epoch 0, Step 147: train_loss = 6.6239
2025-06-23 15:45:18.301 | INFO     | __main__:on_train_batch_end:39 - Epoch 0, Step 148: train_loss = 4.7772
2025-06-23 15:45:18.573 | INFO     | __main__:on_train_batch_end:39 - Epoch 0, Step 149: train_loss = 4.7368
2025-06-23 15:45:18.848 | INFO     | __main__:on_train_batch_end:39 - Epoch 0, Step 150: train_loss = 8.4068
2025-06-23 15:45:19.123 | INFO     | __main__:on_train_batch_end:39 - Epoch 0, Step 151: train_loss = 4.0557
2025-06-23 15:45:19.385 | INFO     | __main__:on_train_batch_end:39 - Epoch 0, Step 152: train_loss = 4.6144
2025-06-23 15:45:19.649 | INFO     | __main__:on_train_batch_end:39 - Epoch 0, Step 153: train_loss = 4.1059
2025-06-23 15:45:19.910 | INFO     | __main__:on_train_batch_end:39 - Epoch 0, Step 154: train_loss = 8.2966
2025-06-23 15:45:20.173 | INFO     | __main__:on_train_batch_end:39 - Epoch 0, Step 155: train_loss = 3.6224
2025-06-23 15:45:20.440 | INFO     | __main__:on_train_batch_end:39 - Epoch 0, Step 156: train_loss = 5.8276
2025-06-23 15:45:20.703 | INFO     | __main__:on_train_batch_end:39 - Epoch 0, Step 157: train_loss = 4.3135
2025-06-23 15:45:20.965 | INFO     | __main__:on_train_batch_end:39 - Epoch 0, Step 158: train_loss = 4.0960
2025-06-23 15:45:21.226 | INFO     | __main__:on_train_batch_end:39 - Epoch 0, Step 159: train_loss = 8.9298
2025-06-23 15:45:21.503 | INFO     | __main__:on_train_batch_end:39 - Epoch 0, Step 160: train_loss = 8.9667
2025-06-23 15:45:21.763 | INFO     | __main__:on_train_batch_end:39 - Epoch 0, Step 161: train_loss = 4.1866
2025-06-23 15:45:22.025 | INFO     | __main__:on_train_batch_end:39 - Epoch 0, Step 162: train_loss = 5.5188
2025-06-23 15:45:22.287 | INFO     | __main__:on_train_batch_end:39 - Epoch 0, Step 163: train_loss = 3.9629
2025-06-23 15:45:22.548 | INFO     | __main__:on_train_batch_end:39 - Epoch 0, Step 164: train_loss = 4.0339
2025-06-23 15:45:22.809 | INFO     | __main__:on_train_batch_end:39 - Epoch 0, Step 165: train_loss = 21.3229
2025-06-23 15:45:23.070 | INFO     | __main__:on_train_batch_end:39 - Epoch 0, Step 166: train_loss = 4.3167
2025-06-23 15:45:23.330 | INFO     | __main__:on_train_batch_end:39 - Epoch 0, Step 167: train_loss = 3.8362
2025-06-23 15:45:23.591 | INFO     | __main__:on_train_batch_end:39 - Epoch 0, Step 168: train_loss = 7.3171
2025-06-23 15:45:23.853 | INFO     | __main__:on_train_batch_end:39 - Epoch 0, Step 169: train_loss = 3.7784
2025-06-23 15:45:24.122 | INFO     | __main__:on_train_batch_end:39 - Epoch 0, Step 170: train_loss = 14.4472
2025-06-23 15:45:24.385 | INFO     | __main__:on_train_batch_end:39 - Epoch 0, Step 171: train_loss = 8.8302
2025-06-23 15:45:24.646 | INFO     | __main__:on_train_batch_end:39 - Epoch 0, Step 172: train_loss = 3.7931
2025-06-23 15:45:24.907 | INFO     | __main__:on_train_batch_end:39 - Epoch 0, Step 173: train_loss = 7.2776
2025-06-23 15:45:25.168 | INFO     | __main__:on_train_batch_end:39 - Epoch 0, Step 174: train_loss = 5.2070
2025-06-23 15:45:25.430 | INFO     | __main__:on_train_batch_end:39 - Epoch 0, Step 175: train_loss = 14.8275
2025-06-23 15:45:25.692 | INFO     | __main__:on_train_batch_end:39 - Epoch 0, Step 176: train_loss = 7.6042
2025-06-23 15:45:25.953 | INFO     | __main__:on_train_batch_end:39 - Epoch 0, Step 177: train_loss = 23.0528
2025-06-23 15:45:26.218 | INFO     | __main__:on_train_batch_end:39 - Epoch 0, Step 178: train_loss = 3.7727
2025-06-23 15:45:26.479 | INFO     | __main__:on_train_batch_end:39 - Epoch 0, Step 179: train_loss = 19.4983
2025-06-23 15:45:26.740 | INFO     | __main__:on_train_batch_end:39 - Epoch 0, Step 180: train_loss = 9.0751
2025-06-23 15:45:27.002 | INFO     | __main__:on_train_batch_end:39 - Epoch 0, Step 181: train_loss = 13.6949
2025-06-23 15:45:27.264 | INFO     | __main__:on_train_batch_end:39 - Epoch 0, Step 182: train_loss = 3.6118
2025-06-23 15:45:27.531 | INFO     | __main__:on_train_batch_end:39 - Epoch 0, Step 183: train_loss = 7.2033
2025-06-23 15:45:27.793 | INFO     | __main__:on_train_batch_end:39 - Epoch 0, Step 184: train_loss = 5.8063
2025-06-23 15:45:28.053 | INFO     | __main__:on_train_batch_end:39 - Epoch 0, Step 185: train_loss = 5.5110
2025-06-23 15:45:28.315 | INFO     | __main__:on_train_batch_end:39 - Epoch 0, Step 186: train_loss = 7.0498
2025-06-23 15:45:28.576 | INFO     | __main__:on_train_batch_end:39 - Epoch 0, Step 187: train_loss = 6.3666
2025-06-23 15:45:28.839 | INFO     | __main__:on_train_batch_end:39 - Epoch 0, Step 188: train_loss = 13.7215
2025-06-23 15:45:29.101 | INFO     | __main__:on_train_batch_end:39 - Epoch 0, Step 189: train_loss = 12.7420
2025-06-23 15:45:29.465 | INFO     | __main__:on_train_batch_end:39 - Epoch 0, Step 190: train_loss = 11.1372
2025-06-23 15:45:29.725 | INFO     | __main__:on_train_batch_end:39 - Epoch 0, Step 191: train_loss = 4.1243
2025-06-23 15:45:29.985 | INFO     | __main__:on_train_batch_end:39 - Epoch 0, Step 192: train_loss = 13.3177
2025-06-23 15:45:30.247 | INFO     | __main__:on_train_batch_end:39 - Epoch 0, Step 193: train_loss = 4.9253
2025-06-23 15:45:30.512 | INFO     | __main__:on_train_batch_end:39 - Epoch 0, Step 194: train_loss = 3.6097
2025-06-23 15:45:30.774 | INFO     | __main__:on_train_batch_end:39 - Epoch 0, Step 195: train_loss = 9.5543
2025-06-23 15:45:31.036 | INFO     | __main__:on_train_batch_end:39 - Epoch 0, Step 196: train_loss = 7.5861
2025-06-23 15:45:31.298 | INFO     | __main__:on_train_batch_end:39 - Epoch 0, Step 197: train_loss = 14.2965
2025-06-23 15:45:31.560 | INFO     | __main__:on_train_batch_end:39 - Epoch 0, Step 198: train_loss = 8.8121
2025-06-23 15:45:31.823 | INFO     | __main__:on_train_batch_end:39 - Epoch 0, Step 199: train_loss = 14.9751
2025-06-23 15:45:32.086 | INFO     | __main__:on_train_batch_end:39 - Epoch 0, Step 200: train_loss = 17.8178
2025-06-23 15:45:32.348 | INFO     | __main__:on_train_batch_end:39 - Epoch 0, Step 201: train_loss = 9.0465
2025-06-23 15:45:32.609 | INFO     | __main__:on_train_batch_end:39 - Epoch 0, Step 202: train_loss = 5.3339
2025-06-23 15:45:32.870 | INFO     | __main__:on_train_batch_end:39 - Epoch 0, Step 203: train_loss = 4.5551
2025-06-23 15:45:33.134 | INFO     | __main__:on_train_batch_end:39 - Epoch 0, Step 204: train_loss = 8.9253
2025-06-23 15:45:33.400 | INFO     | __main__:on_train_batch_end:39 - Epoch 0, Step 205: train_loss = 13.2103
2025-06-23 15:45:33.663 | INFO     | __main__:on_train_batch_end:39 - Epoch 0, Step 206: train_loss = 42.8820
2025-06-23 15:45:33.923 | INFO     | __main__:on_train_batch_end:39 - Epoch 0, Step 207: train_loss = 4.3532
2025-06-23 15:45:34.184 | INFO     | __main__:on_train_batch_end:39 - Epoch 0, Step 208: train_loss = 6.2638
2025-06-23 15:45:34.446 | INFO     | __main__:on_train_batch_end:39 - Epoch 0, Step 209: train_loss = 17.0803
2025-06-23 15:45:34.707 | INFO     | __main__:on_train_batch_end:39 - Epoch 0, Step 210: train_loss = 9.9011
2025-06-23 15:45:34.969 | INFO     | __main__:on_train_batch_end:39 - Epoch 0, Step 211: train_loss = 6.0406
2025-06-23 15:45:35.231 | INFO     | __main__:on_train_batch_end:39 - Epoch 0, Step 212: train_loss = 8.9818
2025-06-23 15:45:35.490 | INFO     | __main__:on_train_batch_end:39 - Epoch 0, Step 213: train_loss = 3.9040
2025-06-23 15:45:35.754 | INFO     | __main__:on_train_batch_end:39 - Epoch 0, Step 214: train_loss = 6.6218
2025-06-23 15:45:36.016 | INFO     | __main__:on_train_batch_end:39 - Epoch 0, Step 215: train_loss = 4.6471
2025-06-23 15:45:36.278 | INFO     | __main__:on_train_batch_end:39 - Epoch 0, Step 216: train_loss = 7.5883
2025-06-23 15:45:36.543 | INFO     | __main__:on_train_batch_end:39 - Epoch 0, Step 217: train_loss = 5.0484
2025-06-23 15:45:36.806 | INFO     | __main__:on_train_batch_end:39 - Epoch 0, Step 218: train_loss = 17.5367
2025-06-23 15:45:37.070 | INFO     | __main__:on_train_batch_end:39 - Epoch 0, Step 219: train_loss = 5.4382
2025-06-23 15:45:37.333 | INFO     | __main__:on_train_batch_end:39 - Epoch 0, Step 220: train_loss = 20.7309
2025-06-23 15:45:37.596 | INFO     | __main__:on_train_batch_end:39 - Epoch 0, Step 221: train_loss = 15.1440
2025-06-23 15:45:37.856 | INFO     | __main__:on_train_batch_end:39 - Epoch 0, Step 222: train_loss = 3.5580
2025-06-23 15:45:38.119 | INFO     | __main__:on_train_batch_end:39 - Epoch 0, Step 223: train_loss = 6.6229
2025-06-23 15:45:38.382 | INFO     | __main__:on_train_batch_end:39 - Epoch 0, Step 224: train_loss = 22.8577
2025-06-23 15:45:38.644 | INFO     | __main__:on_train_batch_end:39 - Epoch 0, Step 225: train_loss = 12.7899
2025-06-23 15:45:38.905 | INFO     | __main__:on_train_batch_end:39 - Epoch 0, Step 226: train_loss = 4.4893
2025-06-23 15:45:39.169 | INFO     | __main__:on_train_batch_end:39 - Epoch 0, Step 227: train_loss = 13.2369
2025-06-23 15:45:39.434 | INFO     | __main__:on_train_batch_end:39 - Epoch 0, Step 228: train_loss = 4.3558
2025-06-23 15:45:39.696 | INFO     | __main__:on_train_batch_end:39 - Epoch 0, Step 229: train_loss = 14.3533
2025-06-23 15:45:39.956 | INFO     | __main__:on_train_batch_end:39 - Epoch 0, Step 230: train_loss = 3.9176
2025-06-23 15:45:40.220 | INFO     | __main__:on_train_batch_end:39 - Epoch 0, Step 231: train_loss = 8.0098
2025-06-23 15:45:40.482 | INFO     | __main__:on_train_batch_end:39 - Epoch 0, Step 232: train_loss = 8.7594
2025-06-23 15:45:40.749 | INFO     | __main__:on_train_batch_end:39 - Epoch 0, Step 233: train_loss = 6.9767
2025-06-23 15:45:41.010 | INFO     | __main__:on_train_batch_end:39 - Epoch 0, Step 234: train_loss = 6.5162
2025-06-23 15:45:41.274 | INFO     | __main__:on_train_batch_end:39 - Epoch 0, Step 235: train_loss = 6.9455
2025-06-23 15:45:41.537 | INFO     | __main__:on_train_batch_end:39 - Epoch 0, Step 236: train_loss = 13.8207
2025-06-23 15:45:41.797 | INFO     | __main__:on_train_batch_end:39 - Epoch 0, Step 237: train_loss = 11.2222
2025-06-23 15:45:42.057 | INFO     | __main__:on_train_batch_end:39 - Epoch 0, Step 238: train_loss = 8.3142
2025-06-23 15:45:42.320 | INFO     | __main__:on_train_batch_end:39 - Epoch 0, Step 239: train_loss = 11.2297
2025-06-23 15:45:42.586 | INFO     | __main__:on_train_batch_end:39 - Epoch 0, Step 240: train_loss = 16.3408
2025-06-23 15:45:42.846 | INFO     | __main__:on_train_batch_end:39 - Epoch 0, Step 241: train_loss = 6.4900
2025-06-23 15:45:43.108 | INFO     | __main__:on_train_batch_end:39 - Epoch 0, Step 242: train_loss = 11.9925
2025-06-23 15:45:43.371 | INFO     | __main__:on_train_batch_end:39 - Epoch 0, Step 243: train_loss = 13.6696
2025-06-23 15:45:43.632 | INFO     | __main__:on_train_batch_end:39 - Epoch 0, Step 244: train_loss = 8.2096
2025-06-23 15:45:43.895 | INFO     | __main__:on_train_batch_end:39 - Epoch 0, Step 245: train_loss = 7.2448
2025-06-23 15:45:44.166 | INFO     | __main__:on_train_batch_end:39 - Epoch 0, Step 246: train_loss = 7.5152
2025-06-23 15:45:44.428 | INFO     | __main__:on_train_batch_end:39 - Epoch 0, Step 247: train_loss = 4.0343
2025-06-23 15:45:44.689 | INFO     | __main__:on_train_batch_end:39 - Epoch 0, Step 248: train_loss = 5.4590
2025-06-23 15:45:44.953 | INFO     | __main__:on_train_batch_end:39 - Epoch 0, Step 249: train_loss = 4.4157
2025-06-23 15:45:45.216 | INFO     | __main__:on_train_batch_end:39 - Epoch 0, Step 250: train_loss = 6.5408
2025-06-23 15:45:45.483 | INFO     | __main__:on_train_batch_end:39 - Epoch 0, Step 251: train_loss = 10.6699
2025-06-23 15:45:45.745 | INFO     | __main__:on_train_batch_end:39 - Epoch 0, Step 252: train_loss = 5.0740
2025-06-23 15:45:46.004 | INFO     | __main__:on_train_batch_end:39 - Epoch 0, Step 253: train_loss = 6.0529
2025-06-23 15:45:46.268 | INFO     | __main__:on_train_batch_end:39 - Epoch 0, Step 254: train_loss = 18.0353
2025-06-23 15:45:46.530 | INFO     | __main__:on_train_batch_end:39 - Epoch 0, Step 255: train_loss = 5.6894
2025-06-23 15:45:46.792 | INFO     | __main__:on_train_batch_end:39 - Epoch 0, Step 256: train_loss = 8.1990
2025-06-23 15:45:47.052 | INFO     | __main__:on_train_batch_end:39 - Epoch 0, Step 257: train_loss = 3.6708
2025-06-23 15:45:47.315 | INFO     | __main__:on_train_batch_end:39 - Epoch 0, Step 258: train_loss = 4.8182
2025-06-23 15:45:47.582 | INFO     | __main__:on_train_batch_end:39 - Epoch 0, Step 259: train_loss = 13.9974
2025-06-23 15:45:47.843 | INFO     | __main__:on_train_batch_end:39 - Epoch 0, Step 260: train_loss = 9.5824
2025-06-23 15:45:48.106 | INFO     | __main__:on_train_batch_end:39 - Epoch 0, Step 261: train_loss = 15.9207
2025-06-23 15:45:48.373 | INFO     | __main__:on_train_batch_end:39 - Epoch 0, Step 262: train_loss = 17.8781
2025-06-23 15:45:48.636 | INFO     | __main__:on_train_batch_end:39 - Epoch 0, Step 263: train_loss = 5.5909
2025-06-23 15:45:48.901 | INFO     | __main__:on_train_batch_end:39 - Epoch 0, Step 264: train_loss = 3.6211
2025-06-23 15:45:49.162 | INFO     | __main__:on_train_batch_end:39 - Epoch 0, Step 265: train_loss = 4.3434
2025-06-23 15:45:49.423 | INFO     | __main__:on_train_batch_end:39 - Epoch 0, Step 266: train_loss = 8.2609
2025-06-23 15:45:49.686 | INFO     | __main__:on_train_batch_end:39 - Epoch 0, Step 267: train_loss = 4.8500
2025-06-23 15:45:49.949 | INFO     | __main__:on_train_batch_end:39 - Epoch 0, Step 268: train_loss = 3.6882
2025-06-23 15:45:50.211 | INFO     | __main__:on_train_batch_end:39 - Epoch 0, Step 269: train_loss = 6.1794
2025-06-23 15:45:50.475 | INFO     | __main__:on_train_batch_end:39 - Epoch 0, Step 270: train_loss = 24.1996
2025-06-23 15:45:50.737 | INFO     | __main__:on_train_batch_end:39 - Epoch 0, Step 271: train_loss = 33.3160
2025-06-23 15:45:50.998 | INFO     | __main__:on_train_batch_end:39 - Epoch 0, Step 272: train_loss = 4.6128
2025-06-23 15:45:51.259 | INFO     | __main__:on_train_batch_end:39 - Epoch 0, Step 273: train_loss = 4.2533
2025-06-23 15:45:51.526 | INFO     | __main__:on_train_batch_end:39 - Epoch 0, Step 274: train_loss = 8.1145
2025-06-23 15:45:51.790 | INFO     | __main__:on_train_batch_end:39 - Epoch 0, Step 275: train_loss = 19.4640
2025-06-23 15:45:52.052 | INFO     | __main__:on_train_batch_end:39 - Epoch 0, Step 276: train_loss = 13.2154
2025-06-23 15:45:52.313 | INFO     | __main__:on_train_batch_end:39 - Epoch 0, Step 277: train_loss = 4.7352
2025-06-23 15:45:52.576 | INFO     | __main__:on_train_batch_end:39 - Epoch 0, Step 278: train_loss = 7.0844
2025-06-23 15:45:52.838 | INFO     | __main__:on_train_batch_end:39 - Epoch 0, Step 279: train_loss = 15.4878
2025-06-23 15:45:53.098 | INFO     | __main__:on_train_batch_end:39 - Epoch 0, Step 280: train_loss = 4.2805
2025-06-23 15:45:53.358 | INFO     | __main__:on_train_batch_end:39 - Epoch 0, Step 281: train_loss = 4.0598
2025-06-23 15:45:53.620 | INFO     | __main__:on_train_batch_end:39 - Epoch 0, Step 282: train_loss = 7.4273
2025-06-23 15:45:53.881 | INFO     | __main__:on_train_batch_end:39 - Epoch 0, Step 283: train_loss = 15.2531
2025-06-23 15:45:54.142 | INFO     | __main__:on_train_batch_end:39 - Epoch 0, Step 284: train_loss = 16.5021
2025-06-23 15:45:54.408 | INFO     | __main__:on_train_batch_end:39 - Epoch 0, Step 285: train_loss = 11.7716
2025-06-23 15:45:54.671 | INFO     | __main__:on_train_batch_end:39 - Epoch 0, Step 286: train_loss = 16.6199
2025-06-23 15:45:54.935 | INFO     | __main__:on_train_batch_end:39 - Epoch 0, Step 287: train_loss = 22.4702
2025-06-23 15:45:55.196 | INFO     | __main__:on_train_batch_end:39 - Epoch 0, Step 288: train_loss = 15.7185
2025-06-23 15:45:55.456 | INFO     | __main__:on_train_batch_end:39 - Epoch 0, Step 289: train_loss = 8.2810
2025-06-23 15:45:55.727 | INFO     | __main__:on_train_batch_end:39 - Epoch 0, Step 290: train_loss = 7.5111
2025-06-23 15:45:55.989 | INFO     | __main__:on_train_batch_end:39 - Epoch 0, Step 291: train_loss = 3.6599
2025-06-23 15:45:56.251 | INFO     | __main__:on_train_batch_end:39 - Epoch 0, Step 292: train_loss = 25.6256
2025-06-23 15:45:56.513 | INFO     | __main__:on_train_batch_end:39 - Epoch 0, Step 293: train_loss = 5.9043
2025-06-23 15:45:56.777 | INFO     | __main__:on_train_batch_end:39 - Epoch 0, Step 294: train_loss = 3.7650
2025-06-23 15:45:57.038 | INFO     | __main__:on_train_batch_end:39 - Epoch 0, Step 295: train_loss = 4.0201
2025-06-23 15:45:57.301 | INFO     | __main__:on_train_batch_end:39 - Epoch 0, Step 296: train_loss = 23.3529
2025-06-23 15:45:57.563 | INFO     | __main__:on_train_batch_end:39 - Epoch 0, Step 297: train_loss = 3.8766
2025-06-23 15:45:57.832 | INFO     | __main__:on_train_batch_end:39 - Epoch 0, Step 298: train_loss = 6.7292
2025-06-23 15:45:58.095 | INFO     | __main__:on_train_batch_end:39 - Epoch 0, Step 299: train_loss = 24.3574
2025-06-23 15:45:58.357 | INFO     | __main__:on_train_batch_end:39 - Epoch 0, Step 300: train_loss = 12.3702
2025-06-23 15:45:58.620 | INFO     | __main__:on_train_batch_end:39 - Epoch 0, Step 301: train_loss = 5.8773
2025-06-23 15:45:58.885 | INFO     | __main__:on_train_batch_end:39 - Epoch 0, Step 302: train_loss = 14.2605
2025-06-23 15:45:59.147 | INFO     | __main__:on_train_batch_end:39 - Epoch 0, Step 303: train_loss = 4.5047
2025-06-23 15:45:59.409 | INFO     | __main__:on_train_batch_end:39 - Epoch 0, Step 304: train_loss = 3.6734
2025-06-23 15:45:59.670 | INFO     | __main__:on_train_batch_end:39 - Epoch 0, Step 305: train_loss = 22.8140
2025-06-23 15:45:59.934 | INFO     | __main__:on_train_batch_end:39 - Epoch 0, Step 306: train_loss = 3.6585
2025-06-23 15:46:00.193 | INFO     | __main__:on_train_batch_end:39 - Epoch 0, Step 307: train_loss = 4.3702
2025-06-23 15:46:00.459 | INFO     | __main__:on_train_batch_end:39 - Epoch 0, Step 308: train_loss = 9.0356
2025-06-23 15:46:00.719 | INFO     | __main__:on_train_batch_end:39 - Epoch 0, Step 309: train_loss = 4.3925
2025-06-23 15:46:00.981 | INFO     | __main__:on_train_batch_end:39 - Epoch 0, Step 310: train_loss = 3.5971
2025-06-23 15:46:01.243 | INFO     | __main__:on_train_batch_end:39 - Epoch 0, Step 311: train_loss = 14.5625
2025-06-23 15:46:01.506 | INFO     | __main__:on_train_batch_end:39 - Epoch 0, Step 312: train_loss = 28.9803
2025-06-23 15:46:01.766 | INFO     | __main__:on_train_batch_end:39 - Epoch 0, Step 313: train_loss = 4.0968
2025-06-23 15:46:02.027 | INFO     | __main__:on_train_batch_end:39 - Epoch 0, Step 314: train_loss = 4.5040
2025-06-23 15:46:02.289 | INFO     | __main__:on_train_batch_end:39 - Epoch 0, Step 315: train_loss = 7.0226
2025-06-23 15:46:02.550 | INFO     | __main__:on_train_batch_end:39 - Epoch 0, Step 316: train_loss = 21.8031
2025-06-23 15:46:02.811 | INFO     | __main__:on_train_batch_end:39 - Epoch 0, Step 317: train_loss = 11.5853
2025-06-23 15:46:03.072 | INFO     | __main__:on_train_batch_end:39 - Epoch 0, Step 318: train_loss = 4.4691
2025-06-23 15:46:03.333 | INFO     | __main__:on_train_batch_end:39 - Epoch 0, Step 319: train_loss = 7.8459
2025-06-23 15:46:03.595 | INFO     | __main__:on_train_batch_end:39 - Epoch 0, Step 320: train_loss = 9.8448
2025-06-23 15:46:03.856 | INFO     | __main__:on_train_batch_end:39 - Epoch 0, Step 321: train_loss = 8.1840
2025-06-23 15:46:04.119 | INFO     | __main__:on_train_batch_end:39 - Epoch 0, Step 322: train_loss = 18.5130
2025-06-23 15:46:04.382 | INFO     | __main__:on_train_batch_end:39 - Epoch 0, Step 323: train_loss = 32.9332
2025-06-23 15:46:04.642 | INFO     | __main__:on_train_batch_end:39 - Epoch 0, Step 324: train_loss = 3.6236
2025-06-23 15:46:04.903 | INFO     | __main__:on_train_batch_end:39 - Epoch 0, Step 325: train_loss = 3.6935
2025-06-23 15:46:05.164 | INFO     | __main__:on_train_batch_end:39 - Epoch 0, Step 326: train_loss = 4.6006
2025-06-23 15:46:05.423 | INFO     | __main__:on_train_batch_end:39 - Epoch 0, Step 327: train_loss = 13.4570
2025-06-23 15:46:05.685 | INFO     | __main__:on_train_batch_end:39 - Epoch 0, Step 328: train_loss = 11.3168
2025-06-23 15:46:05.945 | INFO     | __main__:on_train_batch_end:39 - Epoch 0, Step 329: train_loss = 3.6564
2025-06-23 15:46:06.206 | INFO     | __main__:on_train_batch_end:39 - Epoch 0, Step 330: train_loss = 9.1638
2025-06-23 15:46:06.471 | INFO     | __main__:on_train_batch_end:39 - Epoch 0, Step 331: train_loss = 4.0037
2025-06-23 15:46:06.732 | INFO     | __main__:on_train_batch_end:39 - Epoch 0, Step 332: train_loss = 3.5761
2025-06-23 15:46:07.002 | INFO     | __main__:on_train_batch_end:39 - Epoch 0, Step 333: train_loss = 3.7998
2025-06-23 15:46:07.266 | INFO     | __main__:on_train_batch_end:39 - Epoch 0, Step 334: train_loss = 3.7480
2025-06-23 15:46:07.525 | INFO     | __main__:on_train_batch_end:39 - Epoch 0, Step 335: train_loss = 4.3678
2025-06-23 15:46:07.787 | INFO     | __main__:on_train_batch_end:39 - Epoch 0, Step 336: train_loss = 14.1318
2025-06-23 15:46:08.047 | INFO     | __main__:on_train_batch_end:39 - Epoch 0, Step 337: train_loss = 4.6619
2025-06-23 15:46:08.309 | INFO     | __main__:on_train_batch_end:39 - Epoch 0, Step 338: train_loss = 4.6640
2025-06-23 15:46:08.571 | INFO     | __main__:on_train_batch_end:39 - Epoch 0, Step 339: train_loss = 25.6237
2025-06-23 15:46:08.832 | INFO     | __main__:on_train_batch_end:39 - Epoch 0, Step 340: train_loss = 7.3842
2025-06-23 15:46:09.092 | INFO     | __main__:on_train_batch_end:39 - Epoch 0, Step 341: train_loss = 8.8799
2025-06-23 15:46:09.354 | INFO     | __main__:on_train_batch_end:39 - Epoch 0, Step 342: train_loss = 8.5354
2025-06-23 15:46:09.621 | INFO     | __main__:on_train_batch_end:39 - Epoch 0, Step 343: train_loss = 4.8060
2025-06-23 15:46:09.885 | INFO     | __main__:on_train_batch_end:39 - Epoch 0, Step 344: train_loss = 18.1873
2025-06-23 15:46:10.148 | INFO     | __main__:on_train_batch_end:39 - Epoch 0, Step 345: train_loss = 7.9149
2025-06-23 15:46:10.408 | INFO     | __main__:on_train_batch_end:39 - Epoch 0, Step 346: train_loss = 3.7583
2025-06-23 15:46:10.667 | INFO     | __main__:on_train_batch_end:39 - Epoch 0, Step 347: train_loss = 4.0381
2025-06-23 15:46:10.932 | INFO     | __main__:on_train_batch_end:39 - Epoch 0, Step 348: train_loss = 6.3620
2025-06-23 15:46:11.192 | INFO     | __main__:on_train_batch_end:39 - Epoch 0, Step 349: train_loss = 3.6901
2025-06-23 15:46:11.454 | INFO     | __main__:on_train_batch_end:39 - Epoch 0, Step 350: train_loss = 4.0669
2025-06-23 15:46:11.715 | INFO     | __main__:on_train_batch_end:39 - Epoch 0, Step 351: train_loss = 3.5545
2025-06-23 15:46:11.978 | INFO     | __main__:on_train_batch_end:39 - Epoch 0, Step 352: train_loss = 3.6039
2025-06-23 15:46:12.238 | INFO     | __main__:on_train_batch_end:39 - Epoch 0, Step 353: train_loss = 5.0155
2025-06-23 15:46:12.503 | INFO     | __main__:on_train_batch_end:39 - Epoch 0, Step 354: train_loss = 5.7581
2025-06-23 15:46:12.765 | INFO     | __main__:on_train_batch_end:39 - Epoch 0, Step 355: train_loss = 4.3659
2025-06-23 15:46:13.028 | INFO     | __main__:on_train_batch_end:39 - Epoch 0, Step 356: train_loss = 16.1189
2025-06-23 15:46:13.290 | INFO     | __main__:on_train_batch_end:39 - Epoch 0, Step 357: train_loss = 11.0350
2025-06-23 15:46:13.552 | INFO     | __main__:on_train_batch_end:39 - Epoch 0, Step 358: train_loss = 3.7947
2025-06-23 15:46:13.814 | INFO     | __main__:on_train_batch_end:39 - Epoch 0, Step 359: train_loss = 7.0829
2025-06-23 15:46:14.075 | INFO     | __main__:on_train_batch_end:39 - Epoch 0, Step 360: train_loss = 15.3974
2025-06-23 15:46:14.337 | INFO     | __main__:on_train_batch_end:39 - Epoch 0, Step 361: train_loss = 4.1857
2025-06-23 15:46:14.691 | INFO     | __main__:on_train_batch_end:39 - Epoch 0, Step 362: train_loss = 19.3014
2025-06-23 15:46:14.952 | INFO     | __main__:on_train_batch_end:39 - Epoch 0, Step 363: train_loss = 3.6360
2025-06-23 15:46:15.214 | INFO     | __main__:on_train_batch_end:39 - Epoch 0, Step 364: train_loss = 3.7793
2025-06-23 15:46:15.481 | INFO     | __main__:on_train_batch_end:39 - Epoch 0, Step 365: train_loss = 4.4874
2025-06-23 15:46:15.742 | INFO     | __main__:on_train_batch_end:39 - Epoch 0, Step 366: train_loss = 4.2065
2025-06-23 15:46:16.004 | INFO     | __main__:on_train_batch_end:39 - Epoch 0, Step 367: train_loss = 6.8553
2025-06-23 15:46:16.269 | INFO     | __main__:on_train_batch_end:39 - Epoch 0, Step 368: train_loss = 10.3013
2025-06-23 15:46:16.533 | INFO     | __main__:on_train_batch_end:39 - Epoch 0, Step 369: train_loss = 3.6851
2025-06-23 15:46:16.793 | INFO     | __main__:on_train_batch_end:39 - Epoch 0, Step 370: train_loss = 6.2593
2025-06-23 15:46:17.056 | INFO     | __main__:on_train_batch_end:39 - Epoch 0, Step 371: train_loss = 17.9931
2025-06-23 15:46:17.318 | INFO     | __main__:on_train_batch_end:39 - Epoch 0, Step 372: train_loss = 25.3659
2025-06-23 15:46:17.581 | INFO     | __main__:on_train_batch_end:39 - Epoch 0, Step 373: train_loss = 4.9318
2025-06-23 15:46:17.843 | INFO     | __main__:on_train_batch_end:39 - Epoch 0, Step 374: train_loss = 5.6518
2025-06-23 15:46:18.103 | INFO     | __main__:on_train_batch_end:39 - Epoch 0, Step 375: train_loss = 6.0686
2025-06-23 15:46:18.364 | INFO     | __main__:on_train_batch_end:39 - Epoch 0, Step 376: train_loss = 6.7432
2025-06-23 15:46:18.629 | INFO     | __main__:on_train_batch_end:39 - Epoch 0, Step 377: train_loss = 9.4517
2025-06-23 15:46:18.889 | INFO     | __main__:on_train_batch_end:39 - Epoch 0, Step 378: train_loss = 3.9602
2025-06-23 15:46:19.151 | INFO     | __main__:on_train_batch_end:39 - Epoch 0, Step 379: train_loss = 4.3887
2025-06-23 15:46:19.413 | INFO     | __main__:on_train_batch_end:39 - Epoch 0, Step 380: train_loss = 16.1108
2025-06-23 15:46:19.677 | INFO     | __main__:on_train_batch_end:39 - Epoch 0, Step 381: train_loss = 12.1778
2025-06-23 15:46:19.937 | INFO     | __main__:on_train_batch_end:39 - Epoch 0, Step 382: train_loss = 6.7561
2025-06-23 15:46:20.197 | INFO     | __main__:on_train_batch_end:39 - Epoch 0, Step 383: train_loss = 5.3665
2025-06-23 15:46:20.458 | INFO     | __main__:on_train_batch_end:39 - Epoch 0, Step 384: train_loss = 11.5003
2025-06-23 15:46:20.730 | INFO     | __main__:on_train_batch_end:39 - Epoch 0, Step 385: train_loss = 13.1533
2025-06-23 15:46:20.989 | INFO     | __main__:on_train_batch_end:39 - Epoch 0, Step 386: train_loss = 3.9255
2025-06-23 15:46:21.249 | INFO     | __main__:on_train_batch_end:39 - Epoch 0, Step 387: train_loss = 3.9472
2025-06-23 15:46:21.515 | INFO     | __main__:on_train_batch_end:39 - Epoch 0, Step 388: train_loss = 6.1446
2025-06-23 15:46:21.779 | INFO     | __main__:on_train_batch_end:39 - Epoch 0, Step 389: train_loss = 9.4272
2025-06-23 15:46:22.039 | INFO     | __main__:on_train_batch_end:39 - Epoch 0, Step 390: train_loss = 9.7531
2025-06-23 15:46:22.302 | INFO     | __main__:on_train_batch_end:39 - Epoch 0, Step 391: train_loss = 3.8562
2025-06-23 15:46:22.563 | INFO     | __main__:on_train_batch_end:39 - Epoch 0, Step 392: train_loss = 4.1519
2025-06-23 15:46:22.823 | INFO     | __main__:on_train_batch_end:39 - Epoch 0, Step 393: train_loss = 7.2692
2025-06-23 15:46:23.086 | INFO     | __main__:on_train_batch_end:39 - Epoch 0, Step 394: train_loss = 9.7591
2025-06-23 15:46:23.351 | INFO     | __main__:on_train_batch_end:39 - Epoch 0, Step 395: train_loss = 7.2464
2025-06-23 15:46:23.614 | INFO     | __main__:on_train_batch_end:39 - Epoch 0, Step 396: train_loss = 17.2485
2025-06-23 15:46:23.875 | INFO     | __main__:on_train_batch_end:39 - Epoch 0, Step 397: train_loss = 5.3945
2025-06-23 15:46:24.137 | INFO     | __main__:on_train_batch_end:39 - Epoch 0, Step 398: train_loss = 17.0662
2025-06-23 15:46:24.402 | INFO     | __main__:on_train_batch_end:39 - Epoch 0, Step 399: train_loss = 5.0007
2025-06-23 15:46:24.663 | INFO     | __main__:on_train_batch_end:39 - Epoch 0, Step 400: train_loss = 4.7662
2025-06-23 15:46:24.925 | INFO     | __main__:on_train_batch_end:39 - Epoch 0, Step 401: train_loss = 8.1975
2025-06-23 15:46:25.188 | INFO     | __main__:on_train_batch_end:39 - Epoch 0, Step 402: train_loss = 5.2369
2025-06-23 15:46:25.449 | INFO     | __main__:on_train_batch_end:39 - Epoch 0, Step 403: train_loss = 5.3042
2025-06-23 15:46:25.711 | INFO     | __main__:on_train_batch_end:39 - Epoch 0, Step 404: train_loss = 6.8976
2025-06-23 15:46:25.978 | INFO     | __main__:on_train_batch_end:39 - Epoch 0, Step 405: train_loss = 9.2197
2025-06-23 15:46:26.238 | INFO     | __main__:on_train_batch_end:39 - Epoch 0, Step 406: train_loss = 16.7764
2025-06-23 15:46:26.500 | INFO     | __main__:on_train_batch_end:39 - Epoch 0, Step 407: train_loss = 6.1744
2025-06-23 15:46:26.762 | INFO     | __main__:on_train_batch_end:39 - Epoch 0, Step 408: train_loss = 13.7285
2025-06-23 15:46:27.031 | INFO     | __main__:on_train_batch_end:39 - Epoch 0, Step 409: train_loss = 3.9950
2025-06-23 15:46:27.295 | INFO     | __main__:on_train_batch_end:39 - Epoch 0, Step 410: train_loss = 7.9770
2025-06-23 15:46:27.558 | INFO     | __main__:on_train_batch_end:39 - Epoch 0, Step 411: train_loss = 15.7970
2025-06-23 15:46:27.821 | INFO     | __main__:on_train_batch_end:39 - Epoch 0, Step 412: train_loss = 26.2853
2025-06-23 15:46:28.082 | INFO     | __main__:on_train_batch_end:39 - Epoch 0, Step 413: train_loss = 7.4811
2025-06-23 15:46:28.345 | INFO     | __main__:on_train_batch_end:39 - Epoch 0, Step 414: train_loss = 6.8101
2025-06-23 15:46:28.606 | INFO     | __main__:on_train_batch_end:39 - Epoch 0, Step 415: train_loss = 5.4760
2025-06-23 15:46:28.868 | INFO     | __main__:on_train_batch_end:39 - Epoch 0, Step 416: train_loss = 37.7426
2025-06-23 15:46:29.131 | INFO     | __main__:on_train_batch_end:39 - Epoch 0, Step 417: train_loss = 7.1363
2025-06-23 15:46:29.392 | INFO     | __main__:on_train_batch_end:39 - Epoch 0, Step 418: train_loss = 4.0236
2025-06-23 15:46:29.653 | INFO     | __main__:on_train_batch_end:39 - Epoch 0, Step 419: train_loss = 5.3287
2025-06-23 15:46:29.916 | INFO     | __main__:on_train_batch_end:39 - Epoch 0, Step 420: train_loss = 17.2109
2025-06-23 15:46:30.178 | INFO     | __main__:on_train_batch_end:39 - Epoch 0, Step 421: train_loss = 4.0824
2025-06-23 15:46:30.443 | INFO     | __main__:on_train_batch_end:39 - Epoch 0, Step 422: train_loss = 9.3166
2025-06-23 15:46:30.703 | INFO     | __main__:on_train_batch_end:39 - Epoch 0, Step 423: train_loss = 4.7727
2025-06-23 15:46:30.968 | INFO     | __main__:on_train_batch_end:39 - Epoch 0, Step 424: train_loss = 21.7550
2025-06-23 15:46:31.230 | INFO     | __main__:on_train_batch_end:39 - Epoch 0, Step 425: train_loss = 10.0124
2025-06-23 15:46:31.492 | INFO     | __main__:on_train_batch_end:39 - Epoch 0, Step 426: train_loss = 22.2074
2025-06-23 15:46:31.754 | INFO     | __main__:on_train_batch_end:39 - Epoch 0, Step 427: train_loss = 11.7626
2025-06-23 15:46:32.018 | INFO     | __main__:on_train_batch_end:39 - Epoch 0, Step 428: train_loss = 21.1133
2025-06-23 15:46:32.280 | INFO     | __main__:on_train_batch_end:39 - Epoch 0, Step 429: train_loss = 15.6303
2025-06-23 15:46:32.544 | INFO     | __main__:on_train_batch_end:39 - Epoch 0, Step 430: train_loss = 5.4529
2025-06-23 15:46:32.805 | INFO     | __main__:on_train_batch_end:39 - Epoch 0, Step 431: train_loss = 3.7707
2025-06-23 15:46:33.067 | INFO     | __main__:on_train_batch_end:39 - Epoch 0, Step 432: train_loss = 17.6251
2025-06-23 15:46:33.328 | INFO     | __main__:on_train_batch_end:39 - Epoch 0, Step 433: train_loss = 4.6318
2025-06-23 15:46:33.592 | INFO     | __main__:on_train_batch_end:39 - Epoch 0, Step 434: train_loss = 4.4606
2025-06-23 15:46:33.856 | INFO     | __main__:on_train_batch_end:39 - Epoch 0, Step 435: train_loss = 5.6402
2025-06-23 15:46:34.118 | INFO     | __main__:on_train_batch_end:39 - Epoch 0, Step 436: train_loss = 3.6804
2025-06-23 15:46:34.379 | INFO     | __main__:on_train_batch_end:39 - Epoch 0, Step 437: train_loss = 5.1764
2025-06-23 15:46:34.639 | INFO     | __main__:on_train_batch_end:39 - Epoch 0, Step 438: train_loss = 3.7012
2025-06-23 15:46:34.901 | INFO     | __main__:on_train_batch_end:39 - Epoch 0, Step 439: train_loss = 6.3571
2025-06-23 15:46:35.162 | INFO     | __main__:on_train_batch_end:39 - Epoch 0, Step 440: train_loss = 3.8294
2025-06-23 15:46:35.423 | INFO     | __main__:on_train_batch_end:39 - Epoch 0, Step 441: train_loss = 4.6128
2025-06-23 15:46:35.684 | INFO     | __main__:on_train_batch_end:39 - Epoch 0, Step 442: train_loss = 10.2106
2025-06-23 15:46:35.947 | INFO     | __main__:on_train_batch_end:39 - Epoch 0, Step 443: train_loss = 4.0770
2025-06-23 15:46:36.209 | INFO     | __main__:on_train_batch_end:39 - Epoch 0, Step 444: train_loss = 4.6515
2025-06-23 15:46:36.475 | INFO     | __main__:on_train_batch_end:39 - Epoch 0, Step 445: train_loss = 6.5819
2025-06-23 15:46:36.747 | INFO     | __main__:on_train_batch_end:39 - Epoch 0, Step 446: train_loss = 7.1707
2025-06-23 15:46:37.008 | INFO     | __main__:on_train_batch_end:39 - Epoch 0, Step 447: train_loss = 23.5939
2025-06-23 15:46:37.270 | INFO     | __main__:on_train_batch_end:39 - Epoch 0, Step 448: train_loss = 7.7768
2025-06-23 15:46:37.532 | INFO     | __main__:on_train_batch_end:39 - Epoch 0, Step 449: train_loss = 3.8527
2025-06-23 15:46:37.793 | INFO     | __main__:on_train_batch_end:39 - Epoch 0, Step 450: train_loss = 4.1863
2025-06-23 15:46:38.060 | INFO     | __main__:on_train_batch_end:39 - Epoch 0, Step 451: train_loss = 4.1201
2025-06-23 15:46:38.324 | INFO     | __main__:on_train_batch_end:39 - Epoch 0, Step 452: train_loss = 22.1039
2025-06-23 15:46:38.585 | INFO     | __main__:on_train_batch_end:39 - Epoch 0, Step 453: train_loss = 5.2586
2025-06-23 15:46:38.848 | INFO     | __main__:on_train_batch_end:39 - Epoch 0, Step 454: train_loss = 12.9086
2025-06-23 15:46:39.110 | INFO     | __main__:on_train_batch_end:39 - Epoch 0, Step 455: train_loss = 5.6932
2025-06-23 15:46:39.373 | INFO     | __main__:on_train_batch_end:39 - Epoch 0, Step 456: train_loss = 4.5194
2025-06-23 15:46:39.640 | INFO     | __main__:on_train_batch_end:39 - Epoch 0, Step 457: train_loss = 7.0546
2025-06-23 15:46:39.901 | INFO     | __main__:on_train_batch_end:39 - Epoch 0, Step 458: train_loss = 7.1793
2025-06-23 15:46:40.162 | INFO     | __main__:on_train_batch_end:39 - Epoch 0, Step 459: train_loss = 6.5105
2025-06-23 15:46:40.424 | INFO     | __main__:on_train_batch_end:39 - Epoch 0, Step 460: train_loss = 4.6268
2025-06-23 15:46:40.688 | INFO     | __main__:on_train_batch_end:39 - Epoch 0, Step 461: train_loss = 26.4041
2025-06-23 15:46:40.949 | INFO     | __main__:on_train_batch_end:39 - Epoch 0, Step 462: train_loss = 7.6736
2025-06-23 15:46:41.212 | INFO     | __main__:on_train_batch_end:39 - Epoch 0, Step 463: train_loss = 27.1842
2025-06-23 15:46:41.474 | INFO     | __main__:on_train_batch_end:39 - Epoch 0, Step 464: train_loss = 10.1860
2025-06-23 15:46:41.737 | INFO     | __main__:on_train_batch_end:39 - Epoch 0, Step 465: train_loss = 13.9689
2025-06-23 15:46:41.999 | INFO     | __main__:on_train_batch_end:39 - Epoch 0, Step 466: train_loss = 5.7602
2025-06-23 15:46:42.259 | INFO     | __main__:on_train_batch_end:39 - Epoch 0, Step 467: train_loss = 5.4896
2025-06-23 15:46:42.527 | INFO     | __main__:on_train_batch_end:39 - Epoch 0, Step 468: train_loss = 3.5659
2025-06-23 15:46:42.788 | INFO     | __main__:on_train_batch_end:39 - Epoch 0, Step 469: train_loss = 3.6689
2025-06-23 15:46:43.048 | INFO     | __main__:on_train_batch_end:39 - Epoch 0, Step 470: train_loss = 3.6504
2025-06-23 15:46:43.312 | INFO     | __main__:on_train_batch_end:39 - Epoch 0, Step 471: train_loss = 14.8452
2025-06-23 15:46:43.575 | INFO     | __main__:on_train_batch_end:39 - Epoch 0, Step 472: train_loss = 15.5014
2025-06-23 15:46:43.837 | INFO     | __main__:on_train_batch_end:39 - Epoch 0, Step 473: train_loss = 3.8193
2025-06-23 15:46:44.101 | INFO     | __main__:on_train_batch_end:39 - Epoch 0, Step 474: train_loss = 6.1923
2025-06-23 15:46:44.363 | INFO     | __main__:on_train_batch_end:39 - Epoch 0, Step 475: train_loss = 3.7014
2025-06-23 15:46:44.628 | INFO     | __main__:on_train_batch_end:39 - Epoch 0, Step 476: train_loss = 19.3530
2025-06-23 15:46:44.890 | INFO     | __main__:on_train_batch_end:39 - Epoch 0, Step 477: train_loss = 4.4255
2025-06-23 15:46:45.150 | INFO     | __main__:on_train_batch_end:39 - Epoch 0, Step 478: train_loss = 8.3458
2025-06-23 15:46:45.413 | INFO     | __main__:on_train_batch_end:39 - Epoch 0, Step 479: train_loss = 3.8566
2025-06-23 15:46:45.677 | INFO     | __main__:on_train_batch_end:39 - Epoch 0, Step 480: train_loss = 3.6756
2025-06-23 15:46:45.940 | INFO     | __main__:on_train_batch_end:39 - Epoch 0, Step 481: train_loss = 4.1374
2025-06-23 15:46:46.202 | INFO     | __main__:on_train_batch_end:39 - Epoch 0, Step 482: train_loss = 6.1202
2025-06-23 15:46:46.465 | INFO     | __main__:on_train_batch_end:39 - Epoch 0, Step 483: train_loss = 11.4761
2025-06-23 15:46:46.728 | INFO     | __main__:on_train_batch_end:39 - Epoch 0, Step 484: train_loss = 8.8755
2025-06-23 15:46:46.990 | INFO     | __main__:on_train_batch_end:39 - Epoch 0, Step 485: train_loss = 5.4591
2025-06-23 15:46:47.254 | INFO     | __main__:on_train_batch_end:39 - Epoch 0, Step 486: train_loss = 9.5802
2025-06-23 15:46:47.513 | INFO     | __main__:on_train_batch_end:39 - Epoch 0, Step 487: train_loss = 8.3826
2025-06-23 15:46:47.773 | INFO     | __main__:on_train_batch_end:39 - Epoch 0, Step 488: train_loss = 20.1770
2025-06-23 15:46:48.037 | INFO     | __main__:on_train_batch_end:39 - Epoch 0, Step 489: train_loss = 19.3584
2025-06-23 15:46:48.298 | INFO     | __main__:on_train_batch_end:39 - Epoch 0, Step 490: train_loss = 4.1544
2025-06-23 15:46:48.560 | INFO     | __main__:on_train_batch_end:39 - Epoch 0, Step 491: train_loss = 3.9007
2025-06-23 15:46:48.826 | INFO     | __main__:on_train_batch_end:39 - Epoch 0, Step 492: train_loss = 4.1839
2025-06-23 15:46:49.089 | INFO     | __main__:on_train_batch_end:39 - Epoch 0, Step 493: train_loss = 7.8607
2025-06-23 15:46:49.351 | INFO     | __main__:on_train_batch_end:39 - Epoch 0, Step 494: train_loss = 5.8484
2025-06-23 15:46:49.614 | INFO     | __main__:on_train_batch_end:39 - Epoch 0, Step 495: train_loss = 13.6299
2025-06-23 15:46:49.874 | INFO     | __main__:on_train_batch_end:39 - Epoch 0, Step 496: train_loss = 12.5146
2025-06-23 15:46:50.136 | INFO     | __main__:on_train_batch_end:39 - Epoch 0, Step 497: train_loss = 7.3835
2025-06-23 15:46:50.398 | INFO     | __main__:on_train_batch_end:39 - Epoch 0, Step 498: train_loss = 7.2587
2025-06-23 15:46:50.659 | INFO     | __main__:on_train_batch_end:39 - Epoch 0, Step 499: train_loss = 4.2085
2025-06-23 15:46:50.924 | INFO     | __main__:on_train_batch_end:39 - Epoch 0, Step 500: train_loss = 4.2904
2025-06-23 15:46:51.187 | INFO     | __main__:on_train_batch_end:39 - Epoch 0, Step 501: train_loss = 3.8622
2025-06-23 15:46:51.452 | INFO     | __main__:on_train_batch_end:39 - Epoch 0, Step 502: train_loss = 3.6750
2025-06-23 15:46:51.714 | INFO     | __main__:on_train_batch_end:39 - Epoch 0, Step 503: train_loss = 24.5841
2025-06-23 15:46:51.975 | INFO     | __main__:on_train_batch_end:39 - Epoch 0, Step 504: train_loss = 3.8959
2025-06-23 15:46:52.245 | INFO     | __main__:on_train_batch_end:39 - Epoch 0, Step 505: train_loss = 4.2910
2025-06-23 15:46:52.505 | INFO     | __main__:on_train_batch_end:39 - Epoch 0, Step 506: train_loss = 6.2365
2025-06-23 15:46:52.766 | INFO     | __main__:on_train_batch_end:39 - Epoch 0, Step 507: train_loss = 3.8031
2025-06-23 15:46:53.030 | INFO     | __main__:on_train_batch_end:39 - Epoch 0, Step 508: train_loss = 16.2875
2025-06-23 15:46:53.292 | INFO     | __main__:on_train_batch_end:39 - Epoch 0, Step 509: train_loss = 6.7399
2025-06-23 15:46:53.555 | INFO     | __main__:on_train_batch_end:39 - Epoch 0, Step 510: train_loss = 16.5129
2025-06-23 15:46:53.818 | INFO     | __main__:on_train_batch_end:39 - Epoch 0, Step 511: train_loss = 10.4732
2025-06-23 15:46:54.077 | INFO     | __main__:on_train_batch_end:39 - Epoch 0, Step 512: train_loss = 6.9449
2025-06-23 15:46:54.341 | INFO     | __main__:on_train_batch_end:39 - Epoch 0, Step 513: train_loss = 12.4968
2025-06-23 15:46:54.604 | INFO     | __main__:on_train_batch_end:39 - Epoch 0, Step 514: train_loss = 4.8899
2025-06-23 15:46:54.865 | INFO     | __main__:on_train_batch_end:39 - Epoch 0, Step 515: train_loss = 6.4541
2025-06-23 15:46:55.130 | INFO     | __main__:on_train_batch_end:39 - Epoch 0, Step 516: train_loss = 23.9829
2025-06-23 15:46:55.390 | INFO     | __main__:on_train_batch_end:39 - Epoch 0, Step 517: train_loss = 10.7625
2025-06-23 15:46:55.662 | INFO     | __main__:on_train_batch_end:39 - Epoch 0, Step 518: train_loss = 4.4860
2025-06-23 15:46:55.925 | INFO     | __main__:on_train_batch_end:39 - Epoch 0, Step 519: train_loss = 6.5930
2025-06-23 15:46:56.188 | INFO     | __main__:on_train_batch_end:39 - Epoch 0, Step 520: train_loss = 4.2736
2025-06-23 15:46:56.451 | INFO     | __main__:on_train_batch_end:39 - Epoch 0, Step 521: train_loss = 6.8487
2025-06-23 15:46:56.715 | INFO     | __main__:on_train_batch_end:39 - Epoch 0, Step 522: train_loss = 5.6826
2025-06-23 15:46:56.975 | INFO     | __main__:on_train_batch_end:39 - Epoch 0, Step 523: train_loss = 6.7878
2025-06-23 15:46:57.237 | INFO     | __main__:on_train_batch_end:39 - Epoch 0, Step 524: train_loss = 3.6198
2025-06-23 15:46:57.505 | INFO     | __main__:on_train_batch_end:39 - Epoch 0, Step 525: train_loss = 11.8405
2025-06-23 15:46:57.766 | INFO     | __main__:on_train_batch_end:39 - Epoch 0, Step 526: train_loss = 3.8063
2025-06-23 15:46:58.028 | INFO     | __main__:on_train_batch_end:39 - Epoch 0, Step 527: train_loss = 3.8915
2025-06-23 15:46:58.291 | INFO     | __main__:on_train_batch_end:39 - Epoch 0, Step 528: train_loss = 8.9902
2025-06-23 15:46:58.554 | INFO     | __main__:on_train_batch_end:39 - Epoch 0, Step 529: train_loss = 22.0842
2025-06-23 15:46:58.817 | INFO     | __main__:on_train_batch_end:39 - Epoch 0, Step 530: train_loss = 4.0202
2025-06-23 15:46:59.080 | INFO     | __main__:on_train_batch_end:39 - Epoch 0, Step 531: train_loss = 6.8132
2025-06-23 15:46:59.342 | INFO     | __main__:on_train_batch_end:39 - Epoch 0, Step 532: train_loss = 8.0713
2025-06-23 15:46:59.604 | INFO     | __main__:on_train_batch_end:39 - Epoch 0, Step 533: train_loss = 4.3949
2025-06-23 15:46:59.965 | INFO     | __main__:on_train_batch_end:39 - Epoch 0, Step 534: train_loss = 5.6863
2025-06-23 15:47:00.227 | INFO     | __main__:on_train_batch_end:39 - Epoch 0, Step 535: train_loss = 4.0181
2025-06-23 15:47:00.492 | INFO     | __main__:on_train_batch_end:39 - Epoch 0, Step 536: train_loss = 4.0862
2025-06-23 15:47:00.755 | INFO     | __main__:on_train_batch_end:39 - Epoch 0, Step 537: train_loss = 4.4118
2025-06-23 15:47:01.018 | INFO     | __main__:on_train_batch_end:39 - Epoch 0, Step 538: train_loss = 5.8669
2025-06-23 15:47:01.287 | INFO     | __main__:on_train_batch_end:39 - Epoch 0, Step 539: train_loss = 9.0394
2025-06-23 15:47:01.553 | INFO     | __main__:on_train_batch_end:39 - Epoch 0, Step 540: train_loss = 3.6752
2025-06-23 15:47:01.819 | INFO     | __main__:on_train_batch_end:39 - Epoch 0, Step 541: train_loss = 14.8532
2025-06-23 15:47:02.089 | INFO     | __main__:on_train_batch_end:39 - Epoch 0, Step 542: train_loss = 13.4821
2025-06-23 15:47:02.354 | INFO     | __main__:on_train_batch_end:39 - Epoch 0, Step 543: train_loss = 3.7145
2025-06-23 15:47:02.622 | INFO     | __main__:on_train_batch_end:39 - Epoch 0, Step 544: train_loss = 8.4548
2025-06-23 15:47:02.899 | INFO     | __main__:on_train_batch_end:39 - Epoch 0, Step 545: train_loss = 10.1948
2025-06-23 15:47:03.176 | INFO     | __main__:on_train_batch_end:39 - Epoch 0, Step 546: train_loss = 10.6665
2025-06-23 15:47:03.449 | INFO     | __main__:on_train_batch_end:39 - Epoch 0, Step 547: train_loss = 8.6373
2025-06-23 15:47:03.714 | INFO     | __main__:on_train_batch_end:39 - Epoch 0, Step 548: train_loss = 3.6717
2025-06-23 15:47:03.980 | INFO     | __main__:on_train_batch_end:39 - Epoch 0, Step 549: train_loss = 10.3328
2025-06-23 15:47:04.247 | INFO     | __main__:on_train_batch_end:39 - Epoch 0, Step 550: train_loss = 13.3495
2025-06-23 15:47:04.518 | INFO     | __main__:on_train_batch_end:39 - Epoch 0, Step 551: train_loss = 4.4451
2025-06-23 15:47:04.797 | INFO     | __main__:on_train_batch_end:39 - Epoch 0, Step 552: train_loss = 4.5050
2025-06-23 15:47:05.075 | INFO     | __main__:on_train_batch_end:39 - Epoch 0, Step 553: train_loss = 25.1415
2025-06-23 15:47:05.359 | INFO     | __main__:on_train_batch_end:39 - Epoch 0, Step 554: train_loss = 17.2766
2025-06-23 15:47:05.629 | INFO     | __main__:on_train_batch_end:39 - Epoch 0, Step 555: train_loss = 15.9374
2025-06-23 15:47:05.911 | INFO     | __main__:on_train_batch_end:39 - Epoch 0, Step 556: train_loss = 9.2313
2025-06-23 15:47:06.192 | INFO     | __main__:on_train_batch_end:39 - Epoch 0, Step 557: train_loss = 8.1679
2025-06-23 15:47:06.477 | INFO     | __main__:on_train_batch_end:39 - Epoch 0, Step 558: train_loss = 5.3835
2025-06-23 15:47:06.757 | INFO     | __main__:on_train_batch_end:39 - Epoch 0, Step 559: train_loss = 4.1237
2025-06-23 15:47:07.035 | INFO     | __main__:on_train_batch_end:39 - Epoch 0, Step 560: train_loss = 8.9654
2025-06-23 15:47:07.302 | INFO     | __main__:on_train_batch_end:39 - Epoch 0, Step 561: train_loss = 14.5404
2025-06-23 15:47:07.567 | INFO     | __main__:on_train_batch_end:39 - Epoch 0, Step 562: train_loss = 5.1618
2025-06-23 15:47:07.833 | INFO     | __main__:on_train_batch_end:39 - Epoch 0, Step 563: train_loss = 7.9775
2025-06-23 15:47:08.096 | INFO     | __main__:on_train_batch_end:39 - Epoch 0, Step 564: train_loss = 24.7916
2025-06-23 15:47:08.369 | INFO     | __main__:on_train_batch_end:39 - Epoch 0, Step 565: train_loss = 10.8690
2025-06-23 15:47:08.631 | INFO     | __main__:on_train_batch_end:39 - Epoch 0, Step 566: train_loss = 9.5183
2025-06-23 15:47:08.894 | INFO     | __main__:on_train_batch_end:39 - Epoch 0, Step 567: train_loss = 6.9156
2025-06-23 15:47:09.156 | INFO     | __main__:on_train_batch_end:39 - Epoch 0, Step 568: train_loss = 15.8403
2025-06-23 15:47:09.423 | INFO     | __main__:on_train_batch_end:39 - Epoch 0, Step 569: train_loss = 5.1751
2025-06-23 15:47:09.687 | INFO     | __main__:on_train_batch_end:39 - Epoch 0, Step 570: train_loss = 6.7304
2025-06-23 15:47:09.949 | INFO     | __main__:on_train_batch_end:39 - Epoch 0, Step 571: train_loss = 17.8354
2025-06-23 15:47:10.213 | INFO     | __main__:on_train_batch_end:39 - Epoch 0, Step 572: train_loss = 3.7395
2025-06-23 15:47:10.474 | INFO     | __main__:on_train_batch_end:39 - Epoch 0, Step 573: train_loss = 3.5978
2025-06-23 15:47:10.737 | INFO     | __main__:on_train_batch_end:39 - Epoch 0, Step 574: train_loss = 6.0656
2025-06-23 15:47:11.000 | INFO     | __main__:on_train_batch_end:39 - Epoch 0, Step 575: train_loss = 16.3200
2025-06-23 15:47:11.268 | INFO     | __main__:on_train_batch_end:39 - Epoch 0, Step 576: train_loss = 4.4344
2025-06-23 15:47:11.533 | INFO     | __main__:on_train_batch_end:39 - Epoch 0, Step 577: train_loss = 6.3904
2025-06-23 15:47:11.793 | INFO     | __main__:on_train_batch_end:39 - Epoch 0, Step 578: train_loss = 3.6704
2025-06-23 15:47:12.055 | INFO     | __main__:on_train_batch_end:39 - Epoch 0, Step 579: train_loss = 3.6330
2025-06-23 15:47:12.321 | INFO     | __main__:on_train_batch_end:39 - Epoch 0, Step 580: train_loss = 3.5740
2025-06-23 15:47:12.593 | INFO     | __main__:on_train_batch_end:39 - Epoch 0, Step 581: train_loss = 9.1894
2025-06-23 15:47:12.866 | INFO     | __main__:on_train_batch_end:39 - Epoch 0, Step 582: train_loss = 9.8796
2025-06-23 15:47:13.135 | INFO     | __main__:on_train_batch_end:39 - Epoch 0, Step 583: train_loss = 7.1102
2025-06-23 15:47:13.411 | INFO     | __main__:on_train_batch_end:39 - Epoch 0, Step 584: train_loss = 4.1458
2025-06-23 15:47:13.696 | INFO     | __main__:on_train_batch_end:39 - Epoch 0, Step 585: train_loss = 4.6673
2025-06-23 15:47:13.965 | INFO     | __main__:on_train_batch_end:39 - Epoch 0, Step 586: train_loss = 5.8318
2025-06-23 15:47:14.233 | INFO     | __main__:on_train_batch_end:39 - Epoch 0, Step 587: train_loss = 3.9577
2025-06-23 15:47:14.515 | INFO     | __main__:on_train_batch_end:39 - Epoch 0, Step 588: train_loss = 4.2489
2025-06-23 15:47:14.805 | INFO     | __main__:on_train_batch_end:39 - Epoch 0, Step 589: train_loss = 5.0241
2025-06-23 15:47:15.083 | INFO     | __main__:on_train_batch_end:39 - Epoch 0, Step 590: train_loss = 7.4842
2025-06-23 15:47:15.358 | INFO     | __main__:on_train_batch_end:39 - Epoch 0, Step 591: train_loss = 3.6021
2025-06-23 15:47:15.629 | INFO     | __main__:on_train_batch_end:39 - Epoch 0, Step 592: train_loss = 16.6340
2025-06-23 15:47:15.892 | INFO     | __main__:on_train_batch_end:39 - Epoch 0, Step 593: train_loss = 8.0835
2025-06-23 15:47:16.152 | INFO     | __main__:on_train_batch_end:39 - Epoch 0, Step 594: train_loss = 3.5799
2025-06-23 15:47:16.407 | INFO     | __main__:on_train_batch_end:39 - Epoch 0, Step 595: train_loss = 4.4627
2025-06-23 15:47:16.665 | INFO     | __main__:on_train_batch_end:39 - Epoch 0, Step 596: train_loss = 4.4611
2025-06-23 15:47:16.920 | INFO     | __main__:on_train_batch_end:39 - Epoch 0, Step 597: train_loss = 5.9587
2025-06-23 15:47:17.183 | INFO     | __main__:on_train_batch_end:39 - Epoch 0, Step 598: train_loss = 18.1926
2025-06-23 15:47:17.448 | INFO     | __main__:on_train_batch_end:39 - Epoch 0, Step 599: train_loss = 13.6377
2025-06-23 15:47:17.704 | INFO     | __main__:on_train_batch_end:39 - Epoch 0, Step 600: train_loss = 13.2647
2025-06-23 15:47:17.974 | INFO     | __main__:on_train_batch_end:39 - Epoch 0, Step 601: train_loss = 6.2150
2025-06-23 15:47:18.233 | INFO     | __main__:on_train_batch_end:39 - Epoch 0, Step 602: train_loss = 19.2128
2025-06-23 15:47:18.502 | INFO     | __main__:on_train_batch_end:39 - Epoch 0, Step 603: train_loss = 6.1467
2025-06-23 15:47:18.768 | INFO     | __main__:on_train_batch_end:39 - Epoch 0, Step 604: train_loss = 3.5973
2025-06-23 15:47:19.026 | INFO     | __main__:on_train_batch_end:39 - Epoch 0, Step 605: train_loss = 22.2020
2025-06-23 15:47:19.283 | INFO     | __main__:on_train_batch_end:39 - Epoch 0, Step 606: train_loss = 5.1762
2025-06-23 15:47:19.540 | INFO     | __main__:on_train_batch_end:39 - Epoch 0, Step 607: train_loss = 4.3145
2025-06-23 15:47:19.797 | INFO     | __main__:on_train_batch_end:39 - Epoch 0, Step 608: train_loss = 9.9440
2025-06-23 15:47:20.054 | INFO     | __main__:on_train_batch_end:39 - Epoch 0, Step 609: train_loss = 9.1836
2025-06-23 15:47:20.311 | INFO     | __main__:on_train_batch_end:39 - Epoch 0, Step 610: train_loss = 13.8480
2025-06-23 15:47:20.566 | INFO     | __main__:on_train_batch_end:39 - Epoch 0, Step 611: train_loss = 17.1870
2025-06-23 15:47:20.822 | INFO     | __main__:on_train_batch_end:39 - Epoch 0, Step 612: train_loss = 6.6273
2025-06-23 15:47:21.078 | INFO     | __main__:on_train_batch_end:39 - Epoch 0, Step 613: train_loss = 4.9262
2025-06-23 15:47:21.333 | INFO     | __main__:on_train_batch_end:39 - Epoch 0, Step 614: train_loss = 3.8269
2025-06-23 15:47:21.594 | INFO     | __main__:on_train_batch_end:39 - Epoch 0, Step 615: train_loss = 11.0134
2025-06-23 15:47:21.852 | INFO     | __main__:on_train_batch_end:39 - Epoch 0, Step 616: train_loss = 8.9690
2025-06-23 15:47:22.106 | INFO     | __main__:on_train_batch_end:39 - Epoch 0, Step 617: train_loss = 7.2375
2025-06-23 15:47:22.362 | INFO     | __main__:on_train_batch_end:39 - Epoch 0, Step 618: train_loss = 16.0212
2025-06-23 15:47:22.619 | INFO     | __main__:on_train_batch_end:39 - Epoch 0, Step 619: train_loss = 25.3166
2025-06-23 15:47:22.875 | INFO     | __main__:on_train_batch_end:39 - Epoch 0, Step 620: train_loss = 4.2134
2025-06-23 15:47:23.131 | INFO     | __main__:on_train_batch_end:39 - Epoch 0, Step 621: train_loss = 5.0283
2025-06-23 15:47:23.385 | INFO     | __main__:on_train_batch_end:39 - Epoch 0, Step 622: train_loss = 9.8372
2025-06-23 15:47:23.642 | INFO     | __main__:on_train_batch_end:39 - Epoch 0, Step 623: train_loss = 11.5604
2025-06-23 15:47:23.900 | INFO     | __main__:on_train_batch_end:39 - Epoch 0, Step 624: train_loss = 5.2181
2025-06-23 15:47:24.157 | INFO     | __main__:on_train_batch_end:39 - Epoch 0, Step 625: train_loss = 3.7129
2025-06-23 15:47:24.416 | INFO     | __main__:on_train_batch_end:39 - Epoch 0, Step 626: train_loss = 3.9834
2025-06-23 15:47:24.673 | INFO     | __main__:on_train_batch_end:39 - Epoch 0, Step 627: train_loss = 14.0923
2025-06-23 15:47:24.932 | INFO     | __main__:on_train_batch_end:39 - Epoch 0, Step 628: train_loss = 8.4060
2025-06-23 15:47:25.189 | INFO     | __main__:on_train_batch_end:39 - Epoch 0, Step 629: train_loss = 4.0273
2025-06-23 15:47:25.449 | INFO     | __main__:on_train_batch_end:39 - Epoch 0, Step 630: train_loss = 9.9182
2025-06-23 15:47:25.710 | INFO     | __main__:on_train_batch_end:39 - Epoch 0, Step 631: train_loss = 4.7777
2025-06-23 15:47:25.967 | INFO     | __main__:on_train_batch_end:39 - Epoch 0, Step 632: train_loss = 11.6962
2025-06-23 15:47:26.225 | INFO     | __main__:on_train_batch_end:39 - Epoch 0, Step 633: train_loss = 19.7395
2025-06-23 15:47:26.481 | INFO     | __main__:on_train_batch_end:39 - Epoch 0, Step 634: train_loss = 5.1305
2025-06-23 15:47:26.737 | INFO     | __main__:on_train_batch_end:39 - Epoch 0, Step 635: train_loss = 5.7634
2025-06-23 15:47:27.000 | INFO     | __main__:on_train_batch_end:39 - Epoch 0, Step 636: train_loss = 7.0983
2025-06-23 15:47:27.256 | INFO     | __main__:on_train_batch_end:39 - Epoch 0, Step 637: train_loss = 7.3962
2025-06-23 15:47:27.526 | INFO     | __main__:on_train_batch_end:39 - Epoch 0, Step 638: train_loss = 26.5680
2025-06-23 15:47:27.786 | INFO     | __main__:on_train_batch_end:39 - Epoch 0, Step 639: train_loss = 3.5589
2025-06-23 15:47:28.053 | INFO     | __main__:on_train_batch_end:39 - Epoch 0, Step 640: train_loss = 4.0673
2025-06-23 15:47:28.327 | INFO     | __main__:on_train_batch_end:39 - Epoch 0, Step 641: train_loss = 15.3050
2025-06-23 15:47:28.596 | INFO     | __main__:on_train_batch_end:39 - Epoch 0, Step 642: train_loss = 14.8173
2025-06-23 15:47:28.868 | INFO     | __main__:on_train_batch_end:39 - Epoch 0, Step 643: train_loss = 8.7212
2025-06-23 15:47:29.144 | INFO     | __main__:on_train_batch_end:39 - Epoch 0, Step 644: train_loss = 5.1203
2025-06-23 15:47:29.422 | INFO     | __main__:on_train_batch_end:39 - Epoch 0, Step 645: train_loss = 7.1847
2025-06-23 15:47:29.700 | INFO     | __main__:on_train_batch_end:39 - Epoch 0, Step 646: train_loss = 11.7680
2025-06-23 15:47:29.983 | INFO     | __main__:on_train_batch_end:39 - Epoch 0, Step 647: train_loss = 7.9195
2025-06-23 15:47:30.257 | INFO     | __main__:on_train_batch_end:39 - Epoch 0, Step 648: train_loss = 11.6409
2025-06-23 15:47:30.524 | INFO     | __main__:on_train_batch_end:39 - Epoch 0, Step 649: train_loss = 12.2181
2025-06-23 15:47:30.793 | INFO     | __main__:on_train_batch_end:39 - Epoch 0, Step 650: train_loss = 5.2514
2025-06-23 15:47:31.057 | INFO     | __main__:on_train_batch_end:39 - Epoch 0, Step 651: train_loss = 6.5975
2025-06-23 15:47:31.329 | INFO     | __main__:on_train_batch_end:39 - Epoch 0, Step 652: train_loss = 3.8201
2025-06-23 15:47:31.596 | INFO     | __main__:on_train_batch_end:39 - Epoch 0, Step 653: train_loss = 5.2204
2025-06-23 15:47:31.889 | INFO     | __main__:on_train_batch_end:39 - Epoch 0, Step 654: train_loss = 8.6031
2025-06-23 15:47:32.146 | INFO     | __main__:on_train_batch_end:39 - Epoch 0, Step 655: train_loss = 4.8663
2025-06-23 15:47:32.407 | INFO     | __main__:on_train_batch_end:39 - Epoch 0, Step 656: train_loss = 21.8621
2025-06-23 15:47:32.678 | INFO     | __main__:on_train_batch_end:39 - Epoch 0, Step 657: train_loss = 3.6798
2025-06-23 15:47:32.947 | INFO     | __main__:on_train_batch_end:39 - Epoch 0, Step 658: train_loss = 14.4546
2025-06-23 15:47:33.220 | INFO     | __main__:on_train_batch_end:39 - Epoch 0, Step 659: train_loss = 3.8461
2025-06-23 15:47:33.489 | INFO     | __main__:on_train_batch_end:39 - Epoch 0, Step 660: train_loss = 3.6882
2025-06-23 15:47:33.755 | INFO     | __main__:on_train_batch_end:39 - Epoch 0, Step 661: train_loss = 3.6042
2025-06-23 15:47:34.012 | INFO     | __main__:on_train_batch_end:39 - Epoch 0, Step 662: train_loss = 3.7029
2025-06-23 15:47:34.279 | INFO     | __main__:on_train_batch_end:39 - Epoch 0, Step 663: train_loss = 21.8157
2025-06-23 15:47:34.538 | INFO     | __main__:on_train_batch_end:39 - Epoch 0, Step 664: train_loss = 13.6297
2025-06-23 15:47:34.793 | INFO     | __main__:on_train_batch_end:39 - Epoch 0, Step 665: train_loss = 7.0208
2025-06-23 15:47:35.049 | INFO     | __main__:on_train_batch_end:39 - Epoch 0, Step 666: train_loss = 3.9957
2025-06-23 15:47:35.305 | INFO     | __main__:on_train_batch_end:39 - Epoch 0, Step 667: train_loss = 3.8050
2025-06-23 15:47:35.568 | INFO     | __main__:on_train_batch_end:39 - Epoch 0, Step 668: train_loss = 4.5893
2025-06-23 15:47:35.830 | INFO     | __main__:on_train_batch_end:39 - Epoch 0, Step 669: train_loss = 7.6888
2025-06-23 15:47:36.089 | INFO     | __main__:on_train_batch_end:39 - Epoch 0, Step 670: train_loss = 14.4449
2025-06-23 15:47:36.354 | INFO     | __main__:on_train_batch_end:39 - Epoch 0, Step 671: train_loss = 4.3846
2025-06-23 15:47:36.611 | INFO     | __main__:on_train_batch_end:39 - Epoch 0, Step 672: train_loss = 4.5474
2025-06-23 15:47:36.868 | INFO     | __main__:on_train_batch_end:39 - Epoch 0, Step 673: train_loss = 9.6936
2025-06-23 15:47:37.125 | INFO     | __main__:on_train_batch_end:39 - Epoch 0, Step 674: train_loss = 3.8933
2025-06-23 15:47:37.383 | INFO     | __main__:on_train_batch_end:39 - Epoch 0, Step 675: train_loss = 4.0128
2025-06-23 15:47:37.640 | INFO     | __main__:on_train_batch_end:39 - Epoch 0, Step 676: train_loss = 17.0450
2025-06-23 15:47:37.897 | INFO     | __main__:on_train_batch_end:39 - Epoch 0, Step 677: train_loss = 10.1039
2025-06-23 15:47:38.154 | INFO     | __main__:on_train_batch_end:39 - Epoch 0, Step 678: train_loss = 14.6258
2025-06-23 15:47:38.412 | INFO     | __main__:on_train_batch_end:39 - Epoch 0, Step 679: train_loss = 3.9939
2025-06-23 15:47:38.669 | INFO     | __main__:on_train_batch_end:39 - Epoch 0, Step 680: train_loss = 4.6841
2025-06-23 15:47:38.926 | INFO     | __main__:on_train_batch_end:39 - Epoch 0, Step 681: train_loss = 9.8463
2025-06-23 15:47:39.185 | INFO     | __main__:on_train_batch_end:39 - Epoch 0, Step 682: train_loss = 6.3083
2025-06-23 15:47:39.444 | INFO     | __main__:on_train_batch_end:39 - Epoch 0, Step 683: train_loss = 4.5351
2025-06-23 15:47:39.701 | INFO     | __main__:on_train_batch_end:39 - Epoch 0, Step 684: train_loss = 13.9061
2025-06-23 15:47:39.957 | INFO     | __main__:on_train_batch_end:39 - Epoch 0, Step 685: train_loss = 10.7276
2025-06-23 15:47:40.214 | INFO     | __main__:on_train_batch_end:39 - Epoch 0, Step 686: train_loss = 5.3364
2025-06-23 15:47:40.470 | INFO     | __main__:on_train_batch_end:39 - Epoch 0, Step 687: train_loss = 3.5724
2025-06-23 15:47:40.727 | INFO     | __main__:on_train_batch_end:39 - Epoch 0, Step 688: train_loss = 6.2609
2025-06-23 15:47:40.987 | INFO     | __main__:on_train_batch_end:39 - Epoch 0, Step 689: train_loss = 8.6493
2025-06-23 15:47:41.244 | INFO     | __main__:on_train_batch_end:39 - Epoch 0, Step 690: train_loss = 13.7170
2025-06-23 15:47:41.500 | INFO     | __main__:on_train_batch_end:39 - Epoch 0, Step 691: train_loss = 3.9430
2025-06-23 15:47:41.759 | INFO     | __main__:on_train_batch_end:39 - Epoch 0, Step 692: train_loss = 15.2560
2025-06-23 15:47:42.017 | INFO     | __main__:on_train_batch_end:39 - Epoch 0, Step 693: train_loss = 6.1056
2025-06-23 15:47:42.272 | INFO     | __main__:on_train_batch_end:39 - Epoch 0, Step 694: train_loss = 5.0770
2025-06-23 15:47:42.534 | INFO     | __main__:on_train_batch_end:39 - Epoch 0, Step 695: train_loss = 8.6402
2025-06-23 15:47:42.790 | INFO     | __main__:on_train_batch_end:39 - Epoch 0, Step 696: train_loss = 7.3412
2025-06-23 15:47:43.073 | INFO     | __main__:on_train_batch_end:39 - Epoch 0, Step 697: train_loss = 16.3638
2025-06-23 15:47:43.335 | INFO     | __main__:on_train_batch_end:39 - Epoch 0, Step 698: train_loss = 5.4370
2025-06-23 15:47:43.598 | INFO     | __main__:on_train_batch_end:39 - Epoch 0, Step 699: train_loss = 3.6441
2025-06-23 15:47:43.860 | INFO     | __main__:on_train_batch_end:39 - Epoch 0, Step 700: train_loss = 8.4927
2025-06-23 15:47:44.117 | INFO     | __main__:on_train_batch_end:39 - Epoch 0, Step 701: train_loss = 8.7602
2025-06-23 15:47:44.372 | INFO     | __main__:on_train_batch_end:39 - Epoch 0, Step 702: train_loss = 5.3621
2025-06-23 15:47:44.628 | INFO     | __main__:on_train_batch_end:39 - Epoch 0, Step 703: train_loss = 3.5481
2025-06-23 15:47:44.884 | INFO     | __main__:on_train_batch_end:39 - Epoch 0, Step 704: train_loss = 3.9021
2025-06-23 15:47:45.149 | INFO     | __main__:on_train_batch_end:39 - Epoch 0, Step 705: train_loss = 13.8452
2025-06-23 15:47:45.529 | INFO     | __main__:on_train_batch_end:39 - Epoch 0, Step 706: train_loss = 7.1355
2025-06-23 15:47:45.793 | INFO     | __main__:on_train_batch_end:39 - Epoch 0, Step 707: train_loss = 4.4375
2025-06-23 15:47:46.049 | INFO     | __main__:on_train_batch_end:39 - Epoch 0, Step 708: train_loss = 4.7316
2025-06-23 15:47:46.303 | INFO     | __main__:on_train_batch_end:39 - Epoch 0, Step 709: train_loss = 7.3115
2025-06-23 15:47:46.560 | INFO     | __main__:on_train_batch_end:39 - Epoch 0, Step 710: train_loss = 18.1991
2025-06-23 15:47:46.826 | INFO     | __main__:on_train_batch_end:39 - Epoch 0, Step 711: train_loss = 3.8702
2025-06-23 15:47:47.088 | INFO     | __main__:on_train_batch_end:39 - Epoch 0, Step 712: train_loss = 3.8591
2025-06-23 15:47:47.347 | INFO     | __main__:on_train_batch_end:39 - Epoch 0, Step 713: train_loss = 3.5698
2025-06-23 15:47:47.605 | INFO     | __main__:on_train_batch_end:39 - Epoch 0, Step 714: train_loss = 5.9852
2025-06-23 15:47:47.861 | INFO     | __main__:on_train_batch_end:39 - Epoch 0, Step 715: train_loss = 4.6430
2025-06-23 15:47:48.116 | INFO     | __main__:on_train_batch_end:39 - Epoch 0, Step 716: train_loss = 11.6473
2025-06-23 15:47:48.373 | INFO     | __main__:on_train_batch_end:39 - Epoch 0, Step 717: train_loss = 17.2024
2025-06-23 15:47:48.637 | INFO     | __main__:on_train_batch_end:39 - Epoch 0, Step 718: train_loss = 5.4031
2025-06-23 15:47:48.900 | INFO     | __main__:on_train_batch_end:39 - Epoch 0, Step 719: train_loss = 13.2362
2025-06-23 15:47:49.172 | INFO     | __main__:on_train_batch_end:39 - Epoch 0, Step 720: train_loss = 5.7800
2025-06-23 15:47:49.438 | INFO     | __main__:on_train_batch_end:39 - Epoch 0, Step 721: train_loss = 4.2373
2025-06-23 15:47:49.705 | INFO     | __main__:on_train_batch_end:39 - Epoch 0, Step 722: train_loss = 19.4590
2025-06-23 15:47:49.966 | INFO     | __main__:on_train_batch_end:39 - Epoch 0, Step 723: train_loss = 14.1900
2025-06-23 15:47:50.229 | INFO     | __main__:on_train_batch_end:39 - Epoch 0, Step 724: train_loss = 3.6665
2025-06-23 15:47:50.492 | INFO     | __main__:on_train_batch_end:39 - Epoch 0, Step 725: train_loss = 7.1163
2025-06-23 15:47:50.763 | INFO     | __main__:on_train_batch_end:39 - Epoch 0, Step 726: train_loss = 8.8202
2025-06-23 15:47:51.035 | INFO     | __main__:on_train_batch_end:39 - Epoch 0, Step 727: train_loss = 6.3289
2025-06-23 15:47:51.301 | INFO     | __main__:on_train_batch_end:39 - Epoch 0, Step 728: train_loss = 13.0712
2025-06-23 15:47:51.566 | INFO     | __main__:on_train_batch_end:39 - Epoch 0, Step 729: train_loss = 3.8263
2025-06-23 15:47:51.830 | INFO     | __main__:on_train_batch_end:39 - Epoch 0, Step 730: train_loss = 7.0481
2025-06-23 15:47:52.094 | INFO     | __main__:on_train_batch_end:39 - Epoch 0, Step 731: train_loss = 6.3603
2025-06-23 15:47:52.356 | INFO     | __main__:on_train_batch_end:39 - Epoch 0, Step 732: train_loss = 20.5682
2025-06-23 15:47:52.621 | INFO     | __main__:on_train_batch_end:39 - Epoch 0, Step 733: train_loss = 4.6888
2025-06-23 15:47:52.883 | INFO     | __main__:on_train_batch_end:39 - Epoch 0, Step 734: train_loss = 9.3197
2025-06-23 15:47:53.150 | INFO     | __main__:on_train_batch_end:39 - Epoch 0, Step 735: train_loss = 8.8027
2025-06-23 15:47:53.411 | INFO     | __main__:on_train_batch_end:39 - Epoch 0, Step 736: train_loss = 13.2840
2025-06-23 15:47:53.676 | INFO     | __main__:on_train_batch_end:39 - Epoch 0, Step 737: train_loss = 6.5815
2025-06-23 15:47:53.939 | INFO     | __main__:on_train_batch_end:39 - Epoch 0, Step 738: train_loss = 5.7972
2025-06-23 15:47:54.200 | INFO     | __main__:on_train_batch_end:39 - Epoch 0, Step 739: train_loss = 4.7070
2025-06-23 15:47:54.464 | INFO     | __main__:on_train_batch_end:39 - Epoch 0, Step 740: train_loss = 4.1415
2025-06-23 15:47:54.725 | INFO     | __main__:on_train_batch_end:39 - Epoch 0, Step 741: train_loss = 16.1524
2025-06-23 15:47:54.987 | INFO     | __main__:on_train_batch_end:39 - Epoch 0, Step 742: train_loss = 4.2284
2025-06-23 15:47:55.252 | INFO     | __main__:on_train_batch_end:39 - Epoch 0, Step 743: train_loss = 4.5695
2025-06-23 15:47:55.513 | INFO     | __main__:on_train_batch_end:39 - Epoch 0, Step 744: train_loss = 6.5945
2025-06-23 15:47:55.777 | INFO     | __main__:on_train_batch_end:39 - Epoch 0, Step 745: train_loss = 4.7624
2025-06-23 15:47:56.060 | INFO     | __main__:on_train_batch_end:39 - Epoch 0, Step 746: train_loss = 8.2693
2025-06-23 15:47:56.334 | INFO     | __main__:on_train_batch_end:39 - Epoch 0, Step 747: train_loss = 9.8732
2025-06-23 15:47:56.598 | INFO     | __main__:on_train_batch_end:39 - Epoch 0, Step 748: train_loss = 4.1716
2025-06-23 15:47:56.861 | INFO     | __main__:on_train_batch_end:39 - Epoch 0, Step 749: train_loss = 6.8277
2025-06-23 15:47:57.143 | INFO     | __main__:on_train_batch_end:39 - Epoch 0, Step 750: train_loss = 6.5777
2025-06-23 15:47:57.416 | INFO     | __main__:on_train_batch_end:39 - Epoch 0, Step 751: train_loss = 15.6103
2025-06-23 15:47:57.677 | INFO     | __main__:on_train_batch_end:39 - Epoch 0, Step 752: train_loss = 9.1077
2025-06-23 15:47:57.939 | INFO     | __main__:on_train_batch_end:39 - Epoch 0, Step 753: train_loss = 23.8211
2025-06-23 15:47:58.201 | INFO     | __main__:on_train_batch_end:39 - Epoch 0, Step 754: train_loss = 5.7870
2025-06-23 15:47:58.464 | INFO     | __main__:on_train_batch_end:39 - Epoch 0, Step 755: train_loss = 4.7408
2025-06-23 15:47:58.728 | INFO     | __main__:on_train_batch_end:39 - Epoch 0, Step 756: train_loss = 5.0145
2025-06-23 15:47:58.991 | INFO     | __main__:on_train_batch_end:39 - Epoch 0, Step 757: train_loss = 7.7986
2025-06-23 15:47:59.255 | INFO     | __main__:on_train_batch_end:39 - Epoch 0, Step 758: train_loss = 11.7501
2025-06-23 15:47:59.521 | INFO     | __main__:on_train_batch_end:39 - Epoch 0, Step 759: train_loss = 3.9955
2025-06-23 15:47:59.793 | INFO     | __main__:on_train_batch_end:39 - Epoch 0, Step 760: train_loss = 8.8589
2025-06-23 15:48:00.056 | INFO     | __main__:on_train_batch_end:39 - Epoch 0, Step 761: train_loss = 5.1309
2025-06-23 15:48:00.326 | INFO     | __main__:on_train_batch_end:39 - Epoch 0, Step 762: train_loss = 10.6600
2025-06-23 15:48:00.589 | INFO     | __main__:on_train_batch_end:39 - Epoch 0, Step 763: train_loss = 5.2618
2025-06-23 15:48:00.852 | INFO     | __main__:on_train_batch_end:39 - Epoch 0, Step 764: train_loss = 6.0995
2025-06-23 15:48:01.113 | INFO     | __main__:on_train_batch_end:39 - Epoch 0, Step 765: train_loss = 3.7533
2025-06-23 15:48:01.374 | INFO     | __main__:on_train_batch_end:39 - Epoch 0, Step 766: train_loss = 12.5407
2025-06-23 15:48:01.636 | INFO     | __main__:on_train_batch_end:39 - Epoch 0, Step 767: train_loss = 3.7682
2025-06-23 15:48:01.900 | INFO     | __main__:on_train_batch_end:39 - Epoch 0, Step 768: train_loss = 6.7042
2025-06-23 15:48:02.162 | INFO     | __main__:on_train_batch_end:39 - Epoch 0, Step 769: train_loss = 11.8593
2025-06-23 15:48:02.424 | INFO     | __main__:on_train_batch_end:39 - Epoch 0, Step 770: train_loss = 11.7039
2025-06-23 15:48:02.687 | INFO     | __main__:on_train_batch_end:39 - Epoch 0, Step 771: train_loss = 4.2097
2025-06-23 15:48:02.948 | INFO     | __main__:on_train_batch_end:39 - Epoch 0, Step 772: train_loss = 8.8733
2025-06-23 15:48:03.220 | INFO     | __main__:on_train_batch_end:39 - Epoch 0, Step 773: train_loss = 5.6589
2025-06-23 15:48:03.487 | INFO     | __main__:on_train_batch_end:39 - Epoch 0, Step 774: train_loss = 4.5057
2025-06-23 15:48:03.750 | INFO     | __main__:on_train_batch_end:39 - Epoch 0, Step 775: train_loss = 6.3100
2025-06-23 15:48:04.010 | INFO     | __main__:on_train_batch_end:39 - Epoch 0, Step 776: train_loss = 11.7136
2025-06-23 15:48:04.272 | INFO     | __main__:on_train_batch_end:39 - Epoch 0, Step 777: train_loss = 4.3832
2025-06-23 15:48:04.535 | INFO     | __main__:on_train_batch_end:39 - Epoch 0, Step 778: train_loss = 7.6556
2025-06-23 15:48:04.797 | INFO     | __main__:on_train_batch_end:39 - Epoch 0, Step 779: train_loss = 5.9805
2025-06-23 15:48:05.058 | INFO     | __main__:on_train_batch_end:39 - Epoch 0, Step 780: train_loss = 3.7807
2025-06-23 15:48:05.322 | INFO     | __main__:on_train_batch_end:39 - Epoch 0, Step 781: train_loss = 7.4231
2025-06-23 15:48:05.586 | INFO     | __main__:on_train_batch_end:39 - Epoch 0, Step 782: train_loss = 5.4285
2025-06-23 15:48:05.847 | INFO     | __main__:on_train_batch_end:39 - Epoch 0, Step 783: train_loss = 4.0995
2025-06-23 15:48:06.109 | INFO     | __main__:on_train_batch_end:39 - Epoch 0, Step 784: train_loss = 9.1984
2025-06-23 15:48:06.371 | INFO     | __main__:on_train_batch_end:39 - Epoch 0, Step 785: train_loss = 3.8545
2025-06-23 15:48:06.633 | INFO     | __main__:on_train_batch_end:39 - Epoch 0, Step 786: train_loss = 7.7185
2025-06-23 15:48:06.895 | INFO     | __main__:on_train_batch_end:39 - Epoch 0, Step 787: train_loss = 4.7549
2025-06-23 15:48:07.158 | INFO     | __main__:on_train_batch_end:39 - Epoch 0, Step 788: train_loss = 5.9666
2025-06-23 15:48:07.420 | INFO     | __main__:on_train_batch_end:39 - Epoch 0, Step 789: train_loss = 5.4657
2025-06-23 15:48:07.686 | INFO     | __main__:on_train_batch_end:39 - Epoch 0, Step 790: train_loss = 8.6899
2025-06-23 15:48:07.950 | INFO     | __main__:on_train_batch_end:39 - Epoch 0, Step 791: train_loss = 4.2916
2025-06-23 15:48:08.213 | INFO     | __main__:on_train_batch_end:39 - Epoch 0, Step 792: train_loss = 23.1280
2025-06-23 15:48:08.478 | INFO     | __main__:on_train_batch_end:39 - Epoch 0, Step 793: train_loss = 4.9706
2025-06-23 15:48:08.739 | INFO     | __main__:on_train_batch_end:39 - Epoch 0, Step 794: train_loss = 4.8291
2025-06-23 15:48:09.001 | INFO     | __main__:on_train_batch_end:39 - Epoch 0, Step 795: train_loss = 4.9347
2025-06-23 15:48:09.267 | INFO     | __main__:on_train_batch_end:39 - Epoch 0, Step 796: train_loss = 10.4511
2025-06-23 15:48:09.533 | INFO     | __main__:on_train_batch_end:39 - Epoch 0, Step 797: train_loss = 3.8209
2025-06-23 15:48:09.795 | INFO     | __main__:on_train_batch_end:39 - Epoch 0, Step 798: train_loss = 8.4935
2025-06-23 15:48:10.058 | INFO     | __main__:on_train_batch_end:39 - Epoch 0, Step 799: train_loss = 4.6536
2025-06-23 15:48:10.322 | INFO     | __main__:on_train_batch_end:39 - Epoch 0, Step 800: train_loss = 13.1513
2025-06-23 15:48:10.585 | INFO     | __main__:on_train_batch_end:39 - Epoch 0, Step 801: train_loss = 4.5251
2025-06-23 15:48:10.848 | INFO     | __main__:on_train_batch_end:39 - Epoch 0, Step 802: train_loss = 37.1625
2025-06-23 15:48:11.109 | INFO     | __main__:on_train_batch_end:39 - Epoch 0, Step 803: train_loss = 17.1272
2025-06-23 15:48:11.372 | INFO     | __main__:on_train_batch_end:39 - Epoch 0, Step 804: train_loss = 6.8144
2025-06-23 15:48:11.636 | INFO     | __main__:on_train_batch_end:39 - Epoch 0, Step 805: train_loss = 4.2194
2025-06-23 15:48:11.900 | INFO     | __main__:on_train_batch_end:39 - Epoch 0, Step 806: train_loss = 8.1021
2025-06-23 15:48:12.162 | INFO     | __main__:on_train_batch_end:39 - Epoch 0, Step 807: train_loss = 22.9933
2025-06-23 15:48:12.430 | INFO     | __main__:on_train_batch_end:39 - Epoch 0, Step 808: train_loss = 7.1489
2025-06-23 15:48:12.692 | INFO     | __main__:on_train_batch_end:39 - Epoch 0, Step 809: train_loss = 10.0750
2025-06-23 15:48:12.954 | INFO     | __main__:on_train_batch_end:39 - Epoch 0, Step 810: train_loss = 18.0277
2025-06-23 15:48:13.218 | INFO     | __main__:on_train_batch_end:39 - Epoch 0, Step 811: train_loss = 9.8912
2025-06-23 15:48:13.481 | INFO     | __main__:on_train_batch_end:39 - Epoch 0, Step 812: train_loss = 5.6355
2025-06-23 15:48:13.742 | INFO     | __main__:on_train_batch_end:39 - Epoch 0, Step 813: train_loss = 3.9874
2025-06-23 15:48:14.013 | INFO     | __main__:on_train_batch_end:39 - Epoch 0, Step 814: train_loss = 4.5827
2025-06-23 15:48:14.282 | INFO     | __main__:on_train_batch_end:39 - Epoch 0, Step 815: train_loss = 8.8934
2025-06-23 15:48:14.553 | INFO     | __main__:on_train_batch_end:39 - Epoch 0, Step 816: train_loss = 4.4316
2025-06-23 15:48:14.821 | INFO     | __main__:on_train_batch_end:39 - Epoch 0, Step 817: train_loss = 4.3813
2025-06-23 15:48:15.104 | INFO     | __main__:on_train_batch_end:39 - Epoch 0, Step 818: train_loss = 5.2107
2025-06-23 15:48:15.374 | INFO     | __main__:on_train_batch_end:39 - Epoch 0, Step 819: train_loss = 20.9577
2025-06-23 15:48:15.643 | INFO     | __main__:on_train_batch_end:39 - Epoch 0, Step 820: train_loss = 22.6700
2025-06-23 15:48:15.913 | INFO     | __main__:on_train_batch_end:39 - Epoch 0, Step 821: train_loss = 5.9259
2025-06-23 15:48:16.183 | INFO     | __main__:on_train_batch_end:39 - Epoch 0, Step 822: train_loss = 4.2068
2025-06-23 15:48:16.445 | INFO     | __main__:on_train_batch_end:39 - Epoch 0, Step 823: train_loss = 10.3728
2025-06-23 15:48:16.715 | INFO     | __main__:on_train_batch_end:39 - Epoch 0, Step 824: train_loss = 9.6875
2025-06-23 15:48:16.977 | INFO     | __main__:on_train_batch_end:39 - Epoch 0, Step 825: train_loss = 4.5614
2025-06-23 15:48:17.242 | INFO     | __main__:on_train_batch_end:39 - Epoch 0, Step 826: train_loss = 14.6549
2025-06-23 15:48:17.507 | INFO     | __main__:on_train_batch_end:39 - Epoch 0, Step 827: train_loss = 3.9195
2025-06-23 15:48:17.770 | INFO     | __main__:on_train_batch_end:39 - Epoch 0, Step 828: train_loss = 3.5761
2025-06-23 15:48:18.033 | INFO     | __main__:on_train_batch_end:39 - Epoch 0, Step 829: train_loss = 3.8891
2025-06-23 15:48:18.296 | INFO     | __main__:on_train_batch_end:39 - Epoch 0, Step 830: train_loss = 8.0739
2025-06-23 15:48:18.564 | INFO     | __main__:on_train_batch_end:39 - Epoch 0, Step 831: train_loss = 4.7430
2025-06-23 15:48:18.825 | INFO     | __main__:on_train_batch_end:39 - Epoch 0, Step 832: train_loss = 5.3038
2025-06-23 15:48:19.088 | INFO     | __main__:on_train_batch_end:39 - Epoch 0, Step 833: train_loss = 5.0153
2025-06-23 15:48:19.359 | INFO     | __main__:on_train_batch_end:39 - Epoch 0, Step 834: train_loss = 4.2433
2025-06-23 15:48:19.621 | INFO     | __main__:on_train_batch_end:39 - Epoch 0, Step 835: train_loss = 4.6196
2025-06-23 15:48:19.885 | INFO     | __main__:on_train_batch_end:39 - Epoch 0, Step 836: train_loss = 18.3695
2025-06-23 15:48:20.150 | INFO     | __main__:on_train_batch_end:39 - Epoch 0, Step 837: train_loss = 11.8107
2025-06-23 15:48:20.413 | INFO     | __main__:on_train_batch_end:39 - Epoch 0, Step 838: train_loss = 15.2950
2025-06-23 15:48:20.676 | INFO     | __main__:on_train_batch_end:39 - Epoch 0, Step 839: train_loss = 20.3770
2025-06-23 15:48:20.943 | INFO     | __main__:on_train_batch_end:39 - Epoch 0, Step 840: train_loss = 9.7819
2025-06-23 15:48:21.206 | INFO     | __main__:on_train_batch_end:39 - Epoch 0, Step 841: train_loss = 3.5774
2025-06-23 15:48:21.475 | INFO     | __main__:on_train_batch_end:39 - Epoch 0, Step 842: train_loss = 3.9695
2025-06-23 15:48:21.738 | INFO     | __main__:on_train_batch_end:39 - Epoch 0, Step 843: train_loss = 13.4586
2025-06-23 15:48:22.001 | INFO     | __main__:on_train_batch_end:39 - Epoch 0, Step 844: train_loss = 10.0059
2025-06-23 15:48:22.264 | INFO     | __main__:on_train_batch_end:39 - Epoch 0, Step 845: train_loss = 4.7648
2025-06-23 15:48:22.526 | INFO     | __main__:on_train_batch_end:39 - Epoch 0, Step 846: train_loss = 6.7524
2025-06-23 15:48:22.790 | INFO     | __main__:on_train_batch_end:39 - Epoch 0, Step 847: train_loss = 11.0137
2025-06-23 15:48:23.054 | INFO     | __main__:on_train_batch_end:39 - Epoch 0, Step 848: train_loss = 7.3470
2025-06-23 15:48:23.325 | INFO     | __main__:on_train_batch_end:39 - Epoch 0, Step 849: train_loss = 5.8099
2025-06-23 15:48:23.587 | INFO     | __main__:on_train_batch_end:39 - Epoch 0, Step 850: train_loss = 9.4486
2025-06-23 15:48:23.853 | INFO     | __main__:on_train_batch_end:39 - Epoch 0, Step 851: train_loss = 5.1995
2025-06-23 15:48:24.117 | INFO     | __main__:on_train_batch_end:39 - Epoch 0, Step 852: train_loss = 3.7621
2025-06-23 15:48:24.395 | INFO     | __main__:on_train_batch_end:39 - Epoch 0, Step 853: train_loss = 3.9323
2025-06-23 15:48:24.669 | INFO     | __main__:on_train_batch_end:39 - Epoch 0, Step 854: train_loss = 11.0254
2025-06-23 15:48:24.933 | INFO     | __main__:on_train_batch_end:39 - Epoch 0, Step 855: train_loss = 7.0119
2025-06-23 15:48:25.196 | INFO     | __main__:on_train_batch_end:39 - Epoch 0, Step 856: train_loss = 4.8307
2025-06-23 15:48:25.458 | INFO     | __main__:on_train_batch_end:39 - Epoch 0, Step 857: train_loss = 12.9711
2025-06-23 15:48:25.722 | INFO     | __main__:on_train_batch_end:39 - Epoch 0, Step 858: train_loss = 24.8476
2025-06-23 15:48:25.987 | INFO     | __main__:on_train_batch_end:39 - Epoch 0, Step 859: train_loss = 8.4152
2025-06-23 15:48:26.250 | INFO     | __main__:on_train_batch_end:39 - Epoch 0, Step 860: train_loss = 4.6091
2025-06-23 15:48:26.515 | INFO     | __main__:on_train_batch_end:39 - Epoch 0, Step 861: train_loss = 12.4357
2025-06-23 15:48:26.779 | INFO     | __main__:on_train_batch_end:39 - Epoch 0, Step 862: train_loss = 5.8462
2025-06-23 15:48:27.041 | INFO     | __main__:on_train_batch_end:39 - Epoch 0, Step 863: train_loss = 4.2550
2025-06-23 15:48:27.305 | INFO     | __main__:on_train_batch_end:39 - Epoch 0, Step 864: train_loss = 13.1636
2025-06-23 15:48:27.574 | INFO     | __main__:on_train_batch_end:39 - Epoch 0, Step 865: train_loss = 6.4617
2025-06-23 15:48:27.838 | INFO     | __main__:on_train_batch_end:39 - Epoch 0, Step 866: train_loss = 9.2282
2025-06-23 15:48:28.102 | INFO     | __main__:on_train_batch_end:39 - Epoch 0, Step 867: train_loss = 21.7270
2025-06-23 15:48:28.367 | INFO     | __main__:on_train_batch_end:39 - Epoch 0, Step 868: train_loss = 9.2159
2025-06-23 15:48:28.631 | INFO     | __main__:on_train_batch_end:39 - Epoch 0, Step 869: train_loss = 15.4140
2025-06-23 15:48:28.895 | INFO     | __main__:on_train_batch_end:39 - Epoch 0, Step 870: train_loss = 3.6335
2025-06-23 15:48:29.156 | INFO     | __main__:on_train_batch_end:39 - Epoch 0, Step 871: train_loss = 5.0962
2025-06-23 15:48:29.426 | INFO     | __main__:on_train_batch_end:39 - Epoch 0, Step 872: train_loss = 24.1873
2025-06-23 15:48:29.690 | INFO     | __main__:on_train_batch_end:39 - Epoch 0, Step 873: train_loss = 15.2703
2025-06-23 15:48:29.958 | INFO     | __main__:on_train_batch_end:39 - Epoch 0, Step 874: train_loss = 4.3194
2025-06-23 15:48:30.238 | INFO     | __main__:on_train_batch_end:39 - Epoch 0, Step 875: train_loss = 3.6898
2025-06-23 15:48:30.520 | INFO     | __main__:on_train_batch_end:39 - Epoch 0, Step 876: train_loss = 12.0587
2025-06-23 15:48:30.807 | INFO     | __main__:on_train_batch_end:39 - Epoch 0, Step 877: train_loss = 19.3008
2025-06-23 15:48:31.178 | INFO     | __main__:on_train_batch_end:39 - Epoch 0, Step 878: train_loss = 7.0854
2025-06-23 15:48:31.448 | INFO     | __main__:on_train_batch_end:39 - Epoch 0, Step 879: train_loss = 5.4780
2025-06-23 15:48:31.724 | INFO     | __main__:on_train_batch_end:39 - Epoch 0, Step 880: train_loss = 5.5438
2025-06-23 15:48:31.988 | INFO     | __main__:on_train_batch_end:39 - Epoch 0, Step 881: train_loss = 5.9226
2025-06-23 15:48:32.255 | INFO     | __main__:on_train_batch_end:39 - Epoch 0, Step 882: train_loss = 3.6443
2025-06-23 15:48:32.528 | INFO     | __main__:on_train_batch_end:39 - Epoch 0, Step 883: train_loss = 4.0722
2025-06-23 15:48:32.797 | INFO     | __main__:on_train_batch_end:39 - Epoch 0, Step 884: train_loss = 5.7888
2025-06-23 15:48:33.061 | INFO     | __main__:on_train_batch_end:39 - Epoch 0, Step 885: train_loss = 3.5580
2025-06-23 15:48:33.330 | INFO     | __main__:on_train_batch_end:39 - Epoch 0, Step 886: train_loss = 6.7249
2025-06-23 15:48:33.604 | INFO     | __main__:on_train_batch_end:39 - Epoch 0, Step 887: train_loss = 4.2699
2025-06-23 15:48:33.879 | INFO     | __main__:on_train_batch_end:39 - Epoch 0, Step 888: train_loss = 4.3268
2025-06-23 15:48:34.142 | INFO     | __main__:on_train_batch_end:39 - Epoch 0, Step 889: train_loss = 21.1625
2025-06-23 15:48:34.409 | INFO     | __main__:on_train_batch_end:39 - Epoch 0, Step 890: train_loss = 4.0308
2025-06-23 15:48:34.690 | INFO     | __main__:on_train_batch_end:39 - Epoch 0, Step 891: train_loss = 6.6941
2025-06-23 15:48:34.957 | INFO     | __main__:on_train_batch_end:39 - Epoch 0, Step 892: train_loss = 3.4294
2025-06-23 15:48:35.222 | INFO     | __main__:on_train_batch_end:39 - Epoch 0, Step 893: train_loss = 3.8613
2025-06-23 15:48:35.485 | INFO     | __main__:on_train_batch_end:39 - Epoch 0, Step 894: train_loss = 8.6867
2025-06-23 15:48:35.752 | INFO     | __main__:on_train_batch_end:39 - Epoch 0, Step 895: train_loss = 7.5855
2025-06-23 15:48:36.020 | INFO     | __main__:on_train_batch_end:39 - Epoch 0, Step 896: train_loss = 4.3738
2025-06-23 15:48:36.304 | INFO     | __main__:on_train_batch_end:39 - Epoch 0, Step 897: train_loss = 10.0878
2025-06-23 15:48:36.599 | INFO     | __main__:on_train_batch_end:39 - Epoch 0, Step 898: train_loss = 7.8481
2025-06-23 15:48:36.865 | INFO     | __main__:on_train_batch_end:39 - Epoch 0, Step 899: train_loss = 3.8971
2025-06-23 15:48:37.130 | INFO     | __main__:on_train_batch_end:39 - Epoch 0, Step 900: train_loss = 7.9495
2025-06-23 15:48:37.395 | INFO     | __main__:on_train_batch_end:39 - Epoch 0, Step 901: train_loss = 11.1404
2025-06-23 15:48:37.666 | INFO     | __main__:on_train_batch_end:39 - Epoch 0, Step 902: train_loss = 4.3281
2025-06-23 15:48:37.944 | INFO     | __main__:on_train_batch_end:39 - Epoch 0, Step 903: train_loss = 15.9976
2025-06-23 15:48:38.236 | INFO     | __main__:on_train_batch_end:39 - Epoch 0, Step 904: train_loss = 7.3318
2025-06-23 15:48:38.511 | INFO     | __main__:on_train_batch_end:39 - Epoch 0, Step 905: train_loss = 7.0949
2025-06-23 15:48:38.786 | INFO     | __main__:on_train_batch_end:39 - Epoch 0, Step 906: train_loss = 5.0010
2025-06-23 15:48:39.065 | INFO     | __main__:on_train_batch_end:39 - Epoch 0, Step 907: train_loss = 6.9528
2025-06-23 15:48:39.339 | INFO     | __main__:on_train_batch_end:39 - Epoch 0, Step 908: train_loss = 6.8443
2025-06-23 15:48:39.606 | INFO     | __main__:on_train_batch_end:39 - Epoch 0, Step 909: train_loss = 5.8566
2025-06-23 15:48:39.871 | INFO     | __main__:on_train_batch_end:39 - Epoch 0, Step 910: train_loss = 8.4087
2025-06-23 15:48:40.141 | INFO     | __main__:on_train_batch_end:39 - Epoch 0, Step 911: train_loss = 18.3033
2025-06-23 15:48:40.407 | INFO     | __main__:on_train_batch_end:39 - Epoch 0, Step 912: train_loss = 4.2182
2025-06-23 15:48:40.674 | INFO     | __main__:on_train_batch_end:39 - Epoch 0, Step 913: train_loss = 4.4537
2025-06-23 15:48:40.948 | INFO     | __main__:on_train_batch_end:39 - Epoch 0, Step 914: train_loss = 3.6224
2025-06-23 15:48:41.210 | INFO     | __main__:on_train_batch_end:39 - Epoch 0, Step 915: train_loss = 5.5084
2025-06-23 15:48:41.474 | INFO     | __main__:on_train_batch_end:39 - Epoch 0, Step 916: train_loss = 13.4679
2025-06-23 15:48:41.737 | INFO     | __main__:on_train_batch_end:39 - Epoch 0, Step 917: train_loss = 5.3805
2025-06-23 15:48:42.002 | INFO     | __main__:on_train_batch_end:39 - Epoch 0, Step 918: train_loss = 10.1964
2025-06-23 15:48:42.266 | INFO     | __main__:on_train_batch_end:39 - Epoch 0, Step 919: train_loss = 7.3811
2025-06-23 15:48:42.537 | INFO     | __main__:on_train_batch_end:39 - Epoch 0, Step 920: train_loss = 21.5074
2025-06-23 15:48:42.801 | INFO     | __main__:on_train_batch_end:39 - Epoch 0, Step 921: train_loss = 10.4190
2025-06-23 15:48:43.063 | INFO     | __main__:on_train_batch_end:39 - Epoch 0, Step 922: train_loss = 6.2168
2025-06-23 15:48:43.330 | INFO     | __main__:on_train_batch_end:39 - Epoch 0, Step 923: train_loss = 9.5881
2025-06-23 15:48:43.591 | INFO     | __main__:on_train_batch_end:39 - Epoch 0, Step 924: train_loss = 14.1462
2025-06-23 15:48:43.853 | INFO     | __main__:on_train_batch_end:39 - Epoch 0, Step 925: train_loss = 3.8089
2025-06-23 15:48:44.117 | INFO     | __main__:on_train_batch_end:39 - Epoch 0, Step 926: train_loss = 3.6087
2025-06-23 15:48:44.379 | INFO     | __main__:on_train_batch_end:39 - Epoch 0, Step 927: train_loss = 5.2569
2025-06-23 15:48:44.652 | INFO     | __main__:on_train_batch_end:39 - Epoch 0, Step 928: train_loss = 12.2258
2025-06-23 15:48:44.930 | INFO     | __main__:on_train_batch_end:39 - Epoch 0, Step 929: train_loss = 11.4855
2025-06-23 15:48:45.197 | INFO     | __main__:on_train_batch_end:39 - Epoch 0, Step 930: train_loss = 5.3208
2025-06-23 15:48:45.479 | INFO     | __main__:on_train_batch_end:39 - Epoch 0, Step 931: train_loss = 3.8745
2025-06-23 15:48:45.772 | INFO     | __main__:on_train_batch_end:39 - Epoch 0, Step 932: train_loss = 4.9885
2025-06-23 15:48:46.052 | INFO     | __main__:on_train_batch_end:39 - Epoch 0, Step 933: train_loss = 4.2557
2025-06-23 15:48:46.332 | INFO     | __main__:on_train_batch_end:39 - Epoch 0, Step 934: train_loss = 12.3251
2025-06-23 15:48:46.609 | INFO     | __main__:on_train_batch_end:39 - Epoch 0, Step 935: train_loss = 13.9929
2025-06-23 15:48:46.878 | INFO     | __main__:on_train_batch_end:39 - Epoch 0, Step 936: train_loss = 64.8331
2025-06-23 15:48:47.144 | INFO     | __main__:on_train_batch_end:39 - Epoch 0, Step 937: train_loss = 4.9587
2025-06-23 15:48:47.410 | INFO     | __main__:on_train_batch_end:39 - Epoch 0, Step 938: train_loss = 6.7105
2025-06-23 15:48:47.684 | INFO     | __main__:on_train_batch_end:39 - Epoch 0, Step 939: train_loss = 21.8957
2025-06-23 15:48:47.956 | INFO     | __main__:on_train_batch_end:39 - Epoch 0, Step 940: train_loss = 5.4394
2025-06-23 15:48:48.229 | INFO     | __main__:on_train_batch_end:39 - Epoch 0, Step 941: train_loss = 4.3912
2025-06-23 15:48:48.504 | INFO     | __main__:on_train_batch_end:39 - Epoch 0, Step 942: train_loss = 23.3187
2025-06-23 15:48:48.771 | INFO     | __main__:on_train_batch_end:39 - Epoch 0, Step 943: train_loss = 7.3184
2025-06-23 15:48:49.044 | INFO     | __main__:on_train_batch_end:39 - Epoch 0, Step 944: train_loss = 15.8857
2025-06-23 15:48:49.314 | INFO     | __main__:on_train_batch_end:39 - Epoch 0, Step 945: train_loss = 6.9026
2025-06-23 15:48:49.589 | INFO     | __main__:on_train_batch_end:39 - Epoch 0, Step 946: train_loss = 3.6236
2025-06-23 15:48:49.859 | INFO     | __main__:on_train_batch_end:39 - Epoch 0, Step 947: train_loss = 5.9590
2025-06-23 15:48:50.123 | INFO     | __main__:on_train_batch_end:39 - Epoch 0, Step 948: train_loss = 11.5069
2025-06-23 15:48:50.387 | INFO     | __main__:on_train_batch_end:39 - Epoch 0, Step 949: train_loss = 4.9665
2025-06-23 15:48:50.650 | INFO     | __main__:on_train_batch_end:39 - Epoch 0, Step 950: train_loss = 3.5891
2025-06-23 15:48:50.916 | INFO     | __main__:on_train_batch_end:39 - Epoch 0, Step 951: train_loss = 19.4510
2025-06-23 15:48:51.178 | INFO     | __main__:on_train_batch_end:39 - Epoch 0, Step 952: train_loss = 3.8918
2025-06-23 15:48:51.447 | INFO     | __main__:on_train_batch_end:39 - Epoch 0, Step 953: train_loss = 17.4526
2025-06-23 15:48:51.716 | INFO     | __main__:on_train_batch_end:39 - Epoch 0, Step 954: train_loss = 5.9320
2025-06-23 15:48:51.983 | INFO     | __main__:on_train_batch_end:39 - Epoch 0, Step 955: train_loss = 8.0787
2025-06-23 15:48:52.261 | INFO     | __main__:on_train_batch_end:39 - Epoch 0, Step 956: train_loss = 25.8344
2025-06-23 15:48:52.524 | INFO     | __main__:on_train_batch_end:39 - Epoch 0, Step 957: train_loss = 3.6378
2025-06-23 15:48:52.790 | INFO     | __main__:on_train_batch_end:39 - Epoch 0, Step 958: train_loss = 3.8083
2025-06-23 15:48:53.068 | INFO     | __main__:on_train_batch_end:39 - Epoch 0, Step 959: train_loss = 14.2616
2025-06-23 15:48:53.333 | INFO     | __main__:on_train_batch_end:39 - Epoch 0, Step 960: train_loss = 6.1288
2025-06-23 15:48:53.598 | INFO     | __main__:on_train_batch_end:39 - Epoch 0, Step 961: train_loss = 3.5284
2025-06-23 15:48:53.868 | INFO     | __main__:on_train_batch_end:39 - Epoch 0, Step 962: train_loss = 9.1684
2025-06-23 15:48:54.135 | INFO     | __main__:on_train_batch_end:39 - Epoch 0, Step 963: train_loss = 4.4704
2025-06-23 15:48:54.398 | INFO     | __main__:on_train_batch_end:39 - Epoch 0, Step 964: train_loss = 12.5502
2025-06-23 15:48:54.667 | INFO     | __main__:on_train_batch_end:39 - Epoch 0, Step 965: train_loss = 20.5829
2025-06-23 15:48:54.927 | INFO     | __main__:on_train_batch_end:39 - Epoch 0, Step 966: train_loss = 7.5719
2025-06-23 15:48:55.201 | INFO     | __main__:on_train_batch_end:39 - Epoch 0, Step 967: train_loss = 14.1281
2025-06-23 15:48:55.472 | INFO     | __main__:on_train_batch_end:39 - Epoch 0, Step 968: train_loss = 5.7525
2025-06-23 15:48:55.736 | INFO     | __main__:on_train_batch_end:39 - Epoch 0, Step 969: train_loss = 5.2197
2025-06-23 15:48:56.005 | INFO     | __main__:on_train_batch_end:39 - Epoch 0, Step 970: train_loss = 25.3911
2025-06-23 15:48:56.270 | INFO     | __main__:on_train_batch_end:39 - Epoch 0, Step 971: train_loss = 3.8240
2025-06-23 15:48:56.532 | INFO     | __main__:on_train_batch_end:39 - Epoch 0, Step 972: train_loss = 10.1557
2025-06-23 15:48:56.797 | INFO     | __main__:on_train_batch_end:39 - Epoch 0, Step 973: train_loss = 3.7583
2025-06-23 15:48:57.078 | INFO     | __main__:on_train_batch_end:39 - Epoch 0, Step 974: train_loss = 3.9314
2025-06-23 15:48:57.346 | INFO     | __main__:on_train_batch_end:39 - Epoch 0, Step 975: train_loss = 7.3006
2025-06-23 15:48:57.610 | INFO     | __main__:on_train_batch_end:39 - Epoch 0, Step 976: train_loss = 3.4751
2025-06-23 15:48:57.873 | INFO     | __main__:on_train_batch_end:39 - Epoch 0, Step 977: train_loss = 20.8826
2025-06-23 15:48:58.147 | INFO     | __main__:on_train_batch_end:39 - Epoch 0, Step 978: train_loss = 4.5697
2025-06-23 15:48:58.418 | INFO     | __main__:on_train_batch_end:39 - Epoch 0, Step 979: train_loss = 9.1920
2025-06-23 15:48:58.690 | INFO     | __main__:on_train_batch_end:39 - Epoch 0, Step 980: train_loss = 5.9027
2025-06-23 15:48:58.965 | INFO     | __main__:on_train_batch_end:39 - Epoch 0, Step 981: train_loss = 8.2725
2025-06-23 15:48:59.229 | INFO     | __main__:on_train_batch_end:39 - Epoch 0, Step 982: train_loss = 13.9636
2025-06-23 15:48:59.492 | INFO     | __main__:on_train_batch_end:39 - Epoch 0, Step 983: train_loss = 5.0837
2025-06-23 15:48:59.756 | INFO     | __main__:on_train_batch_end:39 - Epoch 0, Step 984: train_loss = 12.4633
2025-06-23 15:49:00.020 | INFO     | __main__:on_train_batch_end:39 - Epoch 0, Step 985: train_loss = 7.0880
2025-06-23 15:49:00.296 | INFO     | __main__:on_train_batch_end:39 - Epoch 0, Step 986: train_loss = 14.6437
2025-06-23 15:49:00.569 | INFO     | __main__:on_train_batch_end:39 - Epoch 0, Step 987: train_loss = 7.8223
2025-06-23 15:49:00.831 | INFO     | __main__:on_train_batch_end:39 - Epoch 0, Step 988: train_loss = 4.4882
2025-06-23 15:49:01.094 | INFO     | __main__:on_train_batch_end:39 - Epoch 0, Step 989: train_loss = 15.0952
2025-06-23 15:49:01.360 | INFO     | __main__:on_train_batch_end:39 - Epoch 0, Step 990: train_loss = 6.2365
2025-06-23 15:49:01.622 | INFO     | __main__:on_train_batch_end:39 - Epoch 0, Step 991: train_loss = 6.6593
2025-06-23 15:49:01.887 | INFO     | __main__:on_train_batch_end:39 - Epoch 0, Step 992: train_loss = 4.4813
2025-06-23 15:49:02.151 | INFO     | __main__:on_train_batch_end:39 - Epoch 0, Step 993: train_loss = 18.1358
2025-06-23 15:49:02.423 | INFO     | __main__:on_train_batch_end:39 - Epoch 0, Step 994: train_loss = 4.1053
2025-06-23 15:49:02.687 | INFO     | __main__:on_train_batch_end:39 - Epoch 0, Step 995: train_loss = 4.1539
2025-06-23 15:49:02.952 | INFO     | __main__:on_train_batch_end:39 - Epoch 0, Step 996: train_loss = 23.2341
2025-06-23 15:49:03.233 | INFO     | __main__:on_train_batch_end:39 - Epoch 0, Step 997: train_loss = 14.4259
2025-06-23 15:49:03.508 | INFO     | __main__:on_train_batch_end:39 - Epoch 0, Step 998: train_loss = 16.1006
2025-06-23 15:49:03.771 | INFO     | __main__:on_train_batch_end:39 - Epoch 0, Step 999: train_loss = 8.0347
2025-06-23 15:49:04.038 | INFO     | __main__:on_train_batch_end:39 - Epoch 0, Step 1000: train_loss = 10.7853
2025-06-23 15:49:04.311 | INFO     | __main__:on_train_batch_end:39 - Epoch 0, Step 1001: train_loss = 6.5452
2025-06-23 15:49:04.577 | INFO     | __main__:on_train_batch_end:39 - Epoch 0, Step 1002: train_loss = 7.0818
2025-06-23 15:49:04.841 | INFO     | __main__:on_train_batch_end:39 - Epoch 0, Step 1003: train_loss = 7.9008
2025-06-23 15:49:05.107 | INFO     | __main__:on_train_batch_end:39 - Epoch 0, Step 1004: train_loss = 20.9853
2025-06-23 15:49:05.370 | INFO     | __main__:on_train_batch_end:39 - Epoch 0, Step 1005: train_loss = 8.0419
2025-06-23 15:49:05.642 | INFO     | __main__:on_train_batch_end:39 - Epoch 0, Step 1006: train_loss = 20.0806
2025-06-23 15:49:05.917 | INFO     | __main__:on_train_batch_end:39 - Epoch 0, Step 1007: train_loss = 3.9725
2025-06-23 15:49:06.178 | INFO     | __main__:on_train_batch_end:39 - Epoch 0, Step 1008: train_loss = 4.3531
2025-06-23 15:49:06.456 | INFO     | __main__:on_train_batch_end:39 - Epoch 0, Step 1009: train_loss = 5.3331
2025-06-23 15:49:06.730 | INFO     | __main__:on_train_batch_end:39 - Epoch 0, Step 1010: train_loss = 11.1659
2025-06-23 15:49:06.994 | INFO     | __main__:on_train_batch_end:39 - Epoch 0, Step 1011: train_loss = 6.6385
2025-06-23 15:49:07.259 | INFO     | __main__:on_train_batch_end:39 - Epoch 0, Step 1012: train_loss = 3.5800
2025-06-23 15:49:07.521 | INFO     | __main__:on_train_batch_end:39 - Epoch 0, Step 1013: train_loss = 4.0043
2025-06-23 15:49:07.784 | INFO     | __main__:on_train_batch_end:39 - Epoch 0, Step 1014: train_loss = 11.3280
2025-06-23 15:49:08.051 | INFO     | __main__:on_train_batch_end:39 - Epoch 0, Step 1015: train_loss = 7.5028
2025-06-23 15:49:08.317 | INFO     | __main__:on_train_batch_end:39 - Epoch 0, Step 1016: train_loss = 6.1738
2025-06-23 15:49:08.589 | INFO     | __main__:on_train_batch_end:39 - Epoch 0, Step 1017: train_loss = 4.1986
2025-06-23 15:49:08.865 | INFO     | __main__:on_train_batch_end:39 - Epoch 0, Step 1018: train_loss = 8.1268
2025-06-23 15:49:09.126 | INFO     | __main__:on_train_batch_end:39 - Epoch 0, Step 1019: train_loss = 4.4623
2025-06-23 15:49:09.389 | INFO     | __main__:on_train_batch_end:39 - Epoch 0, Step 1020: train_loss = 6.2398
2025-06-23 15:49:09.656 | INFO     | __main__:on_train_batch_end:39 - Epoch 0, Step 1021: train_loss = 4.1017
2025-06-23 15:49:09.919 | INFO     | __main__:on_train_batch_end:39 - Epoch 0, Step 1022: train_loss = 3.9283
2025-06-23 15:49:10.192 | INFO     | __main__:on_train_batch_end:39 - Epoch 0, Step 1023: train_loss = 11.9149
2025-06-23 15:49:10.454 | INFO     | __main__:on_train_batch_end:39 - Epoch 0, Step 1024: train_loss = 5.6892
2025-06-23 15:49:10.726 | INFO     | __main__:on_train_batch_end:39 - Epoch 0, Step 1025: train_loss = 7.4507
2025-06-23 15:49:11.004 | INFO     | __main__:on_train_batch_end:39 - Epoch 0, Step 1026: train_loss = 6.7490
2025-06-23 15:49:11.270 | INFO     | __main__:on_train_batch_end:39 - Epoch 0, Step 1027: train_loss = 6.5806
2025-06-23 15:49:11.534 | INFO     | __main__:on_train_batch_end:39 - Epoch 0, Step 1028: train_loss = 10.2459
2025-06-23 15:49:11.797 | INFO     | __main__:on_train_batch_end:39 - Epoch 0, Step 1029: train_loss = 9.7358
2025-06-23 15:49:12.071 | INFO     | __main__:on_train_batch_end:39 - Epoch 0, Step 1030: train_loss = 5.2706
2025-06-23 15:49:12.346 | INFO     | __main__:on_train_batch_end:39 - Epoch 0, Step 1031: train_loss = 9.2410
2025-06-23 15:49:12.609 | INFO     | __main__:on_train_batch_end:39 - Epoch 0, Step 1032: train_loss = 4.3848
2025-06-23 15:49:12.872 | INFO     | __main__:on_train_batch_end:39 - Epoch 0, Step 1033: train_loss = 10.4568
2025-06-23 15:49:13.153 | INFO     | __main__:on_train_batch_end:39 - Epoch 0, Step 1034: train_loss = 13.1597
2025-06-23 15:49:13.425 | INFO     | __main__:on_train_batch_end:39 - Epoch 0, Step 1035: train_loss = 6.4834
2025-06-23 15:49:13.689 | INFO     | __main__:on_train_batch_end:39 - Epoch 0, Step 1036: train_loss = 20.0140
2025-06-23 15:49:13.953 | INFO     | __main__:on_train_batch_end:39 - Epoch 0, Step 1037: train_loss = 13.2917
2025-06-23 15:49:14.218 | INFO     | __main__:on_train_batch_end:39 - Epoch 0, Step 1038: train_loss = 6.8023
2025-06-23 15:49:14.482 | INFO     | __main__:on_train_batch_end:39 - Epoch 0, Step 1039: train_loss = 10.0537
2025-06-23 15:49:14.755 | INFO     | __main__:on_train_batch_end:39 - Epoch 0, Step 1040: train_loss = 4.6728
2025-06-23 15:49:15.027 | INFO     | __main__:on_train_batch_end:39 - Epoch 0, Step 1041: train_loss = 14.0755
2025-06-23 15:49:15.295 | INFO     | __main__:on_train_batch_end:39 - Epoch 0, Step 1042: train_loss = 4.5834
2025-06-23 15:49:15.562 | INFO     | __main__:on_train_batch_end:39 - Epoch 0, Step 1043: train_loss = 27.7699
2025-06-23 15:49:15.826 | INFO     | __main__:on_train_batch_end:39 - Epoch 0, Step 1044: train_loss = 4.2589
2025-06-23 15:49:16.103 | INFO     | __main__:on_train_batch_end:39 - Epoch 0, Step 1045: train_loss = 4.4192
2025-06-23 15:49:16.375 | INFO     | __main__:on_train_batch_end:39 - Epoch 0, Step 1046: train_loss = 19.2999
2025-06-23 15:49:16.652 | INFO     | __main__:on_train_batch_end:39 - Epoch 0, Step 1047: train_loss = 7.1642
2025-06-23 15:49:16.919 | INFO     | __main__:on_train_batch_end:39 - Epoch 0, Step 1048: train_loss = 5.3928
2025-06-23 15:49:17.185 | INFO     | __main__:on_train_batch_end:39 - Epoch 0, Step 1049: train_loss = 18.7774
2025-06-23 15:49:17.541 | INFO     | __main__:on_train_batch_end:39 - Epoch 0, Step 1050: train_loss = 4.9169
2025-06-23 15:49:17.813 | INFO     | __main__:on_train_batch_end:39 - Epoch 0, Step 1051: train_loss = 6.4726
2025-06-23 15:49:18.081 | INFO     | __main__:on_train_batch_end:39 - Epoch 0, Step 1052: train_loss = 4.5262
2025-06-23 15:49:18.344 | INFO     | __main__:on_train_batch_end:39 - Epoch 0, Step 1053: train_loss = 19.6469
2025-06-23 15:49:18.612 | INFO     | __main__:on_train_batch_end:39 - Epoch 0, Step 1054: train_loss = 5.7037
2025-06-23 15:49:18.875 | INFO     | __main__:on_train_batch_end:39 - Epoch 0, Step 1055: train_loss = 19.7556
2025-06-23 15:49:19.139 | INFO     | __main__:on_train_batch_end:39 - Epoch 0, Step 1056: train_loss = 5.6247
2025-06-23 15:49:19.401 | INFO     | __main__:on_train_batch_end:39 - Epoch 0, Step 1057: train_loss = 4.7226
2025-06-23 15:49:19.665 | INFO     | __main__:on_train_batch_end:39 - Epoch 0, Step 1058: train_loss = 4.4706
2025-06-23 15:49:19.925 | INFO     | __main__:on_train_batch_end:39 - Epoch 0, Step 1059: train_loss = 4.2538
2025-06-23 15:49:20.188 | INFO     | __main__:on_train_batch_end:39 - Epoch 0, Step 1060: train_loss = 21.9254
2025-06-23 15:49:20.451 | INFO     | __main__:on_train_batch_end:39 - Epoch 0, Step 1061: train_loss = 6.5248
2025-06-23 15:49:20.712 | INFO     | __main__:on_train_batch_end:39 - Epoch 0, Step 1062: train_loss = 8.5907
2025-06-23 15:49:20.977 | INFO     | __main__:on_train_batch_end:39 - Epoch 0, Step 1063: train_loss = 13.7936
2025-06-23 15:49:21.238 | INFO     | __main__:on_train_batch_end:39 - Epoch 0, Step 1064: train_loss = 20.0186
2025-06-23 15:49:21.505 | INFO     | __main__:on_train_batch_end:39 - Epoch 0, Step 1065: train_loss = 8.6707
2025-06-23 15:49:21.782 | INFO     | __main__:on_train_batch_end:39 - Epoch 0, Step 1066: train_loss = 4.0783
2025-06-23 15:49:22.044 | INFO     | __main__:on_train_batch_end:39 - Epoch 0, Step 1067: train_loss = 10.8213
2025-06-23 15:49:22.308 | INFO     | __main__:on_train_batch_end:39 - Epoch 0, Step 1068: train_loss = 5.5917
2025-06-23 15:49:22.571 | INFO     | __main__:on_train_batch_end:39 - Epoch 0, Step 1069: train_loss = 7.9550
2025-06-23 15:49:22.840 | INFO     | __main__:on_train_batch_end:39 - Epoch 0, Step 1070: train_loss = 13.2344
2025-06-23 15:49:23.120 | INFO     | __main__:on_train_batch_end:39 - Epoch 0, Step 1071: train_loss = 11.7992
2025-06-23 15:49:23.398 | INFO     | __main__:on_train_batch_end:39 - Epoch 0, Step 1072: train_loss = 4.8546
2025-06-23 15:49:23.674 | INFO     | __main__:on_train_batch_end:39 - Epoch 0, Step 1073: train_loss = 10.0721
2025-06-23 15:49:23.951 | INFO     | __main__:on_train_batch_end:39 - Epoch 0, Step 1074: train_loss = 29.0942
2025-06-23 15:49:24.223 | INFO     | __main__:on_train_batch_end:39 - Epoch 0, Step 1075: train_loss = 3.7760
2025-06-23 15:49:24.490 | INFO     | __main__:on_train_batch_end:39 - Epoch 0, Step 1076: train_loss = 9.4523
2025-06-23 15:49:24.752 | INFO     | __main__:on_train_batch_end:39 - Epoch 0, Step 1077: train_loss = 3.5552
2025-06-23 15:49:25.029 | INFO     | __main__:on_train_batch_end:39 - Epoch 0, Step 1078: train_loss = 5.3844
2025-06-23 15:49:25.298 | INFO     | __main__:on_train_batch_end:39 - Epoch 0, Step 1079: train_loss = 3.8019
2025-06-23 15:49:25.559 | INFO     | __main__:on_train_batch_end:39 - Epoch 0, Step 1080: train_loss = 3.9404
2025-06-23 15:49:25.828 | INFO     | __main__:on_train_batch_end:39 - Epoch 0, Step 1081: train_loss = 6.7039
2025-06-23 15:49:26.092 | INFO     | __main__:on_train_batch_end:39 - Epoch 0, Step 1082: train_loss = 5.3713
2025-06-23 15:49:26.353 | INFO     | __main__:on_train_batch_end:39 - Epoch 0, Step 1083: train_loss = 3.6039
2025-06-23 15:49:26.620 | INFO     | __main__:on_train_batch_end:39 - Epoch 0, Step 1084: train_loss = 14.2011
2025-06-23 15:49:26.889 | INFO     | __main__:on_train_batch_end:39 - Epoch 0, Step 1085: train_loss = 19.1349
2025-06-23 15:49:27.153 | INFO     | __main__:on_train_batch_end:39 - Epoch 0, Step 1086: train_loss = 20.4713
2025-06-23 15:49:27.417 | INFO     | __main__:on_train_batch_end:39 - Epoch 0, Step 1087: train_loss = 17.9297
2025-06-23 15:49:27.686 | INFO     | __main__:on_train_batch_end:39 - Epoch 0, Step 1088: train_loss = 14.7005
2025-06-23 15:49:27.948 | INFO     | __main__:on_train_batch_end:39 - Epoch 0, Step 1089: train_loss = 4.1232
2025-06-23 15:49:28.214 | INFO     | __main__:on_train_batch_end:39 - Epoch 0, Step 1090: train_loss = 21.7043
2025-06-23 15:49:28.484 | INFO     | __main__:on_train_batch_end:39 - Epoch 0, Step 1091: train_loss = 13.9423
2025-06-23 15:49:28.751 | INFO     | __main__:on_train_batch_end:39 - Epoch 0, Step 1092: train_loss = 5.2099
2025-06-23 15:49:29.018 | INFO     | __main__:on_train_batch_end:39 - Epoch 0, Step 1093: train_loss = 3.9153
2025-06-23 15:49:29.286 | INFO     | __main__:on_train_batch_end:39 - Epoch 0, Step 1094: train_loss = 4.8357
2025-06-23 15:49:29.552 | INFO     | __main__:on_train_batch_end:39 - Epoch 0, Step 1095: train_loss = 8.6046
2025-06-23 15:49:29.825 | INFO     | __main__:on_train_batch_end:39 - Epoch 0, Step 1096: train_loss = 3.8777
2025-06-23 15:49:30.091 | INFO     | __main__:on_train_batch_end:39 - Epoch 0, Step 1097: train_loss = 4.9379
2025-06-23 15:49:30.354 | INFO     | __main__:on_train_batch_end:39 - Epoch 0, Step 1098: train_loss = 4.1561
2025-06-23 15:49:30.621 | INFO     | __main__:on_train_batch_end:39 - Epoch 0, Step 1099: train_loss = 4.4320
2025-06-23 15:49:30.888 | INFO     | __main__:on_train_batch_end:39 - Epoch 0, Step 1100: train_loss = 5.2869
2025-06-23 15:49:31.151 | INFO     | __main__:on_train_batch_end:39 - Epoch 0, Step 1101: train_loss = 3.7469
2025-06-23 15:49:31.414 | INFO     | __main__:on_train_batch_end:39 - Epoch 0, Step 1102: train_loss = 7.7046
2025-06-23 15:49:31.679 | INFO     | __main__:on_train_batch_end:39 - Epoch 0, Step 1103: train_loss = 5.2286
2025-06-23 15:49:31.946 | INFO     | __main__:on_train_batch_end:39 - Epoch 0, Step 1104: train_loss = 7.2879
2025-06-23 15:49:32.218 | INFO     | __main__:on_train_batch_end:39 - Epoch 0, Step 1105: train_loss = 3.8554
2025-06-23 15:49:32.486 | INFO     | __main__:on_train_batch_end:39 - Epoch 0, Step 1106: train_loss = 3.6648
2025-06-23 15:49:32.756 | INFO     | __main__:on_train_batch_end:39 - Epoch 0, Step 1107: train_loss = 3.8761
2025-06-23 15:49:33.030 | INFO     | __main__:on_train_batch_end:39 - Epoch 0, Step 1108: train_loss = 5.0836
2025-06-23 15:49:33.299 | INFO     | __main__:on_train_batch_end:39 - Epoch 0, Step 1109: train_loss = 14.1470
2025-06-23 15:49:33.573 | INFO     | __main__:on_train_batch_end:39 - Epoch 0, Step 1110: train_loss = 6.5243
2025-06-23 15:49:33.841 | INFO     | __main__:on_train_batch_end:39 - Epoch 0, Step 1111: train_loss = 3.7981
2025-06-23 15:49:34.109 | INFO     | __main__:on_train_batch_end:39 - Epoch 0, Step 1112: train_loss = 3.5560
2025-06-23 15:49:34.382 | INFO     | __main__:on_train_batch_end:39 - Epoch 0, Step 1113: train_loss = 4.5183
2025-06-23 15:49:34.651 | INFO     | __main__:on_train_batch_end:39 - Epoch 0, Step 1114: train_loss = 3.8799
2025-06-23 15:49:34.915 | INFO     | __main__:on_train_batch_end:39 - Epoch 0, Step 1115: train_loss = 10.9945
2025-06-23 15:49:35.179 | INFO     | __main__:on_train_batch_end:39 - Epoch 0, Step 1116: train_loss = 9.1691
2025-06-23 15:49:35.443 | INFO     | __main__:on_train_batch_end:39 - Epoch 0, Step 1117: train_loss = 18.9145
2025-06-23 15:49:35.722 | INFO     | __main__:on_train_batch_end:39 - Epoch 0, Step 1118: train_loss = 5.0705
2025-06-23 15:49:35.994 | INFO     | __main__:on_train_batch_end:39 - Epoch 0, Step 1119: train_loss = 4.8765
2025-06-23 15:49:36.259 | INFO     | __main__:on_train_batch_end:39 - Epoch 0, Step 1120: train_loss = 17.4465
2025-06-23 15:49:36.527 | INFO     | __main__:on_train_batch_end:39 - Epoch 0, Step 1121: train_loss = 5.4111
2025-06-23 15:49:36.792 | INFO     | __main__:on_train_batch_end:39 - Epoch 0, Step 1122: train_loss = 7.3559
2025-06-23 15:49:37.055 | INFO     | __main__:on_train_batch_end:39 - Epoch 0, Step 1123: train_loss = 11.4588
2025-06-23 15:49:37.327 | INFO     | __main__:on_train_batch_end:39 - Epoch 0, Step 1124: train_loss = 5.1240
2025-06-23 15:49:37.589 | INFO     | __main__:on_train_batch_end:39 - Epoch 0, Step 1125: train_loss = 28.2428
2025-06-23 15:49:37.853 | INFO     | __main__:on_train_batch_end:39 - Epoch 0, Step 1126: train_loss = 5.8610
2025-06-23 15:49:38.117 | INFO     | __main__:on_train_batch_end:39 - Epoch 0, Step 1127: train_loss = 16.1615
2025-06-23 15:49:38.379 | INFO     | __main__:on_train_batch_end:39 - Epoch 0, Step 1128: train_loss = 3.7971
2025-06-23 15:49:38.641 | INFO     | __main__:on_train_batch_end:39 - Epoch 0, Step 1129: train_loss = 18.6336
2025-06-23 15:49:38.913 | INFO     | __main__:on_train_batch_end:39 - Epoch 0, Step 1130: train_loss = 8.7855
2025-06-23 15:49:39.191 | INFO     | __main__:on_train_batch_end:39 - Epoch 0, Step 1131: train_loss = 21.8485
2025-06-23 15:49:39.460 | INFO     | __main__:on_train_batch_end:39 - Epoch 0, Step 1132: train_loss = 4.1140
2025-06-23 15:49:39.724 | INFO     | __main__:on_train_batch_end:39 - Epoch 0, Step 1133: train_loss = 5.1344
2025-06-23 15:49:39.992 | INFO     | __main__:on_train_batch_end:39 - Epoch 0, Step 1134: train_loss = 13.4058
2025-06-23 15:49:40.261 | INFO     | __main__:on_train_batch_end:39 - Epoch 0, Step 1135: train_loss = 22.7607
2025-06-23 15:49:40.526 | INFO     | __main__:on_train_batch_end:39 - Epoch 0, Step 1136: train_loss = 16.0598
2025-06-23 15:49:40.792 | INFO     | __main__:on_train_batch_end:39 - Epoch 0, Step 1137: train_loss = 6.0307
2025-06-23 15:49:41.059 | INFO     | __main__:on_train_batch_end:39 - Epoch 0, Step 1138: train_loss = 3.6386
2025-06-23 15:49:41.326 | INFO     | __main__:on_train_batch_end:39 - Epoch 0, Step 1139: train_loss = 9.4229
2025-06-23 15:49:41.602 | INFO     | __main__:on_train_batch_end:39 - Epoch 0, Step 1140: train_loss = 5.2040
2025-06-23 15:49:41.871 | INFO     | __main__:on_train_batch_end:39 - Epoch 0, Step 1141: train_loss = 8.1318
2025-06-23 15:49:42.134 | INFO     | __main__:on_train_batch_end:39 - Epoch 0, Step 1142: train_loss = 14.0655
2025-06-23 15:49:42.398 | INFO     | __main__:on_train_batch_end:39 - Epoch 0, Step 1143: train_loss = 5.1773
2025-06-23 15:49:42.666 | INFO     | __main__:on_train_batch_end:39 - Epoch 0, Step 1144: train_loss = 5.1739
2025-06-23 15:49:42.930 | INFO     | __main__:on_train_batch_end:39 - Epoch 0, Step 1145: train_loss = 3.6255
2025-06-23 15:49:43.195 | INFO     | __main__:on_train_batch_end:39 - Epoch 0, Step 1146: train_loss = 23.6435
2025-06-23 15:49:43.456 | INFO     | __main__:on_train_batch_end:39 - Epoch 0, Step 1147: train_loss = 3.9367
2025-06-23 15:49:43.719 | INFO     | __main__:on_train_batch_end:39 - Epoch 0, Step 1148: train_loss = 14.3827
2025-06-23 15:49:43.983 | INFO     | __main__:on_train_batch_end:39 - Epoch 0, Step 1149: train_loss = 3.6454
2025-06-23 15:49:44.247 | INFO     | __main__:on_train_batch_end:39 - Epoch 0, Step 1150: train_loss = 19.4067
2025-06-23 15:49:44.511 | INFO     | __main__:on_train_batch_end:39 - Epoch 0, Step 1151: train_loss = 5.9615
2025-06-23 15:49:44.787 | INFO     | __main__:on_train_batch_end:39 - Epoch 0, Step 1152: train_loss = 3.9747
2025-06-23 15:49:45.050 | INFO     | __main__:on_train_batch_end:39 - Epoch 0, Step 1153: train_loss = 10.3892
2025-06-23 15:49:45.314 | INFO     | __main__:on_train_batch_end:39 - Epoch 0, Step 1154: train_loss = 13.1042
2025-06-23 15:49:45.583 | INFO     | __main__:on_train_batch_end:39 - Epoch 0, Step 1155: train_loss = 13.6425
2025-06-23 15:49:45.847 | INFO     | __main__:on_train_batch_end:39 - Epoch 0, Step 1156: train_loss = 14.0944
2025-06-23 15:49:46.108 | INFO     | __main__:on_train_batch_end:39 - Epoch 0, Step 1157: train_loss = 3.6906
2025-06-23 15:49:46.371 | INFO     | __main__:on_train_batch_end:39 - Epoch 0, Step 1158: train_loss = 5.7133
2025-06-23 15:49:46.635 | INFO     | __main__:on_train_batch_end:39 - Epoch 0, Step 1159: train_loss = 3.8979
2025-06-23 15:49:46.900 | INFO     | __main__:on_train_batch_end:39 - Epoch 0, Step 1160: train_loss = 11.9280
2025-06-23 15:49:47.162 | INFO     | __main__:on_train_batch_end:39 - Epoch 0, Step 1161: train_loss = 6.0635
2025-06-23 15:49:47.426 | INFO     | __main__:on_train_batch_end:39 - Epoch 0, Step 1162: train_loss = 3.7128
2025-06-23 15:49:47.703 | INFO     | __main__:on_train_batch_end:39 - Epoch 0, Step 1163: train_loss = 7.3330
2025-06-23 15:49:47.965 | INFO     | __main__:on_train_batch_end:39 - Epoch 0, Step 1164: train_loss = 10.7652
2025-06-23 15:49:48.228 | INFO     | __main__:on_train_batch_end:39 - Epoch 0, Step 1165: train_loss = 7.4290
2025-06-23 15:49:48.496 | INFO     | __main__:on_train_batch_end:39 - Epoch 0, Step 1166: train_loss = 4.2301
2025-06-23 15:49:48.759 | INFO     | __main__:on_train_batch_end:39 - Epoch 0, Step 1167: train_loss = 3.5158
2025-06-23 15:49:49.023 | INFO     | __main__:on_train_batch_end:39 - Epoch 0, Step 1168: train_loss = 8.2892
2025-06-23 15:49:49.287 | INFO     | __main__:on_train_batch_end:39 - Epoch 0, Step 1169: train_loss = 21.1568
2025-06-23 15:49:49.552 | INFO     | __main__:on_train_batch_end:39 - Epoch 0, Step 1170: train_loss = 7.4128
2025-06-23 15:49:49.816 | INFO     | __main__:on_train_batch_end:39 - Epoch 0, Step 1171: train_loss = 4.5945
2025-06-23 15:49:50.078 | INFO     | __main__:on_train_batch_end:39 - Epoch 0, Step 1172: train_loss = 6.4893
2025-06-23 15:49:50.341 | INFO     | __main__:on_train_batch_end:39 - Epoch 0, Step 1173: train_loss = 13.1726
2025-06-23 15:49:50.603 | INFO     | __main__:on_train_batch_end:39 - Epoch 0, Step 1174: train_loss = 22.9249
2025-06-23 15:49:50.866 | INFO     | __main__:on_train_batch_end:39 - Epoch 0, Step 1175: train_loss = 4.0727
2025-06-23 15:49:51.132 | INFO     | __main__:on_train_batch_end:39 - Epoch 0, Step 1176: train_loss = 5.9169
2025-06-23 15:49:51.395 | INFO     | __main__:on_train_batch_end:39 - Epoch 0, Step 1177: train_loss = 18.9955
2025-06-23 15:49:51.660 | INFO     | __main__:on_train_batch_end:39 - Epoch 0, Step 1178: train_loss = 11.2873
2025-06-23 15:49:51.927 | INFO     | __main__:on_train_batch_end:39 - Epoch 0, Step 1179: train_loss = 11.9692
2025-06-23 15:49:52.192 | INFO     | __main__:on_train_batch_end:39 - Epoch 0, Step 1180: train_loss = 3.9240
2025-06-23 15:49:52.454 | INFO     | __main__:on_train_batch_end:39 - Epoch 0, Step 1181: train_loss = 4.2138
2025-06-23 15:49:52.717 | INFO     | __main__:on_train_batch_end:39 - Epoch 0, Step 1182: train_loss = 7.0884
2025-06-23 15:49:52.978 | INFO     | __main__:on_train_batch_end:39 - Epoch 0, Step 1183: train_loss = 5.5160
2025-06-23 15:49:53.242 | INFO     | __main__:on_train_batch_end:39 - Epoch 0, Step 1184: train_loss = 15.5269
2025-06-23 15:49:53.510 | INFO     | __main__:on_train_batch_end:39 - Epoch 0, Step 1185: train_loss = 22.9808
2025-06-23 15:49:53.773 | INFO     | __main__:on_train_batch_end:39 - Epoch 0, Step 1186: train_loss = 14.7245
2025-06-23 15:49:54.039 | INFO     | __main__:on_train_batch_end:39 - Epoch 0, Step 1187: train_loss = 11.6831
2025-06-23 15:49:54.306 | INFO     | __main__:on_train_batch_end:39 - Epoch 0, Step 1188: train_loss = 25.3846
2025-06-23 15:49:54.574 | INFO     | __main__:on_train_batch_end:39 - Epoch 0, Step 1189: train_loss = 19.5520
2025-06-23 15:49:54.838 | INFO     | __main__:on_train_batch_end:39 - Epoch 0, Step 1190: train_loss = 6.9092
2025-06-23 15:49:55.101 | INFO     | __main__:on_train_batch_end:39 - Epoch 0, Step 1191: train_loss = 18.6246
2025-06-23 15:49:55.361 | INFO     | __main__:on_train_batch_end:39 - Epoch 0, Step 1192: train_loss = 5.8184
2025-06-23 15:49:55.625 | INFO     | __main__:on_train_batch_end:39 - Epoch 0, Step 1193: train_loss = 3.6218
2025-06-23 15:49:55.887 | INFO     | __main__:on_train_batch_end:39 - Epoch 0, Step 1194: train_loss = 7.5036
2025-06-23 15:49:56.151 | INFO     | __main__:on_train_batch_end:39 - Epoch 0, Step 1195: train_loss = 14.0004
2025-06-23 15:49:56.413 | INFO     | __main__:on_train_batch_end:39 - Epoch 0, Step 1196: train_loss = 9.7431
2025-06-23 15:49:56.677 | INFO     | __main__:on_train_batch_end:39 - Epoch 0, Step 1197: train_loss = 14.7934
2025-06-23 15:49:56.939 | INFO     | __main__:on_train_batch_end:39 - Epoch 0, Step 1198: train_loss = 3.9407
2025-06-23 15:49:57.204 | INFO     | __main__:on_train_batch_end:39 - Epoch 0, Step 1199: train_loss = 10.4443
2025-06-23 15:49:57.471 | INFO     | __main__:on_train_batch_end:39 - Epoch 0, Step 1200: train_loss = 5.9961
2025-06-23 15:49:57.735 | INFO     | __main__:on_train_batch_end:39 - Epoch 0, Step 1201: train_loss = 7.3732
2025-06-23 15:49:58.000 | INFO     | __main__:on_train_batch_end:39 - Epoch 0, Step 1202: train_loss = 7.6850
2025-06-23 15:49:58.266 | INFO     | __main__:on_train_batch_end:39 - Epoch 0, Step 1203: train_loss = 8.0958
2025-06-23 15:49:58.531 | INFO     | __main__:on_train_batch_end:39 - Epoch 0, Step 1204: train_loss = 4.4545
2025-06-23 15:49:58.793 | INFO     | __main__:on_train_batch_end:39 - Epoch 0, Step 1205: train_loss = 4.3539
2025-06-23 15:49:59.055 | INFO     | __main__:on_train_batch_end:39 - Epoch 0, Step 1206: train_loss = 4.0788
2025-06-23 15:49:59.318 | INFO     | __main__:on_train_batch_end:39 - Epoch 0, Step 1207: train_loss = 4.3132
2025-06-23 15:49:59.580 | INFO     | __main__:on_train_batch_end:39 - Epoch 0, Step 1208: train_loss = 6.5009
2025-06-23 15:49:59.842 | INFO     | __main__:on_train_batch_end:39 - Epoch 0, Step 1209: train_loss = 8.2593
2025-06-23 15:50:00.107 | INFO     | __main__:on_train_batch_end:39 - Epoch 0, Step 1210: train_loss = 3.7878
2025-06-23 15:50:00.372 | INFO     | __main__:on_train_batch_end:39 - Epoch 0, Step 1211: train_loss = 5.0857
2025-06-23 15:50:00.638 | INFO     | __main__:on_train_batch_end:39 - Epoch 0, Step 1212: train_loss = 13.8845
2025-06-23 15:50:00.901 | INFO     | __main__:on_train_batch_end:39 - Epoch 0, Step 1213: train_loss = 8.3504
2025-06-23 15:50:01.164 | INFO     | __main__:on_train_batch_end:39 - Epoch 0, Step 1214: train_loss = 4.0202
2025-06-23 15:50:01.426 | INFO     | __main__:on_train_batch_end:39 - Epoch 0, Step 1215: train_loss = 6.6064
2025-06-23 15:50:01.689 | INFO     | __main__:on_train_batch_end:39 - Epoch 0, Step 1216: train_loss = 6.4921
2025-06-23 15:50:01.952 | INFO     | __main__:on_train_batch_end:39 - Epoch 0, Step 1217: train_loss = 10.1841
2025-06-23 15:50:02.215 | INFO     | __main__:on_train_batch_end:39 - Epoch 0, Step 1218: train_loss = 3.7514
2025-06-23 15:50:02.482 | INFO     | __main__:on_train_batch_end:39 - Epoch 0, Step 1219: train_loss = 4.3298
2025-06-23 15:50:02.746 | INFO     | __main__:on_train_batch_end:39 - Epoch 0, Step 1220: train_loss = 6.2959
2025-06-23 15:50:03.010 | INFO     | __main__:on_train_batch_end:39 - Epoch 0, Step 1221: train_loss = 18.5493
2025-06-23 15:50:03.369 | INFO     | __main__:on_train_batch_end:39 - Epoch 0, Step 1222: train_loss = 7.7729
2025-06-23 15:50:03.636 | INFO     | __main__:on_train_batch_end:39 - Epoch 0, Step 1223: train_loss = 16.7054
2025-06-23 15:50:03.902 | INFO     | __main__:on_train_batch_end:39 - Epoch 0, Step 1224: train_loss = 14.0115
2025-06-23 15:50:04.164 | INFO     | __main__:on_train_batch_end:39 - Epoch 0, Step 1225: train_loss = 6.1825
2025-06-23 15:50:04.430 | INFO     | __main__:on_train_batch_end:39 - Epoch 0, Step 1226: train_loss = 8.1387
2025-06-23 15:50:04.692 | INFO     | __main__:on_train_batch_end:39 - Epoch 0, Step 1227: train_loss = 12.2984
2025-06-23 15:50:04.954 | INFO     | __main__:on_train_batch_end:39 - Epoch 0, Step 1228: train_loss = 9.4399
2025-06-23 15:50:05.227 | INFO     | __main__:on_train_batch_end:39 - Epoch 0, Step 1229: train_loss = 5.7450
2025-06-23 15:50:05.490 | INFO     | __main__:on_train_batch_end:39 - Epoch 0, Step 1230: train_loss = 5.5231
2025-06-23 15:50:05.752 | INFO     | __main__:on_train_batch_end:39 - Epoch 0, Step 1231: train_loss = 5.2486
2025-06-23 15:50:06.026 | INFO     | __main__:on_train_batch_end:39 - Epoch 0, Step 1232: train_loss = 13.6577
2025-06-23 15:50:06.300 | INFO     | __main__:on_train_batch_end:39 - Epoch 0, Step 1233: train_loss = 19.7833
2025-06-23 15:50:06.569 | INFO     | __main__:on_train_batch_end:39 - Epoch 0, Step 1234: train_loss = 9.1063
2025-06-23 15:50:06.832 | INFO     | __main__:on_train_batch_end:39 - Epoch 0, Step 1235: train_loss = 3.8801
2025-06-23 15:50:07.107 | INFO     | __main__:on_train_batch_end:39 - Epoch 0, Step 1236: train_loss = 3.8615
2025-06-23 15:50:07.375 | INFO     | __main__:on_train_batch_end:39 - Epoch 0, Step 1237: train_loss = 3.9299
2025-06-23 15:50:07.638 | INFO     | __main__:on_train_batch_end:39 - Epoch 0, Step 1238: train_loss = 16.2059
2025-06-23 15:50:07.901 | INFO     | __main__:on_train_batch_end:39 - Epoch 0, Step 1239: train_loss = 5.7518
2025-06-23 15:50:08.164 | INFO     | __main__:on_train_batch_end:39 - Epoch 0, Step 1240: train_loss = 11.4637
2025-06-23 15:50:08.425 | INFO     | __main__:on_train_batch_end:39 - Epoch 0, Step 1241: train_loss = 4.1621
2025-06-23 15:50:08.692 | INFO     | __main__:on_train_batch_end:39 - Epoch 0, Step 1242: train_loss = 9.6921
2025-06-23 15:50:08.956 | INFO     | __main__:on_train_batch_end:39 - Epoch 0, Step 1243: train_loss = 9.1088
2025-06-23 15:50:09.220 | INFO     | __main__:on_train_batch_end:39 - Epoch 0, Step 1244: train_loss = 7.9101
2025-06-23 15:50:09.486 | INFO     | __main__:on_train_batch_end:39 - Epoch 0, Step 1245: train_loss = 18.3596
2025-06-23 15:50:09.749 | INFO     | __main__:on_train_batch_end:39 - Epoch 0, Step 1246: train_loss = 3.6809
2025-06-23 15:50:10.011 | INFO     | __main__:on_train_batch_end:39 - Epoch 0, Step 1247: train_loss = 21.8711
2025-06-23 15:50:10.276 | INFO     | __main__:on_train_batch_end:39 - Epoch 0, Step 1248: train_loss = 5.6316
2025-06-23 15:50:10.537 | INFO     | __main__:on_train_batch_end:39 - Epoch 0, Step 1249: train_loss = 3.6291
2025-06-23 15:50:10.799 | INFO     | __main__:on_train_batch_end:39 - Epoch 0, Step 1250: train_loss = 3.6762
2025-06-23 15:50:11.060 | INFO     | __main__:on_train_batch_end:39 - Epoch 0, Step 1251: train_loss = 12.6381
2025-06-23 15:50:11.323 | INFO     | __main__:on_train_batch_end:39 - Epoch 0, Step 1252: train_loss = 10.4651
2025-06-23 15:50:11.588 | INFO     | __main__:on_train_batch_end:39 - Epoch 0, Step 1253: train_loss = 4.1026
2025-06-23 15:50:11.851 | INFO     | __main__:on_train_batch_end:39 - Epoch 0, Step 1254: train_loss = 15.9035
2025-06-23 15:50:12.112 | INFO     | __main__:on_train_batch_end:39 - Epoch 0, Step 1255: train_loss = 5.6846
2025-06-23 15:50:12.374 | INFO     | __main__:on_train_batch_end:39 - Epoch 0, Step 1256: train_loss = 4.2818
2025-06-23 15:50:12.640 | INFO     | __main__:on_train_batch_end:39 - Epoch 0, Step 1257: train_loss = 4.3623
2025-06-23 15:50:12.903 | INFO     | __main__:on_train_batch_end:39 - Epoch 0, Step 1258: train_loss = 4.1912
2025-06-23 15:50:13.169 | INFO     | __main__:on_train_batch_end:39 - Epoch 0, Step 1259: train_loss = 9.9006
2025-06-23 15:50:13.443 | INFO     | __main__:on_train_batch_end:39 - Epoch 0, Step 1260: train_loss = 3.6030
2025-06-23 15:50:13.715 | INFO     | __main__:on_train_batch_end:39 - Epoch 0, Step 1261: train_loss = 26.6651
2025-06-23 15:50:13.985 | INFO     | __main__:on_train_batch_end:39 - Epoch 0, Step 1262: train_loss = 21.6088
2025-06-23 15:50:14.259 | INFO     | __main__:on_train_batch_end:39 - Epoch 0, Step 1263: train_loss = 6.7988
2025-06-23 15:50:14.528 | INFO     | __main__:on_train_batch_end:39 - Epoch 0, Step 1264: train_loss = 5.9322
2025-06-23 15:50:14.808 | INFO     | __main__:on_train_batch_end:39 - Epoch 0, Step 1265: train_loss = 4.2533
2025-06-23 15:50:15.076 | INFO     | __main__:on_train_batch_end:39 - Epoch 0, Step 1266: train_loss = 23.2794
2025-06-23 15:50:15.341 | INFO     | __main__:on_train_batch_end:39 - Epoch 0, Step 1267: train_loss = 5.4654
2025-06-23 15:50:15.610 | INFO     | __main__:on_train_batch_end:39 - Epoch 0, Step 1268: train_loss = 22.1805
2025-06-23 15:50:15.873 | INFO     | __main__:on_train_batch_end:39 - Epoch 0, Step 1269: train_loss = 4.8290
2025-06-23 15:50:16.136 | INFO     | __main__:on_train_batch_end:39 - Epoch 0, Step 1270: train_loss = 19.7561
2025-06-23 15:50:16.400 | INFO     | __main__:on_train_batch_end:39 - Epoch 0, Step 1271: train_loss = 4.1833
2025-06-23 15:50:16.672 | INFO     | __main__:on_train_batch_end:39 - Epoch 0, Step 1272: train_loss = 19.4590
2025-06-23 15:50:16.945 | INFO     | __main__:on_train_batch_end:39 - Epoch 0, Step 1273: train_loss = 11.9637
2025-06-23 15:50:17.214 | INFO     | __main__:on_train_batch_end:39 - Epoch 0, Step 1274: train_loss = 4.7041
2025-06-23 15:50:17.480 | INFO     | __main__:on_train_batch_end:39 - Epoch 0, Step 1275: train_loss = 6.7255
2025-06-23 15:50:17.755 | INFO     | __main__:on_train_batch_end:39 - Epoch 0, Step 1276: train_loss = 4.6682
2025-06-23 15:50:18.021 | INFO     | __main__:on_train_batch_end:39 - Epoch 0, Step 1277: train_loss = 3.6068
2025-06-23 15:50:18.287 | INFO     | __main__:on_train_batch_end:39 - Epoch 0, Step 1278: train_loss = 3.8785
2025-06-23 15:50:18.565 | INFO     | __main__:on_train_batch_end:39 - Epoch 0, Step 1279: train_loss = 15.2701
2025-06-23 15:50:18.834 | INFO     | __main__:on_train_batch_end:39 - Epoch 0, Step 1280: train_loss = 4.3036
2025-06-23 15:50:19.102 | INFO     | __main__:on_train_batch_end:39 - Epoch 0, Step 1281: train_loss = 7.5646
2025-06-23 15:50:19.362 | INFO     | __main__:on_train_batch_end:39 - Epoch 0, Step 1282: train_loss = 5.7061
2025-06-23 15:50:19.624 | INFO     | __main__:on_train_batch_end:39 - Epoch 0, Step 1283: train_loss = 9.6218
2025-06-23 15:50:19.887 | INFO     | __main__:on_train_batch_end:39 - Epoch 0, Step 1284: train_loss = 4.0904
2025-06-23 15:50:20.161 | INFO     | __main__:on_train_batch_end:39 - Epoch 0, Step 1285: train_loss = 25.0786
2025-06-23 15:50:20.434 | INFO     | __main__:on_train_batch_end:39 - Epoch 0, Step 1286: train_loss = 3.5859
2025-06-23 15:50:20.697 | INFO     | __main__:on_train_batch_end:39 - Epoch 0, Step 1287: train_loss = 8.2627
2025-06-23 15:50:20.961 | INFO     | __main__:on_train_batch_end:39 - Epoch 0, Step 1288: train_loss = 17.3945
2025-06-23 15:50:21.225 | INFO     | __main__:on_train_batch_end:39 - Epoch 0, Step 1289: train_loss = 3.5777
2025-06-23 15:50:21.489 | INFO     | __main__:on_train_batch_end:39 - Epoch 0, Step 1290: train_loss = 3.8199
2025-06-23 15:50:21.763 | INFO     | __main__:on_train_batch_end:39 - Epoch 0, Step 1291: train_loss = 15.5821
2025-06-23 15:50:22.025 | INFO     | __main__:on_train_batch_end:39 - Epoch 0, Step 1292: train_loss = 5.4752
2025-06-23 15:50:22.290 | INFO     | __main__:on_train_batch_end:39 - Epoch 0, Step 1293: train_loss = 7.6681
2025-06-23 15:50:22.553 | INFO     | __main__:on_train_batch_end:39 - Epoch 0, Step 1294: train_loss = 3.7270
2025-06-23 15:50:22.816 | INFO     | __main__:on_train_batch_end:39 - Epoch 0, Step 1295: train_loss = 5.0812
2025-06-23 15:50:23.078 | INFO     | __main__:on_train_batch_end:39 - Epoch 0, Step 1296: train_loss = 6.1064
2025-06-23 15:50:23.340 | INFO     | __main__:on_train_batch_end:39 - Epoch 0, Step 1297: train_loss = 3.5019
2025-06-23 15:50:23.603 | INFO     | __main__:on_train_batch_end:39 - Epoch 0, Step 1298: train_loss = 14.1732
2025-06-23 15:50:23.865 | INFO     | __main__:on_train_batch_end:39 - Epoch 0, Step 1299: train_loss = 5.4710
2025-06-23 15:50:24.129 | INFO     | __main__:on_train_batch_end:39 - Epoch 0, Step 1300: train_loss = 3.9280
2025-06-23 15:50:24.394 | INFO     | __main__:on_train_batch_end:39 - Epoch 0, Step 1301: train_loss = 3.8078
2025-06-23 15:50:24.660 | INFO     | __main__:on_train_batch_end:39 - Epoch 0, Step 1302: train_loss = 3.5622
2025-06-23 15:50:24.925 | INFO     | __main__:on_train_batch_end:39 - Epoch 0, Step 1303: train_loss = 3.6153
2025-06-23 15:50:25.187 | INFO     | __main__:on_train_batch_end:39 - Epoch 0, Step 1304: train_loss = 3.7516
2025-06-23 15:50:25.449 | INFO     | __main__:on_train_batch_end:39 - Epoch 0, Step 1305: train_loss = 4.1508
2025-06-23 15:50:25.712 | INFO     | __main__:on_train_batch_end:39 - Epoch 0, Step 1306: train_loss = 17.2755
2025-06-23 15:50:25.984 | INFO     | __main__:on_train_batch_end:39 - Epoch 0, Step 1307: train_loss = 5.3829
2025-06-23 15:50:26.254 | INFO     | __main__:on_train_batch_end:39 - Epoch 0, Step 1308: train_loss = 6.2142
2025-06-23 15:50:26.518 | INFO     | __main__:on_train_batch_end:39 - Epoch 0, Step 1309: train_loss = 10.0963
2025-06-23 15:50:26.782 | INFO     | __main__:on_train_batch_end:39 - Epoch 0, Step 1310: train_loss = 4.6816
2025-06-23 15:50:27.055 | INFO     | __main__:on_train_batch_end:39 - Epoch 0, Step 1311: train_loss = 5.2285
2025-06-23 15:50:27.330 | INFO     | __main__:on_train_batch_end:39 - Epoch 0, Step 1312: train_loss = 4.5732
2025-06-23 15:50:27.596 | INFO     | __main__:on_train_batch_end:39 - Epoch 0, Step 1313: train_loss = 4.1293
2025-06-23 15:50:27.858 | INFO     | __main__:on_train_batch_end:39 - Epoch 0, Step 1314: train_loss = 20.5387
2025-06-23 15:50:28.132 | INFO     | __main__:on_train_batch_end:39 - Epoch 0, Step 1315: train_loss = 9.7638
2025-06-23 15:50:28.404 | INFO     | __main__:on_train_batch_end:39 - Epoch 0, Step 1316: train_loss = 3.6744
2025-06-23 15:50:28.666 | INFO     | __main__:on_train_batch_end:39 - Epoch 0, Step 1317: train_loss = 4.7456
2025-06-23 15:50:28.930 | INFO     | __main__:on_train_batch_end:39 - Epoch 0, Step 1318: train_loss = 33.6859
2025-06-23 15:50:29.195 | INFO     | __main__:on_train_batch_end:39 - Epoch 0, Step 1319: train_loss = 16.9797
2025-06-23 15:50:29.467 | INFO     | __main__:on_train_batch_end:39 - Epoch 0, Step 1320: train_loss = 4.9738
2025-06-23 15:50:29.742 | INFO     | __main__:on_train_batch_end:39 - Epoch 0, Step 1321: train_loss = 4.0480
2025-06-23 15:50:30.007 | INFO     | __main__:on_train_batch_end:39 - Epoch 0, Step 1322: train_loss = 4.0792
2025-06-23 15:50:30.271 | INFO     | __main__:on_train_batch_end:39 - Epoch 0, Step 1323: train_loss = 6.8127
2025-06-23 15:50:30.539 | INFO     | __main__:on_train_batch_end:39 - Epoch 0, Step 1324: train_loss = 4.4259
2025-06-23 15:50:30.801 | INFO     | __main__:on_train_batch_end:39 - Epoch 0, Step 1325: train_loss = 3.6891
2025-06-23 15:50:31.065 | INFO     | __main__:on_train_batch_end:39 - Epoch 0, Step 1326: train_loss = 8.1058
2025-06-23 15:50:31.328 | INFO     | __main__:on_train_batch_end:39 - Epoch 0, Step 1327: train_loss = 3.9785
2025-06-23 15:50:31.595 | INFO     | __main__:on_train_batch_end:39 - Epoch 0, Step 1328: train_loss = 6.1351
2025-06-23 15:50:31.869 | INFO     | __main__:on_train_batch_end:39 - Epoch 0, Step 1329: train_loss = 7.2325
2025-06-23 15:50:32.132 | INFO     | __main__:on_train_batch_end:39 - Epoch 0, Step 1330: train_loss = 5.7214
2025-06-23 15:50:32.395 | INFO     | __main__:on_train_batch_end:39 - Epoch 0, Step 1331: train_loss = 8.7634
2025-06-23 15:50:32.663 | INFO     | __main__:on_train_batch_end:39 - Epoch 0, Step 1332: train_loss = 4.1710
2025-06-23 15:50:32.938 | INFO     | __main__:on_train_batch_end:39 - Epoch 0, Step 1333: train_loss = 13.5748
2025-06-23 15:50:33.205 | INFO     | __main__:on_train_batch_end:39 - Epoch 0, Step 1334: train_loss = 4.9533
2025-06-23 15:50:33.487 | INFO     | __main__:on_train_batch_end:39 - Epoch 0, Step 1335: train_loss = 23.7542
2025-06-23 15:50:33.752 | INFO     | __main__:on_train_batch_end:39 - Epoch 0, Step 1336: train_loss = 24.1768
2025-06-23 15:50:34.017 | INFO     | __main__:on_train_batch_end:39 - Epoch 0, Step 1337: train_loss = 3.6449
2025-06-23 15:50:34.286 | INFO     | __main__:on_train_batch_end:39 - Epoch 0, Step 1338: train_loss = 5.7249
2025-06-23 15:50:34.560 | INFO     | __main__:on_train_batch_end:39 - Epoch 0, Step 1339: train_loss = 3.8495
2025-06-23 15:50:34.824 | INFO     | __main__:on_train_batch_end:39 - Epoch 0, Step 1340: train_loss = 15.3719
2025-06-23 15:50:35.087 | INFO     | __main__:on_train_batch_end:39 - Epoch 0, Step 1341: train_loss = 4.0415
2025-06-23 15:50:35.352 | INFO     | __main__:on_train_batch_end:39 - Epoch 0, Step 1342: train_loss = 21.0142
2025-06-23 15:50:35.616 | INFO     | __main__:on_train_batch_end:39 - Epoch 0, Step 1343: train_loss = 3.5998
2025-06-23 15:50:35.880 | INFO     | __main__:on_train_batch_end:39 - Epoch 0, Step 1344: train_loss = 3.9125
2025-06-23 15:50:36.142 | INFO     | __main__:on_train_batch_end:39 - Epoch 0, Step 1345: train_loss = 3.8939
2025-06-23 15:50:36.405 | INFO     | __main__:on_train_batch_end:39 - Epoch 0, Step 1346: train_loss = 18.6304
2025-06-23 15:50:36.685 | INFO     | __main__:on_train_batch_end:39 - Epoch 0, Step 1347: train_loss = 6.9129
2025-06-23 15:50:36.959 | INFO     | __main__:on_train_batch_end:39 - Epoch 0, Step 1348: train_loss = 6.4567
2025-06-23 15:50:37.226 | INFO     | __main__:on_train_batch_end:39 - Epoch 0, Step 1349: train_loss = 4.9211
2025-06-23 15:50:37.489 | INFO     | __main__:on_train_batch_end:39 - Epoch 0, Step 1350: train_loss = 5.0476
2025-06-23 15:50:37.755 | INFO     | __main__:on_train_batch_end:39 - Epoch 0, Step 1351: train_loss = 3.9709
2025-06-23 15:50:38.021 | INFO     | __main__:on_train_batch_end:39 - Epoch 0, Step 1352: train_loss = 25.2728
2025-06-23 15:50:38.297 | INFO     | __main__:on_train_batch_end:39 - Epoch 0, Step 1353: train_loss = 5.6326
2025-06-23 15:50:38.562 | INFO     | __main__:on_train_batch_end:39 - Epoch 0, Step 1354: train_loss = 3.5939
2025-06-23 15:50:38.828 | INFO     | __main__:on_train_batch_end:39 - Epoch 0, Step 1355: train_loss = 8.3292
2025-06-23 15:50:39.093 | INFO     | __main__:on_train_batch_end:39 - Epoch 0, Step 1356: train_loss = 4.5815
2025-06-23 15:50:39.356 | INFO     | __main__:on_train_batch_end:39 - Epoch 0, Step 1357: train_loss = 4.0237
2025-06-23 15:50:39.620 | INFO     | __main__:on_train_batch_end:39 - Epoch 0, Step 1358: train_loss = 10.3771
2025-06-23 15:50:39.890 | INFO     | __main__:on_train_batch_end:39 - Epoch 0, Step 1359: train_loss = 11.1650
2025-06-23 15:50:40.163 | INFO     | __main__:on_train_batch_end:39 - Epoch 0, Step 1360: train_loss = 7.3983
2025-06-23 15:50:40.429 | INFO     | __main__:on_train_batch_end:39 - Epoch 0, Step 1361: train_loss = 3.9996
2025-06-23 15:50:40.691 | INFO     | __main__:on_train_batch_end:39 - Epoch 0, Step 1362: train_loss = 5.3133
2025-06-23 15:50:40.961 | INFO     | __main__:on_train_batch_end:39 - Epoch 0, Step 1363: train_loss = 9.3224
2025-06-23 15:50:41.240 | INFO     | __main__:on_train_batch_end:39 - Epoch 0, Step 1364: train_loss = 5.9057
2025-06-23 15:50:41.503 | INFO     | __main__:on_train_batch_end:39 - Epoch 0, Step 1365: train_loss = 14.4497
2025-06-23 15:50:41.767 | INFO     | __main__:on_train_batch_end:39 - Epoch 0, Step 1366: train_loss = 4.0259
2025-06-23 15:50:42.031 | INFO     | __main__:on_train_batch_end:39 - Epoch 0, Step 1367: train_loss = 3.8630
2025-06-23 15:50:42.295 | INFO     | __main__:on_train_batch_end:39 - Epoch 0, Step 1368: train_loss = 4.6724
2025-06-23 15:50:42.562 | INFO     | __main__:on_train_batch_end:39 - Epoch 0, Step 1369: train_loss = 33.9950
2025-06-23 15:50:42.827 | INFO     | __main__:on_train_batch_end:39 - Epoch 0, Step 1370: train_loss = 4.6565
2025-06-23 15:50:43.103 | INFO     | __main__:on_train_batch_end:39 - Epoch 0, Step 1371: train_loss = 10.2496
2025-06-23 15:50:43.374 | INFO     | __main__:on_train_batch_end:39 - Epoch 0, Step 1372: train_loss = 3.9676
2025-06-23 15:50:43.639 | INFO     | __main__:on_train_batch_end:39 - Epoch 0, Step 1373: train_loss = 4.6443
2025-06-23 15:50:43.905 | INFO     | __main__:on_train_batch_end:39 - Epoch 0, Step 1374: train_loss = 9.9161
2025-06-23 15:50:44.193 | INFO     | __main__:on_train_batch_end:39 - Epoch 0, Step 1375: train_loss = 13.9585
2025-06-23 15:50:44.458 | INFO     | __main__:on_train_batch_end:39 - Epoch 0, Step 1376: train_loss = 4.7998
2025-06-23 15:50:44.723 | INFO     | __main__:on_train_batch_end:39 - Epoch 0, Step 1377: train_loss = 14.5912
2025-06-23 15:50:44.998 | INFO     | __main__:on_train_batch_end:39 - Epoch 0, Step 1378: train_loss = 6.8425
2025-06-23 15:50:45.266 | INFO     | __main__:on_train_batch_end:39 - Epoch 0, Step 1379: train_loss = 19.8463
2025-06-23 15:50:45.535 | INFO     | __main__:on_train_batch_end:39 - Epoch 0, Step 1380: train_loss = 3.9216
2025-06-23 15:50:45.806 | INFO     | __main__:on_train_batch_end:39 - Epoch 0, Step 1381: train_loss = 15.3619
2025-06-23 15:50:46.073 | INFO     | __main__:on_train_batch_end:39 - Epoch 0, Step 1382: train_loss = 17.0458
2025-06-23 15:50:46.339 | INFO     | __main__:on_train_batch_end:39 - Epoch 0, Step 1383: train_loss = 8.9883
2025-06-23 15:50:46.613 | INFO     | __main__:on_train_batch_end:39 - Epoch 0, Step 1384: train_loss = 7.0085
2025-06-23 15:50:46.875 | INFO     | __main__:on_train_batch_end:39 - Epoch 0, Step 1385: train_loss = 4.5721
2025-06-23 15:50:47.141 | INFO     | __main__:on_train_batch_end:39 - Epoch 0, Step 1386: train_loss = 8.7468
2025-06-23 15:50:47.404 | INFO     | __main__:on_train_batch_end:39 - Epoch 0, Step 1387: train_loss = 8.4112
2025-06-23 15:50:47.668 | INFO     | __main__:on_train_batch_end:39 - Epoch 0, Step 1388: train_loss = 9.1877
2025-06-23 15:50:47.935 | INFO     | __main__:on_train_batch_end:39 - Epoch 0, Step 1389: train_loss = 3.7558
2025-06-23 15:50:48.199 | INFO     | __main__:on_train_batch_end:39 - Epoch 0, Step 1390: train_loss = 7.9904
2025-06-23 15:50:48.468 | INFO     | __main__:on_train_batch_end:39 - Epoch 0, Step 1391: train_loss = 3.3800
2025-06-23 15:50:48.728 | INFO     | __main__:on_train_batch_end:39 - Epoch 0, Step 1392: train_loss = 3.5956
2025-06-23 15:50:49.000 | INFO     | __main__:on_train_batch_end:39 - Epoch 0, Step 1393: train_loss = 4.5499
2025-06-23 15:50:49.359 | INFO     | __main__:on_train_batch_end:39 - Epoch 0, Step 1394: train_loss = 11.9740
2025-06-23 15:50:49.624 | INFO     | __main__:on_train_batch_end:39 - Epoch 0, Step 1395: train_loss = 4.0648
2025-06-23 15:50:49.884 | INFO     | __main__:on_train_batch_end:39 - Epoch 0, Step 1396: train_loss = 3.5687
2025-06-23 15:50:50.153 | INFO     | __main__:on_train_batch_end:39 - Epoch 0, Step 1397: train_loss = 3.9272
2025-06-23 15:50:50.425 | INFO     | __main__:on_train_batch_end:39 - Epoch 0, Step 1398: train_loss = 3.5736
2025-06-23 15:50:50.687 | INFO     | __main__:on_train_batch_end:39 - Epoch 0, Step 1399: train_loss = 3.8306
2025-06-23 15:50:50.952 | INFO     | __main__:on_train_batch_end:39 - Epoch 0, Step 1400: train_loss = 4.0378
2025-06-23 15:50:51.217 | INFO     | __main__:on_train_batch_end:39 - Epoch 0, Step 1401: train_loss = 3.5401
2025-06-23 15:50:51.482 | INFO     | __main__:on_train_batch_end:39 - Epoch 0, Step 1402: train_loss = 5.0701
2025-06-23 15:50:51.745 | INFO     | __main__:on_train_batch_end:39 - Epoch 0, Step 1403: train_loss = 5.8747
2025-06-23 15:50:52.009 | INFO     | __main__:on_train_batch_end:39 - Epoch 0, Step 1404: train_loss = 19.8601
2025-06-23 15:50:52.276 | INFO     | __main__:on_train_batch_end:39 - Epoch 0, Step 1405: train_loss = 10.4694
2025-06-23 15:50:52.540 | INFO     | __main__:on_train_batch_end:39 - Epoch 0, Step 1406: train_loss = 13.3408
2025-06-23 15:50:52.803 | INFO     | __main__:on_train_batch_end:39 - Epoch 0, Step 1407: train_loss = 3.8583
2025-06-23 15:50:53.065 | INFO     | __main__:on_train_batch_end:39 - Epoch 0, Step 1408: train_loss = 14.7501
2025-06-23 15:50:53.330 | INFO     | __main__:on_train_batch_end:39 - Epoch 0, Step 1409: train_loss = 5.2658
2025-06-23 15:50:53.593 | INFO     | __main__:on_train_batch_end:39 - Epoch 0, Step 1410: train_loss = 3.8095
2025-06-23 15:50:53.854 | INFO     | __main__:on_train_batch_end:39 - Epoch 0, Step 1411: train_loss = 3.6846
2025-06-23 15:50:54.117 | INFO     | __main__:on_train_batch_end:39 - Epoch 0, Step 1412: train_loss = 15.4564
2025-06-23 15:50:54.379 | INFO     | __main__:on_train_batch_end:39 - Epoch 0, Step 1413: train_loss = 8.1084
2025-06-23 15:50:54.649 | INFO     | __main__:on_train_batch_end:39 - Epoch 0, Step 1414: train_loss = 9.2637
2025-06-23 15:50:54.912 | INFO     | __main__:on_train_batch_end:39 - Epoch 0, Step 1415: train_loss = 7.2552
2025-06-23 15:50:55.175 | INFO     | __main__:on_train_batch_end:39 - Epoch 0, Step 1416: train_loss = 5.7001
2025-06-23 15:50:55.440 | INFO     | __main__:on_train_batch_end:39 - Epoch 0, Step 1417: train_loss = 5.4509
2025-06-23 15:50:55.701 | INFO     | __main__:on_train_batch_end:39 - Epoch 0, Step 1418: train_loss = 4.3186
2025-06-23 15:50:55.966 | INFO     | __main__:on_train_batch_end:39 - Epoch 0, Step 1419: train_loss = 17.3890
2025-06-23 15:50:56.229 | INFO     | __main__:on_train_batch_end:39 - Epoch 0, Step 1420: train_loss = 5.4615
2025-06-23 15:50:56.494 | INFO     | __main__:on_train_batch_end:39 - Epoch 0, Step 1421: train_loss = 12.8874
2025-06-23 15:50:56.759 | INFO     | __main__:on_train_batch_end:39 - Epoch 0, Step 1422: train_loss = 4.8511
2025-06-23 15:50:57.022 | INFO     | __main__:on_train_batch_end:39 - Epoch 0, Step 1423: train_loss = 4.8247
2025-06-23 15:50:57.291 | INFO     | __main__:on_train_batch_end:39 - Epoch 0, Step 1424: train_loss = 6.0518
2025-06-23 15:50:57.558 | INFO     | __main__:on_train_batch_end:39 - Epoch 0, Step 1425: train_loss = 3.6412
2025-06-23 15:50:57.821 | INFO     | __main__:on_train_batch_end:39 - Epoch 0, Step 1426: train_loss = 11.1452
2025-06-23 15:50:58.083 | INFO     | __main__:on_train_batch_end:39 - Epoch 0, Step 1427: train_loss = 6.4819
2025-06-23 15:50:58.346 | INFO     | __main__:on_train_batch_end:39 - Epoch 0, Step 1428: train_loss = 3.9919
2025-06-23 15:50:58.623 | INFO     | __main__:on_train_batch_end:39 - Epoch 0, Step 1429: train_loss = 5.1140
2025-06-23 15:50:58.896 | INFO     | __main__:on_train_batch_end:39 - Epoch 0, Step 1430: train_loss = 9.7069
2025-06-23 15:50:59.165 | INFO     | __main__:on_train_batch_end:39 - Epoch 0, Step 1431: train_loss = 3.6652
2025-06-23 15:50:59.437 | INFO     | __main__:on_train_batch_end:39 - Epoch 0, Step 1432: train_loss = 4.7067
2025-06-23 15:50:59.706 | INFO     | __main__:on_train_batch_end:39 - Epoch 0, Step 1433: train_loss = 14.9047
2025-06-23 15:50:59.974 | INFO     | __main__:on_train_batch_end:39 - Epoch 0, Step 1434: train_loss = 19.1722
2025-06-23 15:51:00.239 | INFO     | __main__:on_train_batch_end:39 - Epoch 0, Step 1435: train_loss = 7.7220
2025-06-23 15:51:00.510 | INFO     | __main__:on_train_batch_end:39 - Epoch 0, Step 1436: train_loss = 6.0054
2025-06-23 15:51:00.773 | INFO     | __main__:on_train_batch_end:39 - Epoch 0, Step 1437: train_loss = 3.5768
2025-06-23 15:51:01.034 | INFO     | __main__:on_train_batch_end:39 - Epoch 0, Step 1438: train_loss = 4.1862
2025-06-23 15:51:01.298 | INFO     | __main__:on_train_batch_end:39 - Epoch 0, Step 1439: train_loss = 9.0678
2025-06-23 15:51:01.572 | INFO     | __main__:on_train_batch_end:39 - Epoch 0, Step 1440: train_loss = 16.9376
2025-06-23 15:51:01.845 | INFO     | __main__:on_train_batch_end:39 - Epoch 0, Step 1441: train_loss = 13.2383
2025-06-23 15:51:02.110 | INFO     | __main__:on_train_batch_end:39 - Epoch 0, Step 1442: train_loss = 5.4624
2025-06-23 15:51:02.377 | INFO     | __main__:on_train_batch_end:39 - Epoch 0, Step 1443: train_loss = 17.6699
2025-06-23 15:51:02.642 | INFO     | __main__:on_train_batch_end:39 - Epoch 0, Step 1444: train_loss = 15.6506
2025-06-23 15:51:02.907 | INFO     | __main__:on_train_batch_end:39 - Epoch 0, Step 1445: train_loss = 10.6796
2025-06-23 15:51:03.175 | INFO     | __main__:on_train_batch_end:39 - Epoch 0, Step 1446: train_loss = 3.8259
2025-06-23 15:51:03.457 | INFO     | __main__:on_train_batch_end:39 - Epoch 0, Step 1447: train_loss = 4.1511
2025-06-23 15:51:03.724 | INFO     | __main__:on_train_batch_end:39 - Epoch 0, Step 1448: train_loss = 5.6235
2025-06-23 15:51:03.996 | INFO     | __main__:on_train_batch_end:39 - Epoch 0, Step 1449: train_loss = 3.9363
2025-06-23 15:51:04.262 | INFO     | __main__:on_train_batch_end:39 - Epoch 0, Step 1450: train_loss = 6.4232
2025-06-23 15:51:04.528 | INFO     | __main__:on_train_batch_end:39 - Epoch 0, Step 1451: train_loss = 11.4655
2025-06-23 15:51:04.794 | INFO     | __main__:on_train_batch_end:39 - Epoch 0, Step 1452: train_loss = 5.2463
2025-06-23 15:51:05.067 | INFO     | __main__:on_train_batch_end:39 - Epoch 0, Step 1453: train_loss = 7.4112
2025-06-23 15:51:05.341 | INFO     | __main__:on_train_batch_end:39 - Epoch 0, Step 1454: train_loss = 14.0931
2025-06-23 15:51:05.605 | INFO     | __main__:on_train_batch_end:39 - Epoch 0, Step 1455: train_loss = 9.9660
2025-06-23 15:51:05.867 | INFO     | __main__:on_train_batch_end:39 - Epoch 0, Step 1456: train_loss = 8.1907
2025-06-23 15:51:06.128 | INFO     | __main__:on_train_batch_end:39 - Epoch 0, Step 1457: train_loss = 5.3678
2025-06-23 15:51:06.391 | INFO     | __main__:on_train_batch_end:39 - Epoch 0, Step 1458: train_loss = 6.8277
2025-06-23 15:51:06.654 | INFO     | __main__:on_train_batch_end:39 - Epoch 0, Step 1459: train_loss = 3.6788
2025-06-23 15:51:06.918 | INFO     | __main__:on_train_batch_end:39 - Epoch 0, Step 1460: train_loss = 3.5136
2025-06-23 15:51:07.182 | INFO     | __main__:on_train_batch_end:39 - Epoch 0, Step 1461: train_loss = 9.8883
2025-06-23 15:51:07.443 | INFO     | __main__:on_train_batch_end:39 - Epoch 0, Step 1462: train_loss = 7.4077
2025-06-23 15:51:07.705 | INFO     | __main__:on_train_batch_end:39 - Epoch 0, Step 1463: train_loss = 4.1852
2025-06-23 15:51:07.967 | INFO     | __main__:on_train_batch_end:39 - Epoch 0, Step 1464: train_loss = 4.1596
2025-06-23 15:51:08.231 | INFO     | __main__:on_train_batch_end:39 - Epoch 0, Step 1465: train_loss = 28.9821
2025-06-23 15:51:08.492 | INFO     | __main__:on_train_batch_end:39 - Epoch 0, Step 1466: train_loss = 3.8329
2025-06-23 15:51:08.755 | INFO     | __main__:on_train_batch_end:39 - Epoch 0, Step 1467: train_loss = 3.8547
2025-06-23 15:51:09.021 | INFO     | __main__:on_train_batch_end:39 - Epoch 0, Step 1468: train_loss = 8.7453
2025-06-23 15:51:09.298 | INFO     | __main__:on_train_batch_end:39 - Epoch 0, Step 1469: train_loss = 7.0380
2025-06-23 15:51:09.570 | INFO     | __main__:on_train_batch_end:39 - Epoch 0, Step 1470: train_loss = 16.7279
2025-06-23 15:51:09.833 | INFO     | __main__:on_train_batch_end:39 - Epoch 0, Step 1471: train_loss = 4.2561
2025-06-23 15:51:10.096 | INFO     | __main__:on_train_batch_end:39 - Epoch 0, Step 1472: train_loss = 3.8405
2025-06-23 15:51:10.368 | INFO     | __main__:on_train_batch_end:39 - Epoch 0, Step 1473: train_loss = 4.5945
2025-06-23 15:51:10.643 | INFO     | __main__:on_train_batch_end:39 - Epoch 0, Step 1474: train_loss = 10.5750
2025-06-23 15:51:10.921 | INFO     | __main__:on_train_batch_end:39 - Epoch 0, Step 1475: train_loss = 5.3700
2025-06-23 15:51:11.184 | INFO     | __main__:on_train_batch_end:39 - Epoch 0, Step 1476: train_loss = 4.3395
2025-06-23 15:51:11.448 | INFO     | __main__:on_train_batch_end:39 - Epoch 0, Step 1477: train_loss = 4.9047
2025-06-23 15:51:11.714 | INFO     | __main__:on_train_batch_end:39 - Epoch 0, Step 1478: train_loss = 8.5415
2025-06-23 15:51:11.978 | INFO     | __main__:on_train_batch_end:39 - Epoch 0, Step 1479: train_loss = 14.3256
2025-06-23 15:51:12.244 | INFO     | __main__:on_train_batch_end:39 - Epoch 0, Step 1480: train_loss = 4.2032
2025-06-23 15:51:12.522 | INFO     | __main__:on_train_batch_end:39 - Epoch 0, Step 1481: train_loss = 4.2908
2025-06-23 15:51:12.799 | INFO     | __main__:on_train_batch_end:39 - Epoch 0, Step 1482: train_loss = 14.6056
2025-06-23 15:51:13.074 | INFO     | __main__:on_train_batch_end:39 - Epoch 0, Step 1483: train_loss = 3.8874
2025-06-23 15:51:13.339 | INFO     | __main__:on_train_batch_end:39 - Epoch 0, Step 1484: train_loss = 18.0844
2025-06-23 15:51:13.603 | INFO     | __main__:on_train_batch_end:39 - Epoch 0, Step 1485: train_loss = 21.4511
2025-06-23 15:51:13.871 | INFO     | __main__:on_train_batch_end:39 - Epoch 0, Step 1486: train_loss = 6.2021
2025-06-23 15:51:14.144 | INFO     | __main__:on_train_batch_end:39 - Epoch 0, Step 1487: train_loss = 5.3827
2025-06-23 15:51:14.407 | INFO     | __main__:on_train_batch_end:39 - Epoch 0, Step 1488: train_loss = 3.6356
2025-06-23 15:51:14.670 | INFO     | __main__:on_train_batch_end:39 - Epoch 0, Step 1489: train_loss = 3.8868
2025-06-23 15:51:14.932 | INFO     | __main__:on_train_batch_end:39 - Epoch 0, Step 1490: train_loss = 16.8959
2025-06-23 15:51:15.204 | INFO     | __main__:on_train_batch_end:39 - Epoch 0, Step 1491: train_loss = 18.1560
2025-06-23 15:51:15.483 | INFO     | __main__:on_train_batch_end:39 - Epoch 0, Step 1492: train_loss = 3.3895
2025-06-23 15:51:15.746 | INFO     | __main__:on_train_batch_end:39 - Epoch 0, Step 1493: train_loss = 4.1787
2025-06-23 15:51:16.008 | INFO     | __main__:on_train_batch_end:39 - Epoch 0, Step 1494: train_loss = 4.2366
2025-06-23 15:51:16.271 | INFO     | __main__:on_train_batch_end:39 - Epoch 0, Step 1495: train_loss = 3.9452
2025-06-23 15:51:16.549 | INFO     | __main__:on_train_batch_end:39 - Epoch 0, Step 1496: train_loss = 4.7196
2025-06-23 15:51:16.811 | INFO     | __main__:on_train_batch_end:39 - Epoch 0, Step 1497: train_loss = 3.6812
2025-06-23 15:51:17.073 | INFO     | __main__:on_train_batch_end:39 - Epoch 0, Step 1498: train_loss = 6.5309
2025-06-23 15:51:17.337 | INFO     | __main__:on_train_batch_end:39 - Epoch 0, Step 1499: train_loss = 3.5382
2025-06-23 15:51:17.600 | INFO     | __main__:on_train_batch_end:39 - Epoch 0, Step 1500: train_loss = 5.6329
2025-06-23 15:51:17.874 | INFO     | __main__:on_train_batch_end:39 - Epoch 0, Step 1501: train_loss = 3.5870
2025-06-23 15:51:18.148 | INFO     | __main__:on_train_batch_end:39 - Epoch 0, Step 1502: train_loss = 3.7941
2025-06-23 15:51:18.408 | INFO     | __main__:on_train_batch_end:39 - Epoch 0, Step 1503: train_loss = 5.2223
2025-06-23 15:51:18.676 | INFO     | __main__:on_train_batch_end:39 - Epoch 0, Step 1504: train_loss = 9.6155
2025-06-23 15:51:18.940 | INFO     | __main__:on_train_batch_end:39 - Epoch 0, Step 1505: train_loss = 4.2273
2025-06-23 15:51:19.214 | INFO     | __main__:on_train_batch_end:39 - Epoch 0, Step 1506: train_loss = 10.0372
2025-06-23 15:51:19.495 | INFO     | __main__:on_train_batch_end:39 - Epoch 0, Step 1507: train_loss = 7.6057
2025-06-23 15:51:19.774 | INFO     | __main__:on_train_batch_end:39 - Epoch 0, Step 1508: train_loss = 12.9532
2025-06-23 15:51:20.041 | INFO     | __main__:on_train_batch_end:39 - Epoch 0, Step 1509: train_loss = 5.5898
2025-06-23 15:51:20.313 | INFO     | __main__:on_train_batch_end:39 - Epoch 0, Step 1510: train_loss = 3.8933
2025-06-23 15:51:20.576 | INFO     | __main__:on_train_batch_end:39 - Epoch 0, Step 1511: train_loss = 3.9526
2025-06-23 15:51:20.849 | INFO     | __main__:on_train_batch_end:39 - Epoch 0, Step 1512: train_loss = 10.1639
2025-06-23 15:51:21.124 | INFO     | __main__:on_train_batch_end:39 - Epoch 0, Step 1513: train_loss = 6.0592
2025-06-23 15:51:21.398 | INFO     | __main__:on_train_batch_end:39 - Epoch 0, Step 1514: train_loss = 4.3351
2025-06-23 15:51:21.671 | INFO     | __main__:on_train_batch_end:39 - Epoch 0, Step 1515: train_loss = 9.5515
2025-06-23 15:51:21.935 | INFO     | __main__:on_train_batch_end:39 - Epoch 0, Step 1516: train_loss = 5.6230
2025-06-23 15:51:22.198 | INFO     | __main__:on_train_batch_end:39 - Epoch 0, Step 1517: train_loss = 18.7225
2025-06-23 15:51:22.474 | INFO     | __main__:on_train_batch_end:39 - Epoch 0, Step 1518: train_loss = 29.4500
2025-06-23 15:51:22.753 | INFO     | __main__:on_train_batch_end:39 - Epoch 0, Step 1519: train_loss = 16.7034
2025-06-23 15:51:23.026 | INFO     | __main__:on_train_batch_end:39 - Epoch 0, Step 1520: train_loss = 7.5761
2025-06-23 15:51:23.292 | INFO     | __main__:on_train_batch_end:39 - Epoch 0, Step 1521: train_loss = 4.5063
2025-06-23 15:51:23.567 | INFO     | __main__:on_train_batch_end:39 - Epoch 0, Step 1522: train_loss = 4.1761
2025-06-23 15:51:23.832 | INFO     | __main__:on_train_batch_end:39 - Epoch 0, Step 1523: train_loss = 6.2878
2025-06-23 15:51:24.093 | INFO     | __main__:on_train_batch_end:39 - Epoch 0, Step 1524: train_loss = 10.9261
2025-06-23 15:51:24.355 | INFO     | __main__:on_train_batch_end:39 - Epoch 0, Step 1525: train_loss = 14.9530
2025-06-23 15:51:24.628 | INFO     | __main__:on_train_batch_end:39 - Epoch 0, Step 1526: train_loss = 7.9171
2025-06-23 15:51:24.906 | INFO     | __main__:on_train_batch_end:39 - Epoch 0, Step 1527: train_loss = 18.2234
2025-06-23 15:51:25.178 | INFO     | __main__:on_train_batch_end:39 - Epoch 0, Step 1528: train_loss = 3.8883
2025-06-23 15:51:25.445 | INFO     | __main__:on_train_batch_end:39 - Epoch 0, Step 1529: train_loss = 14.6741
2025-06-23 15:51:25.714 | INFO     | __main__:on_train_batch_end:39 - Epoch 0, Step 1530: train_loss = 8.1078
2025-06-23 15:51:25.988 | INFO     | __main__:on_train_batch_end:39 - Epoch 0, Step 1531: train_loss = 3.6715
2025-06-23 15:51:26.255 | INFO     | __main__:on_train_batch_end:39 - Epoch 0, Step 1532: train_loss = 15.6670
2025-06-23 15:51:26.516 | INFO     | __main__:on_train_batch_end:39 - Epoch 0, Step 1533: train_loss = 4.4656
2025-06-23 15:51:26.779 | INFO     | __main__:on_train_batch_end:39 - Epoch 0, Step 1534: train_loss = 6.2064
2025-06-23 15:51:27.047 | INFO     | __main__:on_train_batch_end:39 - Epoch 0, Step 1535: train_loss = 21.3874
2025-06-23 15:51:27.323 | INFO     | __main__:on_train_batch_end:39 - Epoch 0, Step 1536: train_loss = 21.7138
2025-06-23 15:51:27.591 | INFO     | __main__:on_train_batch_end:39 - Epoch 0, Step 1537: train_loss = 3.5653
2025-06-23 15:51:27.855 | INFO     | __main__:on_train_batch_end:39 - Epoch 0, Step 1538: train_loss = 15.8878
2025-06-23 15:51:28.119 | INFO     | __main__:on_train_batch_end:39 - Epoch 0, Step 1539: train_loss = 3.6479
2025-06-23 15:51:28.381 | INFO     | __main__:on_train_batch_end:39 - Epoch 0, Step 1540: train_loss = 4.9053
2025-06-23 15:51:28.645 | INFO     | __main__:on_train_batch_end:39 - Epoch 0, Step 1541: train_loss = 6.0604
2025-06-23 15:51:28.910 | INFO     | __main__:on_train_batch_end:39 - Epoch 0, Step 1542: train_loss = 12.2311
2025-06-23 15:51:29.175 | INFO     | __main__:on_train_batch_end:39 - Epoch 0, Step 1543: train_loss = 3.5844
2025-06-23 15:51:29.436 | INFO     | __main__:on_train_batch_end:39 - Epoch 0, Step 1544: train_loss = 3.7237
2025-06-23 15:51:29.699 | INFO     | __main__:on_train_batch_end:39 - Epoch 0, Step 1545: train_loss = 5.8977
2025-06-23 15:51:29.962 | INFO     | __main__:on_train_batch_end:39 - Epoch 0, Step 1546: train_loss = 5.6457
2025-06-23 15:51:30.223 | INFO     | __main__:on_train_batch_end:39 - Epoch 0, Step 1547: train_loss = 5.0273
2025-06-23 15:51:30.490 | INFO     | __main__:on_train_batch_end:39 - Epoch 0, Step 1548: train_loss = 4.3407
2025-06-23 15:51:30.752 | INFO     | __main__:on_train_batch_end:39 - Epoch 0, Step 1549: train_loss = 3.6560
2025-06-23 15:51:31.029 | INFO     | __main__:on_train_batch_end:39 - Epoch 0, Step 1550: train_loss = 6.0145
2025-06-23 15:51:31.302 | INFO     | __main__:on_train_batch_end:39 - Epoch 0, Step 1551: train_loss = 7.4968
2025-06-23 15:51:31.576 | INFO     | __main__:on_train_batch_end:39 - Epoch 0, Step 1552: train_loss = 8.3046
2025-06-23 15:51:31.843 | INFO     | __main__:on_train_batch_end:39 - Epoch 0, Step 1553: train_loss = 4.4842
2025-06-23 15:51:32.109 | INFO     | __main__:on_train_batch_end:39 - Epoch 0, Step 1554: train_loss = 5.3206
2025-06-23 15:51:32.373 | INFO     | __main__:on_train_batch_end:39 - Epoch 0, Step 1555: train_loss = 6.1799
2025-06-23 15:51:32.649 | INFO     | __main__:on_train_batch_end:39 - Epoch 0, Step 1556: train_loss = 19.4784
2025-06-23 15:51:32.915 | INFO     | __main__:on_train_batch_end:39 - Epoch 0, Step 1557: train_loss = 3.6616
2025-06-23 15:51:33.178 | INFO     | __main__:on_train_batch_end:39 - Epoch 0, Step 1558: train_loss = 4.7215
2025-06-23 15:51:33.452 | INFO     | __main__:on_train_batch_end:39 - Epoch 0, Step 1559: train_loss = 10.1322
2025-06-23 15:51:33.720 | INFO     | __main__:on_train_batch_end:39 - Epoch 0, Step 1560: train_loss = 6.6628
2025-06-23 15:51:33.985 | INFO     | __main__:on_train_batch_end:39 - Epoch 0, Step 1561: train_loss = 6.2084
2025-06-23 15:51:34.249 | INFO     | __main__:on_train_batch_end:39 - Epoch 0, Step 1562: train_loss = 4.3921
2025-06-23 15:51:34.513 | INFO     | __main__:on_train_batch_end:39 - Epoch 0, Step 1563: train_loss = 14.9594
2025-06-23 15:51:34.786 | INFO     | __main__:on_train_batch_end:39 - Epoch 0, Step 1564: train_loss = 5.2099
2025-06-23 15:51:35.052 | INFO     | __main__:on_train_batch_end:39 - Epoch 0, Step 1565: train_loss = 14.6668
2025-06-23 15:51:35.405 | INFO     | __main__:on_train_batch_end:39 - Epoch 0, Step 1566: train_loss = 6.1634
2025-06-23 15:51:35.671 | INFO     | __main__:on_train_batch_end:39 - Epoch 0, Step 1567: train_loss = 12.9713
2025-06-23 15:51:35.940 | INFO     | __main__:on_train_batch_end:39 - Epoch 0, Step 1568: train_loss = 3.9423
2025-06-23 15:51:36.214 | INFO     | __main__:on_train_batch_end:39 - Epoch 0, Step 1569: train_loss = 6.5872
2025-06-23 15:51:36.482 | INFO     | __main__:on_train_batch_end:39 - Epoch 0, Step 1570: train_loss = 5.8740
2025-06-23 15:51:36.744 | INFO     | __main__:on_train_batch_end:39 - Epoch 0, Step 1571: train_loss = 4.5417
2025-06-23 15:51:37.007 | INFO     | __main__:on_train_batch_end:39 - Epoch 0, Step 1572: train_loss = 3.7290
2025-06-23 15:51:37.271 | INFO     | __main__:on_train_batch_end:39 - Epoch 0, Step 1573: train_loss = 3.6011
2025-06-23 15:51:37.544 | INFO     | __main__:on_train_batch_end:39 - Epoch 0, Step 1574: train_loss = 15.6564
2025-06-23 15:51:37.818 | INFO     | __main__:on_train_batch_end:39 - Epoch 0, Step 1575: train_loss = 9.9702
2025-06-23 15:51:38.082 | INFO     | __main__:on_train_batch_end:39 - Epoch 0, Step 1576: train_loss = 4.2278
2025-06-23 15:51:38.346 | INFO     | __main__:on_train_batch_end:39 - Epoch 0, Step 1577: train_loss = 10.6295
2025-06-23 15:51:38.623 | INFO     | __main__:on_train_batch_end:39 - Epoch 0, Step 1578: train_loss = 7.5600
2025-06-23 15:51:38.893 | INFO     | __main__:on_train_batch_end:39 - Epoch 0, Step 1579: train_loss = 3.6995
2025-06-23 15:51:39.155 | INFO     | __main__:on_train_batch_end:39 - Epoch 0, Step 1580: train_loss = 6.4848
2025-06-23 15:51:39.417 | INFO     | __main__:on_train_batch_end:39 - Epoch 0, Step 1581: train_loss = 5.5776
2025-06-23 15:51:39.680 | INFO     | __main__:on_train_batch_end:39 - Epoch 0, Step 1582: train_loss = 3.5818
2025-06-23 15:51:39.947 | INFO     | __main__:on_train_batch_end:39 - Epoch 0, Step 1583: train_loss = 10.8122
2025-06-23 15:51:40.214 | INFO     | __main__:on_train_batch_end:39 - Epoch 0, Step 1584: train_loss = 4.4724
2025-06-23 15:51:40.490 | INFO     | __main__:on_train_batch_end:39 - Epoch 0, Step 1585: train_loss = 3.6355
2025-06-23 15:51:40.770 | INFO     | __main__:on_train_batch_end:39 - Epoch 0, Step 1586: train_loss = 7.6790
2025-06-23 15:51:41.035 | INFO     | __main__:on_train_batch_end:39 - Epoch 0, Step 1587: train_loss = 11.0435
2025-06-23 15:51:41.297 | INFO     | __main__:on_train_batch_end:39 - Epoch 0, Step 1588: train_loss = 3.6252
2025-06-23 15:51:41.558 | INFO     | __main__:on_train_batch_end:39 - Epoch 0, Step 1589: train_loss = 3.6693
2025-06-23 15:51:41.821 | INFO     | __main__:on_train_batch_end:39 - Epoch 0, Step 1590: train_loss = 4.4460
2025-06-23 15:51:42.097 | INFO     | __main__:on_train_batch_end:39 - Epoch 0, Step 1591: train_loss = 19.3831
2025-06-23 15:51:42.366 | INFO     | __main__:on_train_batch_end:39 - Epoch 0, Step 1592: train_loss = 8.1468
2025-06-23 15:51:42.631 | INFO     | __main__:on_train_batch_end:39 - Epoch 0, Step 1593: train_loss = 10.8572
2025-06-23 15:51:42.901 | INFO     | __main__:on_train_batch_end:39 - Epoch 0, Step 1594: train_loss = 7.2703
2025-06-23 15:51:43.167 | INFO     | __main__:on_train_batch_end:39 - Epoch 0, Step 1595: train_loss = 24.7676
2025-06-23 15:51:43.430 | INFO     | __main__:on_train_batch_end:39 - Epoch 0, Step 1596: train_loss = 5.7969
2025-06-23 15:51:43.694 | INFO     | __main__:on_train_batch_end:39 - Epoch 0, Step 1597: train_loss = 8.8374
2025-06-23 15:51:43.957 | INFO     | __main__:on_train_batch_end:39 - Epoch 0, Step 1598: train_loss = 6.4762
2025-06-23 15:51:44.226 | INFO     | __main__:on_train_batch_end:39 - Epoch 0, Step 1599: train_loss = 9.6082
2025-06-23 15:51:44.501 | INFO     | __main__:on_train_batch_end:39 - Epoch 0, Step 1600: train_loss = 3.7468
2025-06-23 15:51:44.767 | INFO     | __main__:on_train_batch_end:39 - Epoch 0, Step 1601: train_loss = 10.8576
2025-06-23 15:51:45.030 | INFO     | __main__:on_train_batch_end:39 - Epoch 0, Step 1602: train_loss = 16.0311
2025-06-23 15:51:45.296 | INFO     | __main__:on_train_batch_end:39 - Epoch 0, Step 1603: train_loss = 7.2043
2025-06-23 15:51:45.568 | INFO     | __main__:on_train_batch_end:39 - Epoch 0, Step 1604: train_loss = 19.7760
2025-06-23 15:51:45.831 | INFO     | __main__:on_train_batch_end:39 - Epoch 0, Step 1605: train_loss = 4.2580
2025-06-23 15:51:46.093 | INFO     | __main__:on_train_batch_end:39 - Epoch 0, Step 1606: train_loss = 16.6068
2025-06-23 15:51:46.360 | INFO     | __main__:on_train_batch_end:39 - Epoch 0, Step 1607: train_loss = 3.6829
2025-06-23 15:51:46.623 | INFO     | __main__:on_train_batch_end:39 - Epoch 0, Step 1608: train_loss = 3.7309
2025-06-23 15:51:46.886 | INFO     | __main__:on_train_batch_end:39 - Epoch 0, Step 1609: train_loss = 17.4778
2025-06-23 15:51:47.152 | INFO     | __main__:on_train_batch_end:39 - Epoch 0, Step 1610: train_loss = 7.6677
2025-06-23 15:51:47.427 | INFO     | __main__:on_train_batch_end:39 - Epoch 0, Step 1611: train_loss = 6.8805
2025-06-23 15:51:47.705 | INFO     | __main__:on_train_batch_end:39 - Epoch 0, Step 1612: train_loss = 5.7195
2025-06-23 15:51:47.978 | INFO     | __main__:on_train_batch_end:39 - Epoch 0, Step 1613: train_loss = 6.4642
2025-06-23 15:51:48.248 | INFO     | __main__:on_train_batch_end:39 - Epoch 0, Step 1614: train_loss = 3.6138
2025-06-23 15:51:48.521 | INFO     | __main__:on_train_batch_end:39 - Epoch 0, Step 1615: train_loss = 6.8815
2025-06-23 15:51:48.789 | INFO     | __main__:on_train_batch_end:39 - Epoch 0, Step 1616: train_loss = 5.9686
2025-06-23 15:51:49.063 | INFO     | __main__:on_train_batch_end:39 - Epoch 0, Step 1617: train_loss = 4.1652
2025-06-23 15:51:49.330 | INFO     | __main__:on_train_batch_end:39 - Epoch 0, Step 1618: train_loss = 5.7798
2025-06-23 15:51:49.595 | INFO     | __main__:on_train_batch_end:39 - Epoch 0, Step 1619: train_loss = 26.5711
2025-06-23 15:51:49.865 | INFO     | __main__:on_train_batch_end:39 - Epoch 0, Step 1620: train_loss = 5.4994
2025-06-23 15:51:50.140 | INFO     | __main__:on_train_batch_end:39 - Epoch 0, Step 1621: train_loss = 6.9265
2025-06-23 15:51:50.402 | INFO     | __main__:on_train_batch_end:39 - Epoch 0, Step 1622: train_loss = 5.1850
2025-06-23 15:51:50.667 | INFO     | __main__:on_train_batch_end:39 - Epoch 0, Step 1623: train_loss = 5.3512
2025-06-23 15:51:50.929 | INFO     | __main__:on_train_batch_end:39 - Epoch 0, Step 1624: train_loss = 6.8975
2025-06-23 15:51:51.195 | INFO     | __main__:on_train_batch_end:39 - Epoch 0, Step 1625: train_loss = 4.3262
2025-06-23 15:51:51.463 | INFO     | __main__:on_train_batch_end:39 - Epoch 0, Step 1626: train_loss = 11.1777
2025-06-23 15:51:51.728 | INFO     | __main__:on_train_batch_end:39 - Epoch 0, Step 1627: train_loss = 13.5724
2025-06-23 15:51:51.995 | INFO     | __main__:on_train_batch_end:39 - Epoch 0, Step 1628: train_loss = 15.1346
2025-06-23 15:51:52.262 | INFO     | __main__:on_train_batch_end:39 - Epoch 0, Step 1629: train_loss = 12.0874
2025-06-23 15:51:52.524 | INFO     | __main__:on_train_batch_end:39 - Epoch 0, Step 1630: train_loss = 5.7613
2025-06-23 15:51:52.788 | INFO     | __main__:on_train_batch_end:39 - Epoch 0, Step 1631: train_loss = 5.0985
2025-06-23 15:51:53.051 | INFO     | __main__:on_train_batch_end:39 - Epoch 0, Step 1632: train_loss = 7.0185
2025-06-23 15:51:53.315 | INFO     | __main__:on_train_batch_end:39 - Epoch 0, Step 1633: train_loss = 3.6103
2025-06-23 15:51:53.577 | INFO     | __main__:on_train_batch_end:39 - Epoch 0, Step 1634: train_loss = 12.3752
2025-06-23 15:51:53.840 | INFO     | __main__:on_train_batch_end:39 - Epoch 0, Step 1635: train_loss = 5.2782
2025-06-23 15:51:54.104 | INFO     | __main__:on_train_batch_end:39 - Epoch 0, Step 1636: train_loss = 3.6617
2025-06-23 15:51:54.366 | INFO     | __main__:on_train_batch_end:39 - Epoch 0, Step 1637: train_loss = 7.6370
2025-06-23 15:51:54.631 | INFO     | __main__:on_train_batch_end:39 - Epoch 0, Step 1638: train_loss = 5.6654
2025-06-23 15:51:54.895 | INFO     | __main__:on_train_batch_end:39 - Epoch 0, Step 1639: train_loss = 23.3803
2025-06-23 15:51:55.157 | INFO     | __main__:on_train_batch_end:39 - Epoch 0, Step 1640: train_loss = 4.3518
2025-06-23 15:51:55.423 | INFO     | __main__:on_train_batch_end:39 - Epoch 0, Step 1641: train_loss = 5.3277
2025-06-23 15:51:55.685 | INFO     | __main__:on_train_batch_end:39 - Epoch 0, Step 1642: train_loss = 5.5556
2025-06-23 15:51:55.956 | INFO     | __main__:on_train_batch_end:39 - Epoch 0, Step 1643: train_loss = 6.6667
2025-06-23 15:51:56.231 | INFO     | __main__:on_train_batch_end:39 - Epoch 0, Step 1644: train_loss = 10.7109
2025-06-23 15:51:56.495 | INFO     | __main__:on_train_batch_end:39 - Epoch 0, Step 1645: train_loss = 4.6460
2025-06-23 15:51:56.760 | INFO     | __main__:on_train_batch_end:39 - Epoch 0, Step 1646: train_loss = 8.0054
2025-06-23 15:51:57.032 | INFO     | __main__:on_train_batch_end:39 - Epoch 0, Step 1647: train_loss = 3.8552
2025-06-23 15:51:57.306 | INFO     | __main__:on_train_batch_end:39 - Epoch 0, Step 1648: train_loss = 14.0985
2025-06-23 15:51:57.579 | INFO     | __main__:on_train_batch_end:39 - Epoch 0, Step 1649: train_loss = 4.0142
2025-06-23 15:51:57.843 | INFO     | __main__:on_train_batch_end:39 - Epoch 0, Step 1650: train_loss = 5.9490
2025-06-23 15:51:58.108 | INFO     | __main__:on_train_batch_end:39 - Epoch 0, Step 1651: train_loss = 6.6571
2025-06-23 15:51:58.373 | INFO     | __main__:on_train_batch_end:39 - Epoch 0, Step 1652: train_loss = 9.6490
2025-06-23 15:51:58.635 | INFO     | __main__:on_train_batch_end:39 - Epoch 0, Step 1653: train_loss = 9.4793
2025-06-23 15:51:58.914 | INFO     | __main__:on_train_batch_end:39 - Epoch 0, Step 1654: train_loss = 3.8973
2025-06-23 15:51:59.183 | INFO     | __main__:on_train_batch_end:39 - Epoch 0, Step 1655: train_loss = 5.8382
2025-06-23 15:51:59.454 | INFO     | __main__:on_train_batch_end:39 - Epoch 0, Step 1656: train_loss = 5.6868
2025-06-23 15:51:59.726 | INFO     | __main__:on_train_batch_end:39 - Epoch 0, Step 1657: train_loss = 5.2709
2025-06-23 15:51:59.988 | INFO     | __main__:on_train_batch_end:39 - Epoch 0, Step 1658: train_loss = 3.9610
2025-06-23 15:52:00.259 | INFO     | __main__:on_train_batch_end:39 - Epoch 0, Step 1659: train_loss = 7.4413
2025-06-23 15:52:00.532 | INFO     | __main__:on_train_batch_end:39 - Epoch 0, Step 1660: train_loss = 5.8218
2025-06-23 15:52:00.794 | INFO     | __main__:on_train_batch_end:39 - Epoch 0, Step 1661: train_loss = 4.8917
2025-06-23 15:52:01.058 | INFO     | __main__:on_train_batch_end:39 - Epoch 0, Step 1662: train_loss = 6.2464
2025-06-23 15:52:01.323 | INFO     | __main__:on_train_batch_end:39 - Epoch 0, Step 1663: train_loss = 5.9950
2025-06-23 15:52:01.595 | INFO     | __main__:on_train_batch_end:39 - Epoch 0, Step 1664: train_loss = 3.9815
2025-06-23 15:52:01.866 | INFO     | __main__:on_train_batch_end:39 - Epoch 0, Step 1665: train_loss = 3.6594
2025-06-23 15:52:02.131 | INFO     | __main__:on_train_batch_end:39 - Epoch 0, Step 1666: train_loss = 12.1207
2025-06-23 15:52:02.394 | INFO     | __main__:on_train_batch_end:39 - Epoch 0, Step 1667: train_loss = 15.9444
2025-06-23 15:52:02.657 | INFO     | __main__:on_train_batch_end:39 - Epoch 0, Step 1668: train_loss = 4.8438
2025-06-23 15:52:02.919 | INFO     | __main__:on_train_batch_end:39 - Epoch 0, Step 1669: train_loss = 4.3976
2025-06-23 15:52:03.186 | INFO     | __main__:on_train_batch_end:39 - Epoch 0, Step 1670: train_loss = 3.6255
2025-06-23 15:52:03.464 | INFO     | __main__:on_train_batch_end:39 - Epoch 0, Step 1671: train_loss = 3.5438
2025-06-23 15:52:03.738 | INFO     | __main__:on_train_batch_end:39 - Epoch 0, Step 1672: train_loss = 20.7959
2025-06-23 15:52:04.006 | INFO     | __main__:on_train_batch_end:39 - Epoch 0, Step 1673: train_loss = 18.9825
2025-06-23 15:52:04.280 | INFO     | __main__:on_train_batch_end:39 - Epoch 0, Step 1674: train_loss = 12.4194
2025-06-23 15:52:04.543 | INFO     | __main__:on_train_batch_end:39 - Epoch 0, Step 1675: train_loss = 4.5433
2025-06-23 15:52:04.806 | INFO     | __main__:on_train_batch_end:39 - Epoch 0, Step 1676: train_loss = 18.6887
2025-06-23 15:52:05.068 | INFO     | __main__:on_train_batch_end:39 - Epoch 0, Step 1677: train_loss = 19.1363
2025-06-23 15:52:05.338 | INFO     | __main__:on_train_batch_end:39 - Epoch 0, Step 1678: train_loss = 4.5831
2025-06-23 15:52:05.610 | INFO     | __main__:on_train_batch_end:39 - Epoch 0, Step 1679: train_loss = 5.5971
2025-06-23 15:52:05.875 | INFO     | __main__:on_train_batch_end:39 - Epoch 0, Step 1680: train_loss = 4.2052
2025-06-23 15:52:06.140 | INFO     | __main__:on_train_batch_end:39 - Epoch 0, Step 1681: train_loss = 12.7155
2025-06-23 15:52:06.403 | INFO     | __main__:on_train_batch_end:39 - Epoch 0, Step 1682: train_loss = 5.2866
2025-06-23 15:52:06.667 | INFO     | __main__:on_train_batch_end:39 - Epoch 0, Step 1683: train_loss = 16.3978
2025-06-23 15:52:06.930 | INFO     | __main__:on_train_batch_end:39 - Epoch 0, Step 1684: train_loss = 6.1477
2025-06-23 15:52:07.194 | INFO     | __main__:on_train_batch_end:39 - Epoch 0, Step 1685: train_loss = 4.4213
2025-06-23 15:52:07.561 | INFO     | __main__:on_train_batch_end:39 - Epoch 0, Step 1686: train_loss = 3.6814
2025-06-23 15:52:07.822 | INFO     | __main__:on_train_batch_end:39 - Epoch 0, Step 1687: train_loss = 17.8204
2025-06-23 15:52:08.084 | INFO     | __main__:on_train_batch_end:39 - Epoch 0, Step 1688: train_loss = 4.1213
2025-06-23 15:52:08.349 | INFO     | __main__:on_train_batch_end:39 - Epoch 0, Step 1689: train_loss = 3.8024
2025-06-23 15:52:08.612 | INFO     | __main__:on_train_batch_end:39 - Epoch 0, Step 1690: train_loss = 11.2166
2025-06-23 15:52:08.875 | INFO     | __main__:on_train_batch_end:39 - Epoch 0, Step 1691: train_loss = 9.7070
2025-06-23 15:52:09.139 | INFO     | __main__:on_train_batch_end:39 - Epoch 0, Step 1692: train_loss = 21.9254
2025-06-23 15:52:09.404 | INFO     | __main__:on_train_batch_end:39 - Epoch 0, Step 1693: train_loss = 4.5535
2025-06-23 15:52:09.668 | INFO     | __main__:on_train_batch_end:39 - Epoch 0, Step 1694: train_loss = 8.9104
2025-06-23 15:52:09.940 | INFO     | __main__:on_train_batch_end:39 - Epoch 0, Step 1695: train_loss = 3.7014
2025-06-23 15:52:10.211 | INFO     | __main__:on_train_batch_end:39 - Epoch 0, Step 1696: train_loss = 4.2958
2025-06-23 15:52:10.475 | INFO     | __main__:on_train_batch_end:39 - Epoch 0, Step 1697: train_loss = 3.9302
2025-06-23 15:52:10.738 | INFO     | __main__:on_train_batch_end:39 - Epoch 0, Step 1698: train_loss = 3.8969
2025-06-23 15:52:11.012 | INFO     | __main__:on_train_batch_end:39 - Epoch 0, Step 1699: train_loss = 28.3244
2025-06-23 15:52:11.286 | INFO     | __main__:on_train_batch_end:39 - Epoch 0, Step 1700: train_loss = 20.3692
2025-06-23 15:52:11.552 | INFO     | __main__:on_train_batch_end:39 - Epoch 0, Step 1701: train_loss = 4.0322
2025-06-23 15:52:11.813 | INFO     | __main__:on_train_batch_end:39 - Epoch 0, Step 1702: train_loss = 4.6519
2025-06-23 15:52:12.077 | INFO     | __main__:on_train_batch_end:39 - Epoch 0, Step 1703: train_loss = 12.2021
2025-06-23 15:52:12.343 | INFO     | __main__:on_train_batch_end:39 - Epoch 0, Step 1704: train_loss = 23.3940
2025-06-23 15:52:12.611 | INFO     | __main__:on_train_batch_end:39 - Epoch 0, Step 1705: train_loss = 3.5756
2025-06-23 15:52:12.872 | INFO     | __main__:on_train_batch_end:39 - Epoch 0, Step 1706: train_loss = 3.5874
2025-06-23 15:52:13.138 | INFO     | __main__:on_train_batch_end:39 - Epoch 0, Step 1707: train_loss = 4.4412
2025-06-23 15:52:13.400 | INFO     | __main__:on_train_batch_end:39 - Epoch 0, Step 1708: train_loss = 7.8992
2025-06-23 15:52:13.663 | INFO     | __main__:on_train_batch_end:39 - Epoch 0, Step 1709: train_loss = 20.5432
2025-06-23 15:52:13.925 | INFO     | __main__:on_train_batch_end:39 - Epoch 0, Step 1710: train_loss = 5.6738
2025-06-23 15:52:14.189 | INFO     | __main__:on_train_batch_end:39 - Epoch 0, Step 1711: train_loss = 4.7440
2025-06-23 15:52:14.450 | INFO     | __main__:on_train_batch_end:39 - Epoch 0, Step 1712: train_loss = 4.9459
2025-06-23 15:52:14.713 | INFO     | __main__:on_train_batch_end:39 - Epoch 0, Step 1713: train_loss = 4.6702
2025-06-23 15:52:14.975 | INFO     | __main__:on_train_batch_end:39 - Epoch 0, Step 1714: train_loss = 6.4530
2025-06-23 15:52:15.242 | INFO     | __main__:on_train_batch_end:39 - Epoch 0, Step 1715: train_loss = 5.1380
2025-06-23 15:52:15.510 | INFO     | __main__:on_train_batch_end:39 - Epoch 0, Step 1716: train_loss = 8.2458
2025-06-23 15:52:15.773 | INFO     | __main__:on_train_batch_end:39 - Epoch 0, Step 1717: train_loss = 3.8035
2025-06-23 15:52:16.038 | INFO     | __main__:on_train_batch_end:39 - Epoch 0, Step 1718: train_loss = 4.9103
2025-06-23 15:52:16.300 | INFO     | __main__:on_train_batch_end:39 - Epoch 0, Step 1719: train_loss = 7.0912
2025-06-23 15:52:16.565 | INFO     | __main__:on_train_batch_end:39 - Epoch 0, Step 1720: train_loss = 8.4327
2025-06-23 15:52:16.827 | INFO     | __main__:on_train_batch_end:39 - Epoch 0, Step 1721: train_loss = 4.2852
2025-06-23 15:52:17.091 | INFO     | __main__:on_train_batch_end:39 - Epoch 0, Step 1722: train_loss = 4.5266
2025-06-23 15:52:17.357 | INFO     | __main__:on_train_batch_end:39 - Epoch 0, Step 1723: train_loss = 8.3053
2025-06-23 15:52:17.618 | INFO     | __main__:on_train_batch_end:39 - Epoch 0, Step 1724: train_loss = 3.6250
2025-06-23 15:52:17.879 | INFO     | __main__:on_train_batch_end:39 - Epoch 0, Step 1725: train_loss = 5.5606
2025-06-23 15:52:18.143 | INFO     | __main__:on_train_batch_end:39 - Epoch 0, Step 1726: train_loss = 3.8338
2025-06-23 15:52:18.405 | INFO     | __main__:on_train_batch_end:39 - Epoch 0, Step 1727: train_loss = 4.5860
2025-06-23 15:52:18.669 | INFO     | __main__:on_train_batch_end:39 - Epoch 0, Step 1728: train_loss = 4.4679
2025-06-23 15:52:18.933 | INFO     | __main__:on_train_batch_end:39 - Epoch 0, Step 1729: train_loss = 22.4978
2025-06-23 15:52:19.195 | INFO     | __main__:on_train_batch_end:39 - Epoch 0, Step 1730: train_loss = 11.1721
2025-06-23 15:52:19.460 | INFO     | __main__:on_train_batch_end:39 - Epoch 0, Step 1731: train_loss = 3.6407
2025-06-23 15:52:19.724 | INFO     | __main__:on_train_batch_end:39 - Epoch 0, Step 1732: train_loss = 4.6759
2025-06-23 15:52:19.986 | INFO     | __main__:on_train_batch_end:39 - Epoch 0, Step 1733: train_loss = 5.0399
2025-06-23 15:52:20.250 | INFO     | __main__:on_train_batch_end:39 - Epoch 0, Step 1734: train_loss = 10.0035
2025-06-23 15:52:20.511 | INFO     | __main__:on_train_batch_end:39 - Epoch 0, Step 1735: train_loss = 5.6363
2025-06-23 15:52:20.774 | INFO     | __main__:on_train_batch_end:39 - Epoch 0, Step 1736: train_loss = 4.3840
2025-06-23 15:52:21.037 | INFO     | __main__:on_train_batch_end:39 - Epoch 0, Step 1737: train_loss = 19.7887
2025-06-23 15:52:21.300 | INFO     | __main__:on_train_batch_end:39 - Epoch 0, Step 1738: train_loss = 3.8410
2025-06-23 15:52:21.568 | INFO     | __main__:on_train_batch_end:39 - Epoch 0, Step 1739: train_loss = 20.8095
2025-06-23 15:52:21.833 | INFO     | __main__:on_train_batch_end:39 - Epoch 0, Step 1740: train_loss = 7.1280
2025-06-23 15:52:22.096 | INFO     | __main__:on_train_batch_end:39 - Epoch 0, Step 1741: train_loss = 7.2983
2025-06-23 15:52:22.358 | INFO     | __main__:on_train_batch_end:39 - Epoch 0, Step 1742: train_loss = 16.1682
2025-06-23 15:52:22.624 | INFO     | __main__:on_train_batch_end:39 - Epoch 0, Step 1743: train_loss = 4.3095
2025-06-23 15:52:22.887 | INFO     | __main__:on_train_batch_end:39 - Epoch 0, Step 1744: train_loss = 14.2271
2025-06-23 15:52:23.149 | INFO     | __main__:on_train_batch_end:39 - Epoch 0, Step 1745: train_loss = 5.2842
2025-06-23 15:52:23.413 | INFO     | __main__:on_train_batch_end:39 - Epoch 0, Step 1746: train_loss = 4.1602
2025-06-23 15:52:23.693 | INFO     | __main__:on_train_batch_end:39 - Epoch 0, Step 1747: train_loss = 4.9623
2025-06-23 15:52:23.959 | INFO     | __main__:on_train_batch_end:39 - Epoch 0, Step 1748: train_loss = 3.7479
2025-06-23 15:52:24.223 | INFO     | __main__:on_train_batch_end:39 - Epoch 0, Step 1749: train_loss = 13.3919
2025-06-23 15:52:24.490 | INFO     | __main__:on_train_batch_end:39 - Epoch 0, Step 1750: train_loss = 20.0960
2025-06-23 15:52:24.757 | INFO     | __main__:on_train_batch_end:39 - Epoch 0, Step 1751: train_loss = 6.2236
2025-06-23 15:52:25.020 | INFO     | __main__:on_train_batch_end:39 - Epoch 0, Step 1752: train_loss = 5.7641
2025-06-23 15:52:25.285 | INFO     | __main__:on_train_batch_end:39 - Epoch 0, Step 1753: train_loss = 5.1464
2025-06-23 15:52:25.547 | INFO     | __main__:on_train_batch_end:39 - Epoch 0, Step 1754: train_loss = 6.7532
2025-06-23 15:52:25.811 | INFO     | __main__:on_train_batch_end:39 - Epoch 0, Step 1755: train_loss = 8.1325
2025-06-23 15:52:26.074 | INFO     | __main__:on_train_batch_end:39 - Epoch 0, Step 1756: train_loss = 4.0648
2025-06-23 15:52:26.337 | INFO     | __main__:on_train_batch_end:39 - Epoch 0, Step 1757: train_loss = 3.5453
2025-06-23 15:52:26.599 | INFO     | __main__:on_train_batch_end:39 - Epoch 0, Step 1758: train_loss = 4.4369
2025-06-23 15:52:26.864 | INFO     | __main__:on_train_batch_end:39 - Epoch 0, Step 1759: train_loss = 18.4841
2025-06-23 15:52:27.125 | INFO     | __main__:on_train_batch_end:39 - Epoch 0, Step 1760: train_loss = 7.6067
2025-06-23 15:52:27.389 | INFO     | __main__:on_train_batch_end:39 - Epoch 0, Step 1761: train_loss = 6.2335
2025-06-23 15:52:27.654 | INFO     | __main__:on_train_batch_end:39 - Epoch 0, Step 1762: train_loss = 9.0495
2025-06-23 15:52:27.915 | INFO     | __main__:on_train_batch_end:39 - Epoch 0, Step 1763: train_loss = 4.7515
2025-06-23 15:52:28.181 | INFO     | __main__:on_train_batch_end:39 - Epoch 0, Step 1764: train_loss = 4.3595
2025-06-23 15:52:28.443 | INFO     | __main__:on_train_batch_end:39 - Epoch 0, Step 1765: train_loss = 7.1138
2025-06-23 15:52:28.711 | INFO     | __main__:on_train_batch_end:39 - Epoch 0, Step 1766: train_loss = 7.7199
2025-06-23 15:52:28.988 | INFO     | __main__:on_train_batch_end:39 - Epoch 0, Step 1767: train_loss = 3.5237
2025-06-23 15:52:29.252 | INFO     | __main__:on_train_batch_end:39 - Epoch 0, Step 1768: train_loss = 5.7241
2025-06-23 15:52:29.513 | INFO     | __main__:on_train_batch_end:39 - Epoch 0, Step 1769: train_loss = 7.2193
2025-06-23 15:52:29.779 | INFO     | __main__:on_train_batch_end:39 - Epoch 0, Step 1770: train_loss = 9.0096
2025-06-23 15:52:30.052 | INFO     | __main__:on_train_batch_end:39 - Epoch 0, Step 1771: train_loss = 11.1024
2025-06-23 15:52:30.341 | INFO     | __main__:on_train_batch_end:39 - Epoch 0, Step 1772: train_loss = 13.1090
2025-06-23 15:52:30.611 | INFO     | __main__:on_train_batch_end:39 - Epoch 0, Step 1773: train_loss = 15.3007
2025-06-23 15:52:30.873 | INFO     | __main__:on_train_batch_end:39 - Epoch 0, Step 1774: train_loss = 3.7127
2025-06-23 15:52:31.136 | INFO     | __main__:on_train_batch_end:39 - Epoch 0, Step 1775: train_loss = 24.7526
2025-06-23 15:52:31.399 | INFO     | __main__:on_train_batch_end:39 - Epoch 0, Step 1776: train_loss = 9.0589
2025-06-23 15:52:31.659 | INFO     | __main__:on_train_batch_end:39 - Epoch 0, Step 1777: train_loss = 3.6678
2025-06-23 15:52:31.922 | INFO     | __main__:on_train_batch_end:39 - Epoch 0, Step 1778: train_loss = 11.2322
2025-06-23 15:52:32.185 | INFO     | __main__:on_train_batch_end:39 - Epoch 0, Step 1779: train_loss = 7.3744
2025-06-23 15:52:32.446 | INFO     | __main__:on_train_batch_end:39 - Epoch 0, Step 1780: train_loss = 3.6865
2025-06-23 15:52:32.710 | INFO     | __main__:on_train_batch_end:39 - Epoch 0, Step 1781: train_loss = 10.6583
2025-06-23 15:52:32.972 | INFO     | __main__:on_train_batch_end:39 - Epoch 0, Step 1782: train_loss = 3.9390
2025-06-23 15:52:33.234 | INFO     | __main__:on_train_batch_end:39 - Epoch 0, Step 1783: train_loss = 9.9498
2025-06-23 15:52:33.501 | INFO     | __main__:on_train_batch_end:39 - Epoch 0, Step 1784: train_loss = 7.8041
2025-06-23 15:52:33.764 | INFO     | __main__:on_train_batch_end:39 - Epoch 0, Step 1785: train_loss = 3.7292
2025-06-23 15:52:34.028 | INFO     | __main__:on_train_batch_end:39 - Epoch 0, Step 1786: train_loss = 8.4571
2025-06-23 15:52:34.294 | INFO     | __main__:on_train_batch_end:39 - Epoch 0, Step 1787: train_loss = 4.7470
2025-06-23 15:52:34.556 | INFO     | __main__:on_train_batch_end:39 - Epoch 0, Step 1788: train_loss = 24.6706
2025-06-23 15:52:34.820 | INFO     | __main__:on_train_batch_end:39 - Epoch 0, Step 1789: train_loss = 13.8102
2025-06-23 15:52:35.083 | INFO     | __main__:on_train_batch_end:39 - Epoch 0, Step 1790: train_loss = 9.0070
2025-06-23 15:52:35.344 | INFO     | __main__:on_train_batch_end:39 - Epoch 0, Step 1791: train_loss = 4.0337
2025-06-23 15:52:35.607 | INFO     | __main__:on_train_batch_end:39 - Epoch 0, Step 1792: train_loss = 4.5821
2025-06-23 15:52:35.869 | INFO     | __main__:on_train_batch_end:39 - Epoch 0, Step 1793: train_loss = 14.0445
2025-06-23 15:52:36.131 | INFO     | __main__:on_train_batch_end:39 - Epoch 0, Step 1794: train_loss = 4.5353
2025-06-23 15:52:36.393 | INFO     | __main__:on_train_batch_end:39 - Epoch 0, Step 1795: train_loss = 5.5117
2025-06-23 15:52:36.665 | INFO     | __main__:on_train_batch_end:39 - Epoch 0, Step 1796: train_loss = 9.1617
2025-06-23 15:52:36.944 | INFO     | __main__:on_train_batch_end:39 - Epoch 0, Step 1797: train_loss = 19.4050
2025-06-23 15:52:37.210 | INFO     | __main__:on_train_batch_end:39 - Epoch 0, Step 1798: train_loss = 4.8603
2025-06-23 15:52:37.478 | INFO     | __main__:on_train_batch_end:39 - Epoch 0, Step 1799: train_loss = 17.4103
2025-06-23 15:52:37.740 | INFO     | __main__:on_train_batch_end:39 - Epoch 0, Step 1800: train_loss = 3.6617
2025-06-23 15:52:38.006 | INFO     | __main__:on_train_batch_end:39 - Epoch 0, Step 1801: train_loss = 3.7398
2025-06-23 15:52:38.271 | INFO     | __main__:on_train_batch_end:39 - Epoch 0, Step 1802: train_loss = 16.9469
2025-06-23 15:52:38.539 | INFO     | __main__:on_train_batch_end:39 - Epoch 0, Step 1803: train_loss = 7.5463
2025-06-23 15:52:38.801 | INFO     | __main__:on_train_batch_end:39 - Epoch 0, Step 1804: train_loss = 9.9208
2025-06-23 15:52:39.067 | INFO     | __main__:on_train_batch_end:39 - Epoch 0, Step 1805: train_loss = 11.3251
2025-06-23 15:52:39.430 | INFO     | __main__:on_train_batch_end:39 - Epoch 0, Step 1806: train_loss = 14.9265
2025-06-23 15:52:39.706 | INFO     | __main__:on_train_batch_end:39 - Epoch 0, Step 1807: train_loss = 4.5230
2025-06-23 15:52:39.980 | INFO     | __main__:on_train_batch_end:39 - Epoch 0, Step 1808: train_loss = 22.1890
2025-06-23 15:52:40.243 | INFO     | __main__:on_train_batch_end:39 - Epoch 0, Step 1809: train_loss = 3.6933
2025-06-23 15:52:40.507 | INFO     | __main__:on_train_batch_end:39 - Epoch 0, Step 1810: train_loss = 12.3065
2025-06-23 15:52:40.771 | INFO     | __main__:on_train_batch_end:39 - Epoch 0, Step 1811: train_loss = 7.2598
2025-06-23 15:52:41.035 | INFO     | __main__:on_train_batch_end:39 - Epoch 0, Step 1812: train_loss = 18.7394
2025-06-23 15:52:41.300 | INFO     | __main__:on_train_batch_end:39 - Epoch 0, Step 1813: train_loss = 5.2088
2025-06-23 15:52:41.564 | INFO     | __main__:on_train_batch_end:39 - Epoch 0, Step 1814: train_loss = 6.3113
2025-06-23 15:52:41.828 | INFO     | __main__:on_train_batch_end:39 - Epoch 0, Step 1815: train_loss = 31.5626
2025-06-23 15:52:42.091 | INFO     | __main__:on_train_batch_end:39 - Epoch 0, Step 1816: train_loss = 4.1594
2025-06-23 15:52:42.354 | INFO     | __main__:on_train_batch_end:39 - Epoch 0, Step 1817: train_loss = 5.2928
2025-06-23 15:52:42.622 | INFO     | __main__:on_train_batch_end:39 - Epoch 0, Step 1818: train_loss = 22.6381
2025-06-23 15:52:42.884 | INFO     | __main__:on_train_batch_end:39 - Epoch 0, Step 1819: train_loss = 3.6743
2025-06-23 15:52:43.145 | INFO     | __main__:on_train_batch_end:39 - Epoch 0, Step 1820: train_loss = 3.5975
2025-06-23 15:52:43.408 | INFO     | __main__:on_train_batch_end:39 - Epoch 0, Step 1821: train_loss = 3.8129
2025-06-23 15:52:43.673 | INFO     | __main__:on_train_batch_end:39 - Epoch 0, Step 1822: train_loss = 6.3485
2025-06-23 15:52:43.936 | INFO     | __main__:on_train_batch_end:39 - Epoch 0, Step 1823: train_loss = 18.7208
2025-06-23 15:52:44.199 | INFO     | __main__:on_train_batch_end:39 - Epoch 0, Step 1824: train_loss = 7.2057
2025-06-23 15:52:44.463 | INFO     | __main__:on_train_batch_end:39 - Epoch 0, Step 1825: train_loss = 14.4565
2025-06-23 15:52:44.728 | INFO     | __main__:on_train_batch_end:39 - Epoch 0, Step 1826: train_loss = 19.8848
2025-06-23 15:52:44.991 | INFO     | __main__:on_train_batch_end:39 - Epoch 0, Step 1827: train_loss = 21.0825
2025-06-23 15:52:45.255 | INFO     | __main__:on_train_batch_end:39 - Epoch 0, Step 1828: train_loss = 4.8255
2025-06-23 15:52:45.524 | INFO     | __main__:on_train_batch_end:39 - Epoch 0, Step 1829: train_loss = 6.4271
2025-06-23 15:52:45.790 | INFO     | __main__:on_train_batch_end:39 - Epoch 0, Step 1830: train_loss = 20.1227
2025-06-23 15:52:46.053 | INFO     | __main__:on_train_batch_end:39 - Epoch 0, Step 1831: train_loss = 8.7521
2025-06-23 15:52:46.316 | INFO     | __main__:on_train_batch_end:39 - Epoch 0, Step 1832: train_loss = 9.4434
2025-06-23 15:52:46.581 | INFO     | __main__:on_train_batch_end:39 - Epoch 0, Step 1833: train_loss = 5.8643
2025-06-23 15:52:46.844 | INFO     | __main__:on_train_batch_end:39 - Epoch 0, Step 1834: train_loss = 4.8433
2025-06-23 15:52:47.108 | INFO     | __main__:on_train_batch_end:39 - Epoch 0, Step 1835: train_loss = 22.0453
2025-06-23 15:52:47.369 | INFO     | __main__:on_train_batch_end:39 - Epoch 0, Step 1836: train_loss = 4.0781
2025-06-23 15:52:47.633 | INFO     | __main__:on_train_batch_end:39 - Epoch 0, Step 1837: train_loss = 9.6791
2025-06-23 15:52:47.895 | INFO     | __main__:on_train_batch_end:39 - Epoch 0, Step 1838: train_loss = 5.2636
2025-06-23 15:52:48.158 | INFO     | __main__:on_train_batch_end:39 - Epoch 0, Step 1839: train_loss = 7.8063
2025-06-23 15:52:48.421 | INFO     | __main__:on_train_batch_end:39 - Epoch 0, Step 1840: train_loss = 9.5633
2025-06-23 15:52:48.685 | INFO     | __main__:on_train_batch_end:39 - Epoch 0, Step 1841: train_loss = 3.4216
2025-06-23 15:52:48.951 | INFO     | __main__:on_train_batch_end:39 - Epoch 0, Step 1842: train_loss = 4.2194
2025-06-23 15:52:49.215 | INFO     | __main__:on_train_batch_end:39 - Epoch 0, Step 1843: train_loss = 3.9956
2025-06-23 15:52:49.477 | INFO     | __main__:on_train_batch_end:39 - Epoch 0, Step 1844: train_loss = 4.9286
2025-06-23 15:52:49.741 | INFO     | __main__:on_train_batch_end:39 - Epoch 0, Step 1845: train_loss = 17.2006
2025-06-23 15:52:50.003 | INFO     | __main__:on_train_batch_end:39 - Epoch 0, Step 1846: train_loss = 3.8532
2025-06-23 15:52:50.267 | INFO     | __main__:on_train_batch_end:39 - Epoch 0, Step 1847: train_loss = 5.1156
2025-06-23 15:52:50.530 | INFO     | __main__:on_train_batch_end:39 - Epoch 0, Step 1848: train_loss = 11.2382
2025-06-23 15:52:50.793 | INFO     | __main__:on_train_batch_end:39 - Epoch 0, Step 1849: train_loss = 16.4744
2025-06-23 15:52:51.056 | INFO     | __main__:on_train_batch_end:39 - Epoch 0, Step 1850: train_loss = 10.5635
2025-06-23 15:52:51.319 | INFO     | __main__:on_train_batch_end:39 - Epoch 0, Step 1851: train_loss = 14.4437
2025-06-23 15:52:51.586 | INFO     | __main__:on_train_batch_end:39 - Epoch 0, Step 1852: train_loss = 6.0059
2025-06-23 15:52:51.850 | INFO     | __main__:on_train_batch_end:39 - Epoch 0, Step 1853: train_loss = 13.9267
2025-06-23 15:52:52.112 | INFO     | __main__:on_train_batch_end:39 - Epoch 0, Step 1854: train_loss = 4.9956
2025-06-23 15:52:52.376 | INFO     | __main__:on_train_batch_end:39 - Epoch 0, Step 1855: train_loss = 3.8351
2025-06-23 15:52:52.643 | INFO     | __main__:on_train_batch_end:39 - Epoch 0, Step 1856: train_loss = 18.3512
2025-06-23 15:52:52.914 | INFO     | __main__:on_train_batch_end:39 - Epoch 0, Step 1857: train_loss = 4.0052
2025-06-23 15:52:53.179 | INFO     | __main__:on_train_batch_end:39 - Epoch 0, Step 1858: train_loss = 7.4734
2025-06-23 15:52:53.448 | INFO     | __main__:on_train_batch_end:39 - Epoch 0, Step 1859: train_loss = 5.6520
2025-06-23 15:52:53.710 | INFO     | __main__:on_train_batch_end:39 - Epoch 0, Step 1860: train_loss = 10.8694
2025-06-23 15:52:53.974 | INFO     | __main__:on_train_batch_end:39 - Epoch 0, Step 1861: train_loss = 13.6804
2025-06-23 15:52:54.238 | INFO     | __main__:on_train_batch_end:39 - Epoch 0, Step 1862: train_loss = 3.7414
2025-06-23 15:52:54.506 | INFO     | __main__:on_train_batch_end:39 - Epoch 0, Step 1863: train_loss = 9.0759
2025-06-23 15:52:54.769 | INFO     | __main__:on_train_batch_end:39 - Epoch 0, Step 1864: train_loss = 16.6115
2025-06-23 15:52:55.032 | INFO     | __main__:on_train_batch_end:39 - Epoch 0, Step 1865: train_loss = 7.0082
2025-06-23 15:52:55.306 | INFO     | __main__:on_train_batch_end:39 - Epoch 0, Step 1866: train_loss = 4.3632
2025-06-23 15:52:55.569 | INFO     | __main__:on_train_batch_end:39 - Epoch 0, Step 1867: train_loss = 6.8985
2025-06-23 15:52:55.832 | INFO     | __main__:on_train_batch_end:39 - Epoch 0, Step 1868: train_loss = 8.3666
2025-06-23 15:52:56.092 | INFO     | __main__:on_train_batch_end:39 - Epoch 0, Step 1869: train_loss = 5.0205
2025-06-23 15:52:56.355 | INFO     | __main__:on_train_batch_end:39 - Epoch 0, Step 1870: train_loss = 5.2852
2025-06-23 15:52:56.619 | INFO     | __main__:on_train_batch_end:39 - Epoch 0, Step 1871: train_loss = 6.7412
2025-06-23 15:52:56.881 | INFO     | __main__:on_train_batch_end:39 - Epoch 0, Step 1872: train_loss = 4.6170
2025-06-23 15:52:57.143 | INFO     | __main__:on_train_batch_end:39 - Epoch 0, Step 1873: train_loss = 9.4797
2025-06-23 15:52:57.406 | INFO     | __main__:on_train_batch_end:39 - Epoch 0, Step 1874: train_loss = 9.9268
2025-06-23 15:52:57.680 | INFO     | __main__:on_train_batch_end:39 - Epoch 0, Step 1875: train_loss = 6.3412
2025-06-23 15:52:57.941 | INFO     | __main__:on_train_batch_end:39 - Epoch 0, Step 1876: train_loss = 3.8074
2025-06-23 15:52:58.205 | INFO     | __main__:on_train_batch_end:39 - Epoch 0, Step 1877: train_loss = 4.2142
2025-06-23 15:52:58.468 | INFO     | __main__:on_train_batch_end:39 - Epoch 0, Step 1878: train_loss = 12.4487
2025-06-23 15:52:58.729 | INFO     | __main__:on_train_batch_end:39 - Epoch 0, Step 1879: train_loss = 4.3930
2025-06-23 15:52:58.993 | INFO     | __main__:on_train_batch_end:39 - Epoch 0, Step 1880: train_loss = 3.7408
2025-06-23 15:52:59.255 | INFO     | __main__:on_train_batch_end:39 - Epoch 0, Step 1881: train_loss = 14.3967
2025-06-23 15:52:59.526 | INFO     | __main__:on_train_batch_end:39 - Epoch 0, Step 1882: train_loss = 9.4160
2025-06-23 15:52:59.794 | INFO     | __main__:on_train_batch_end:39 - Epoch 0, Step 1883: train_loss = 4.3290
2025-06-23 15:53:00.057 | INFO     | __main__:on_train_batch_end:39 - Epoch 0, Step 1884: train_loss = 20.8968
2025-06-23 15:53:00.321 | INFO     | __main__:on_train_batch_end:39 - Epoch 0, Step 1885: train_loss = 12.3524
2025-06-23 15:53:00.591 | INFO     | __main__:on_train_batch_end:39 - Epoch 0, Step 1886: train_loss = 12.9749
2025-06-23 15:53:00.854 | INFO     | __main__:on_train_batch_end:39 - Epoch 0, Step 1887: train_loss = 18.1028
2025-06-23 15:53:01.116 | INFO     | __main__:on_train_batch_end:39 - Epoch 0, Step 1888: train_loss = 4.1605
2025-06-23 15:53:01.379 | INFO     | __main__:on_train_batch_end:39 - Epoch 0, Step 1889: train_loss = 20.3646
2025-06-23 15:53:01.643 | INFO     | __main__:on_train_batch_end:39 - Epoch 0, Step 1890: train_loss = 8.1792
2025-06-23 15:53:01.906 | INFO     | __main__:on_train_batch_end:39 - Epoch 0, Step 1891: train_loss = 3.5727
2025-06-23 15:53:02.170 | INFO     | __main__:on_train_batch_end:39 - Epoch 0, Step 1892: train_loss = 5.3224
2025-06-23 15:53:02.434 | INFO     | __main__:on_train_batch_end:39 - Epoch 0, Step 1893: train_loss = 5.2720
2025-06-23 15:53:02.699 | INFO     | __main__:on_train_batch_end:39 - Epoch 0, Step 1894: train_loss = 3.8963
2025-06-23 15:53:02.967 | INFO     | __main__:on_train_batch_end:39 - Epoch 0, Step 1895: train_loss = 6.0913
2025-06-23 15:53:03.231 | INFO     | __main__:on_train_batch_end:39 - Epoch 0, Step 1896: train_loss = 9.1630
2025-06-23 15:53:03.499 | INFO     | __main__:on_train_batch_end:39 - Epoch 0, Step 1897: train_loss = 3.7453
2025-06-23 15:53:03.760 | INFO     | __main__:on_train_batch_end:39 - Epoch 0, Step 1898: train_loss = 5.5778
2025-06-23 15:53:04.023 | INFO     | __main__:on_train_batch_end:39 - Epoch 0, Step 1899: train_loss = 5.0729
2025-06-23 15:53:04.286 | INFO     | __main__:on_train_batch_end:39 - Epoch 0, Step 1900: train_loss = 5.0203
2025-06-23 15:53:04.551 | INFO     | __main__:on_train_batch_end:39 - Epoch 0, Step 1901: train_loss = 9.3658
2025-06-23 15:53:04.816 | INFO     | __main__:on_train_batch_end:39 - Epoch 0, Step 1902: train_loss = 4.2083
2025-06-23 15:53:05.081 | INFO     | __main__:on_train_batch_end:39 - Epoch 0, Step 1903: train_loss = 5.8662
2025-06-23 15:53:05.346 | INFO     | __main__:on_train_batch_end:39 - Epoch 0, Step 1904: train_loss = 23.2321
2025-06-23 15:53:05.609 | INFO     | __main__:on_train_batch_end:39 - Epoch 0, Step 1905: train_loss = 5.6762
2025-06-23 15:53:05.880 | INFO     | __main__:on_train_batch_end:39 - Epoch 0, Step 1906: train_loss = 5.1760
2025-06-23 15:53:06.142 | INFO     | __main__:on_train_batch_end:39 - Epoch 0, Step 1907: train_loss = 4.0095
2025-06-23 15:53:06.405 | INFO     | __main__:on_train_batch_end:39 - Epoch 0, Step 1908: train_loss = 5.9573
2025-06-23 15:53:06.674 | INFO     | __main__:on_train_batch_end:39 - Epoch 0, Step 1909: train_loss = 6.3310
2025-06-23 15:53:06.936 | INFO     | __main__:on_train_batch_end:39 - Epoch 0, Step 1910: train_loss = 3.8106
2025-06-23 15:53:07.198 | INFO     | __main__:on_train_batch_end:39 - Epoch 0, Step 1911: train_loss = 3.8868
2025-06-23 15:53:07.461 | INFO     | __main__:on_train_batch_end:39 - Epoch 0, Step 1912: train_loss = 3.8997
2025-06-23 15:53:07.747 | INFO     | __main__:on_train_batch_end:39 - Epoch 0, Step 1913: train_loss = 9.1566
2025-06-23 15:53:08.009 | INFO     | __main__:on_train_batch_end:39 - Epoch 0, Step 1914: train_loss = 15.4207
2025-06-23 15:53:08.272 | INFO     | __main__:on_train_batch_end:39 - Epoch 0, Step 1915: train_loss = 4.9652
2025-06-23 15:53:08.533 | INFO     | __main__:on_train_batch_end:39 - Epoch 0, Step 1916: train_loss = 4.2728
2025-06-23 15:53:08.795 | INFO     | __main__:on_train_batch_end:39 - Epoch 0, Step 1917: train_loss = 9.3030
2025-06-23 15:53:09.057 | INFO     | __main__:on_train_batch_end:39 - Epoch 0, Step 1918: train_loss = 13.3244
2025-06-23 15:53:09.320 | INFO     | __main__:on_train_batch_end:39 - Epoch 0, Step 1919: train_loss = 18.9225
2025-06-23 15:53:09.585 | INFO     | __main__:on_train_batch_end:39 - Epoch 0, Step 1920: train_loss = 3.8868
2025-06-23 15:53:09.847 | INFO     | __main__:on_train_batch_end:39 - Epoch 0, Step 1921: train_loss = 6.5762
2025-06-23 15:53:10.109 | INFO     | __main__:on_train_batch_end:39 - Epoch 0, Step 1922: train_loss = 10.0279
2025-06-23 15:53:10.372 | INFO     | __main__:on_train_batch_end:39 - Epoch 0, Step 1923: train_loss = 15.7001
2025-06-23 15:53:10.635 | INFO     | __main__:on_train_batch_end:39 - Epoch 0, Step 1924: train_loss = 7.6860
2025-06-23 15:53:10.900 | INFO     | __main__:on_train_batch_end:39 - Epoch 0, Step 1925: train_loss = 23.8240
2025-06-23 15:53:11.262 | INFO     | __main__:on_train_batch_end:39 - Epoch 0, Step 1926: train_loss = 22.7395
2025-06-23 15:53:11.525 | INFO     | __main__:on_train_batch_end:39 - Epoch 0, Step 1927: train_loss = 4.3214
2025-06-23 15:53:11.787 | INFO     | __main__:on_train_batch_end:39 - Epoch 0, Step 1928: train_loss = 7.3827
2025-06-23 15:53:12.050 | INFO     | __main__:on_train_batch_end:39 - Epoch 0, Step 1929: train_loss = 31.8683
2025-06-23 15:53:12.313 | INFO     | __main__:on_train_batch_end:39 - Epoch 0, Step 1930: train_loss = 3.6871
2025-06-23 15:53:12.580 | INFO     | __main__:on_train_batch_end:39 - Epoch 0, Step 1931: train_loss = 15.8421
2025-06-23 15:53:12.843 | INFO     | __main__:on_train_batch_end:39 - Epoch 0, Step 1932: train_loss = 3.6093
2025-06-23 15:53:13.115 | INFO     | __main__:on_train_batch_end:39 - Epoch 0, Step 1933: train_loss = 4.7970
2025-06-23 15:53:13.377 | INFO     | __main__:on_train_batch_end:39 - Epoch 0, Step 1934: train_loss = 5.4591
2025-06-23 15:53:13.642 | INFO     | __main__:on_train_batch_end:39 - Epoch 0, Step 1935: train_loss = 24.2226
2025-06-23 15:53:13.904 | INFO     | __main__:on_train_batch_end:39 - Epoch 0, Step 1936: train_loss = 4.9276
2025-06-23 15:53:14.175 | INFO     | __main__:on_train_batch_end:39 - Epoch 0, Step 1937: train_loss = 3.8606
2025-06-23 15:53:14.437 | INFO     | __main__:on_train_batch_end:39 - Epoch 0, Step 1938: train_loss = 3.8161
2025-06-23 15:53:14.700 | INFO     | __main__:on_train_batch_end:39 - Epoch 0, Step 1939: train_loss = 11.5468
2025-06-23 15:53:14.962 | INFO     | __main__:on_train_batch_end:39 - Epoch 0, Step 1940: train_loss = 6.8947
2025-06-23 15:53:15.225 | INFO     | __main__:on_train_batch_end:39 - Epoch 0, Step 1941: train_loss = 8.4006
2025-06-23 15:53:15.493 | INFO     | __main__:on_train_batch_end:39 - Epoch 0, Step 1942: train_loss = 21.4419
2025-06-23 15:53:15.757 | INFO     | __main__:on_train_batch_end:39 - Epoch 0, Step 1943: train_loss = 7.6720
2025-06-23 15:53:16.020 | INFO     | __main__:on_train_batch_end:39 - Epoch 0, Step 1944: train_loss = 4.6166
2025-06-23 15:53:16.283 | INFO     | __main__:on_train_batch_end:39 - Epoch 0, Step 1945: train_loss = 6.9979
2025-06-23 15:53:16.547 | INFO     | __main__:on_train_batch_end:39 - Epoch 0, Step 1946: train_loss = 7.0882
2025-06-23 15:53:16.812 | INFO     | __main__:on_train_batch_end:39 - Epoch 0, Step 1947: train_loss = 6.4132
2025-06-23 15:53:17.075 | INFO     | __main__:on_train_batch_end:39 - Epoch 0, Step 1948: train_loss = 4.3239
2025-06-23 15:53:17.337 | INFO     | __main__:on_train_batch_end:39 - Epoch 0, Step 1949: train_loss = 6.2541
2025-06-23 15:53:17.602 | INFO     | __main__:on_train_batch_end:39 - Epoch 0, Step 1950: train_loss = 7.8564
2025-06-23 15:53:17.865 | INFO     | __main__:on_train_batch_end:39 - Epoch 0, Step 1951: train_loss = 3.5176
2025-06-23 15:53:18.132 | INFO     | __main__:on_train_batch_end:39 - Epoch 0, Step 1952: train_loss = 3.7482
2025-06-23 15:53:18.396 | INFO     | __main__:on_train_batch_end:39 - Epoch 0, Step 1953: train_loss = 5.2764
2025-06-23 15:53:18.657 | INFO     | __main__:on_train_batch_end:39 - Epoch 0, Step 1954: train_loss = 18.2794
2025-06-23 15:53:18.919 | INFO     | __main__:on_train_batch_end:39 - Epoch 0, Step 1955: train_loss = 3.7570
2025-06-23 15:53:19.182 | INFO     | __main__:on_train_batch_end:39 - Epoch 0, Step 1956: train_loss = 3.9198
2025-06-23 15:53:19.442 | INFO     | __main__:on_train_batch_end:39 - Epoch 0, Step 1957: train_loss = 3.8493
2025-06-23 15:53:19.706 | INFO     | __main__:on_train_batch_end:39 - Epoch 0, Step 1958: train_loss = 4.1141
2025-06-23 15:53:19.968 | INFO     | __main__:on_train_batch_end:39 - Epoch 0, Step 1959: train_loss = 4.4596
2025-06-23 15:53:20.236 | INFO     | __main__:on_train_batch_end:39 - Epoch 0, Step 1960: train_loss = 3.9691
2025-06-23 15:53:20.497 | INFO     | __main__:on_train_batch_end:39 - Epoch 0, Step 1961: train_loss = 5.6626
2025-06-23 15:53:20.760 | INFO     | __main__:on_train_batch_end:39 - Epoch 0, Step 1962: train_loss = 14.9719
2025-06-23 15:53:21.023 | INFO     | __main__:on_train_batch_end:39 - Epoch 0, Step 1963: train_loss = 7.3684
2025-06-23 15:53:21.287 | INFO     | __main__:on_train_batch_end:39 - Epoch 0, Step 1964: train_loss = 4.0567
2025-06-23 15:53:21.555 | INFO     | __main__:on_train_batch_end:39 - Epoch 0, Step 1965: train_loss = 5.5399
2025-06-23 15:53:21.816 | INFO     | __main__:on_train_batch_end:39 - Epoch 0, Step 1966: train_loss = 5.4816
2025-06-23 15:53:22.078 | INFO     | __main__:on_train_batch_end:39 - Epoch 0, Step 1967: train_loss = 3.5434
2025-06-23 15:53:22.342 | INFO     | __main__:on_train_batch_end:39 - Epoch 0, Step 1968: train_loss = 3.7686
2025-06-23 15:53:22.606 | INFO     | __main__:on_train_batch_end:39 - Epoch 0, Step 1969: train_loss = 9.7676
2025-06-23 15:53:22.870 | INFO     | __main__:on_train_batch_end:39 - Epoch 0, Step 1970: train_loss = 5.4132
2025-06-23 15:53:23.133 | INFO     | __main__:on_train_batch_end:39 - Epoch 0, Step 1971: train_loss = 6.2656
2025-06-23 15:53:23.394 | INFO     | __main__:on_train_batch_end:39 - Epoch 0, Step 1972: train_loss = 18.3795
2025-06-23 15:53:23.656 | INFO     | __main__:on_train_batch_end:39 - Epoch 0, Step 1973: train_loss = 3.5562
2025-06-23 15:53:23.918 | INFO     | __main__:on_train_batch_end:39 - Epoch 0, Step 1974: train_loss = 8.7599
2025-06-23 15:53:24.181 | INFO     | __main__:on_train_batch_end:39 - Epoch 0, Step 1975: train_loss = 9.6196
2025-06-23 15:53:24.444 | INFO     | __main__:on_train_batch_end:39 - Epoch 0, Step 1976: train_loss = 10.4052
2025-06-23 15:53:24.711 | INFO     | __main__:on_train_batch_end:39 - Epoch 0, Step 1977: train_loss = 4.3829
2025-06-23 15:53:24.974 | INFO     | __main__:on_train_batch_end:39 - Epoch 0, Step 1978: train_loss = 6.1392
2025-06-23 15:53:25.238 | INFO     | __main__:on_train_batch_end:39 - Epoch 0, Step 1979: train_loss = 4.5903
2025-06-23 15:53:25.501 | INFO     | __main__:on_train_batch_end:39 - Epoch 0, Step 1980: train_loss = 9.7487
2025-06-23 15:53:25.766 | INFO     | __main__:on_train_batch_end:39 - Epoch 0, Step 1981: train_loss = 4.1567
2025-06-23 15:53:26.028 | INFO     | __main__:on_train_batch_end:39 - Epoch 0, Step 1982: train_loss = 33.9901
2025-06-23 15:53:26.293 | INFO     | __main__:on_train_batch_end:39 - Epoch 0, Step 1983: train_loss = 19.5056
2025-06-23 15:53:26.556 | INFO     | __main__:on_train_batch_end:39 - Epoch 0, Step 1984: train_loss = 7.9570
2025-06-23 15:53:26.817 | INFO     | __main__:on_train_batch_end:39 - Epoch 0, Step 1985: train_loss = 3.5919
2025-06-23 15:53:27.080 | INFO     | __main__:on_train_batch_end:39 - Epoch 0, Step 1986: train_loss = 3.7984
2025-06-23 15:53:27.342 | INFO     | __main__:on_train_batch_end:39 - Epoch 0, Step 1987: train_loss = 13.5275
2025-06-23 15:53:27.614 | INFO     | __main__:on_train_batch_end:39 - Epoch 0, Step 1988: train_loss = 4.6694
2025-06-23 15:53:27.876 | INFO     | __main__:on_train_batch_end:39 - Epoch 0, Step 1989: train_loss = 8.9632
2025-06-23 15:53:28.140 | INFO     | __main__:on_train_batch_end:39 - Epoch 0, Step 1990: train_loss = 4.2814
2025-06-23 15:53:28.405 | INFO     | __main__:on_train_batch_end:39 - Epoch 0, Step 1991: train_loss = 4.1965
2025-06-23 15:53:28.669 | INFO     | __main__:on_train_batch_end:39 - Epoch 0, Step 1992: train_loss = 5.0524
2025-06-23 15:53:28.934 | INFO     | __main__:on_train_batch_end:39 - Epoch 0, Step 1993: train_loss = 4.5444
2025-06-23 15:53:29.196 | INFO     | __main__:on_train_batch_end:39 - Epoch 0, Step 1994: train_loss = 7.0114
2025-06-23 15:53:29.459 | INFO     | __main__:on_train_batch_end:39 - Epoch 0, Step 1995: train_loss = 15.5297
2025-06-23 15:53:29.723 | INFO     | __main__:on_train_batch_end:39 - Epoch 0, Step 1996: train_loss = 3.7108
2025-06-23 15:53:29.987 | INFO     | __main__:on_train_batch_end:39 - Epoch 0, Step 1997: train_loss = 4.0140
2025-06-23 15:53:30.251 | INFO     | __main__:on_train_batch_end:39 - Epoch 0, Step 1998: train_loss = 8.4063
2025-06-23 15:53:30.521 | INFO     | __main__:on_train_batch_end:39 - Epoch 0, Step 1999: train_loss = 3.8102
2025-06-23 15:53:30.786 | INFO     | __main__:on_train_batch_end:39 - Epoch 0, Step 2000: train_loss = 6.6697
2025-06-23 15:53:31.049 | INFO     | __main__:on_train_batch_end:39 - Epoch 0, Step 2001: train_loss = 3.7489
2025-06-23 15:53:31.315 | INFO     | __main__:on_train_batch_end:39 - Epoch 0, Step 2002: train_loss = 4.9790
2025-06-23 15:53:31.577 | INFO     | __main__:on_train_batch_end:39 - Epoch 0, Step 2003: train_loss = 4.5429
2025-06-23 15:53:31.841 | INFO     | __main__:on_train_batch_end:39 - Epoch 0, Step 2004: train_loss = 3.7301
2025-06-23 15:53:32.106 | INFO     | __main__:on_train_batch_end:39 - Epoch 0, Step 2005: train_loss = 6.2627
2025-06-23 15:53:32.370 | INFO     | __main__:on_train_batch_end:39 - Epoch 0, Step 2006: train_loss = 16.2763
2025-06-23 15:53:32.631 | INFO     | __main__:on_train_batch_end:39 - Epoch 0, Step 2007: train_loss = 5.7496
2025-06-23 15:53:32.892 | INFO     | __main__:on_train_batch_end:39 - Epoch 0, Step 2008: train_loss = 3.9580
2025-06-23 15:53:33.153 | INFO     | __main__:on_train_batch_end:39 - Epoch 0, Step 2009: train_loss = 5.3916
2025-06-23 15:53:33.417 | INFO     | __main__:on_train_batch_end:39 - Epoch 0, Step 2010: train_loss = 5.9231
2025-06-23 15:53:33.682 | INFO     | __main__:on_train_batch_end:39 - Epoch 0, Step 2011: train_loss = 19.0493
2025-06-23 15:53:33.945 | INFO     | __main__:on_train_batch_end:39 - Epoch 0, Step 2012: train_loss = 18.9383
2025-06-23 15:53:34.208 | INFO     | __main__:on_train_batch_end:39 - Epoch 0, Step 2013: train_loss = 4.1963
2025-06-23 15:53:34.473 | INFO     | __main__:on_train_batch_end:39 - Epoch 0, Step 2014: train_loss = 24.9056
2025-06-23 15:53:34.743 | INFO     | __main__:on_train_batch_end:39 - Epoch 0, Step 2015: train_loss = 21.7792
2025-06-23 15:53:35.007 | INFO     | __main__:on_train_batch_end:39 - Epoch 0, Step 2016: train_loss = 15.2325
2025-06-23 15:53:35.277 | INFO     | __main__:on_train_batch_end:39 - Epoch 0, Step 2017: train_loss = 5.9939
2025-06-23 15:53:35.555 | INFO     | __main__:on_train_batch_end:39 - Epoch 0, Step 2018: train_loss = 5.0634
2025-06-23 15:53:35.820 | INFO     | __main__:on_train_batch_end:39 - Epoch 0, Step 2019: train_loss = 4.2584
2025-06-23 15:53:36.082 | INFO     | __main__:on_train_batch_end:39 - Epoch 0, Step 2020: train_loss = 3.9114
2025-06-23 15:53:36.346 | INFO     | __main__:on_train_batch_end:39 - Epoch 0, Step 2021: train_loss = 8.1336
2025-06-23 15:53:36.614 | INFO     | __main__:on_train_batch_end:39 - Epoch 0, Step 2022: train_loss = 13.8502
2025-06-23 15:53:36.887 | INFO     | __main__:on_train_batch_end:39 - Epoch 0, Step 2023: train_loss = 11.1749
2025-06-23 15:53:37.157 | INFO     | __main__:on_train_batch_end:39 - Epoch 0, Step 2024: train_loss = 10.6776
2025-06-23 15:53:37.422 | INFO     | __main__:on_train_batch_end:39 - Epoch 0, Step 2025: train_loss = 7.1450
2025-06-23 15:53:37.684 | INFO     | __main__:on_train_batch_end:39 - Epoch 0, Step 2026: train_loss = 11.8794
2025-06-23 15:53:37.946 | INFO     | __main__:on_train_batch_end:39 - Epoch 0, Step 2027: train_loss = 7.6676
2025-06-23 15:53:38.210 | INFO     | __main__:on_train_batch_end:39 - Epoch 0, Step 2028: train_loss = 4.2838
2025-06-23 15:53:38.475 | INFO     | __main__:on_train_batch_end:39 - Epoch 0, Step 2029: train_loss = 30.8115
2025-06-23 15:53:38.748 | INFO     | __main__:on_train_batch_end:39 - Epoch 0, Step 2030: train_loss = 5.1804
2025-06-23 15:53:39.028 | INFO     | __main__:on_train_batch_end:39 - Epoch 0, Step 2031: train_loss = 4.3094
2025-06-23 15:53:39.295 | INFO     | __main__:on_train_batch_end:39 - Epoch 0, Step 2032: train_loss = 3.6686
2025-06-23 15:53:39.561 | INFO     | __main__:on_train_batch_end:39 - Epoch 0, Step 2033: train_loss = 7.6885
2025-06-23 15:53:39.826 | INFO     | __main__:on_train_batch_end:39 - Epoch 0, Step 2034: train_loss = 7.7431
2025-06-23 15:53:40.088 | INFO     | __main__:on_train_batch_end:39 - Epoch 0, Step 2035: train_loss = 5.7489
2025-06-23 15:53:40.358 | INFO     | __main__:on_train_batch_end:39 - Epoch 0, Step 2036: train_loss = 3.9048
2025-06-23 15:53:40.633 | INFO     | __main__:on_train_batch_end:39 - Epoch 0, Step 2037: train_loss = 6.1319
2025-06-23 15:53:40.898 | INFO     | __main__:on_train_batch_end:39 - Epoch 0, Step 2038: train_loss = 9.7218
2025-06-23 15:53:41.161 | INFO     | __main__:on_train_batch_end:39 - Epoch 0, Step 2039: train_loss = 5.1182
2025-06-23 15:53:41.424 | INFO     | __main__:on_train_batch_end:39 - Epoch 0, Step 2040: train_loss = 13.1209
2025-06-23 15:53:41.688 | INFO     | __main__:on_train_batch_end:39 - Epoch 0, Step 2041: train_loss = 3.8115
2025-06-23 15:53:41.951 | INFO     | __main__:on_train_batch_end:39 - Epoch 0, Step 2042: train_loss = 12.6603
2025-06-23 15:53:42.226 | INFO     | __main__:on_train_batch_end:39 - Epoch 0, Step 2043: train_loss = 5.4852
2025-06-23 15:53:42.504 | INFO     | __main__:on_train_batch_end:39 - Epoch 0, Step 2044: train_loss = 5.6391
2025-06-23 15:53:42.774 | INFO     | __main__:on_train_batch_end:39 - Epoch 0, Step 2045: train_loss = 6.6234
2025-06-23 15:53:43.138 | INFO     | __main__:on_train_batch_end:39 - Epoch 0, Step 2046: train_loss = 3.9143
2025-06-23 15:53:43.411 | INFO     | __main__:on_train_batch_end:39 - Epoch 0, Step 2047: train_loss = 10.1603
2025-06-23 15:53:43.684 | INFO     | __main__:on_train_batch_end:39 - Epoch 0, Step 2048: train_loss = 5.5038
2025-06-23 15:53:43.948 | INFO     | __main__:on_train_batch_end:39 - Epoch 0, Step 2049: train_loss = 12.6861
2025-06-23 15:53:44.210 | INFO     | __main__:on_train_batch_end:39 - Epoch 0, Step 2050: train_loss = 4.0508
2025-06-23 15:53:44.473 | INFO     | __main__:on_train_batch_end:39 - Epoch 0, Step 2051: train_loss = 11.3980
2025-06-23 15:53:44.744 | INFO     | __main__:on_train_batch_end:39 - Epoch 0, Step 2052: train_loss = 7.9771
2025-06-23 15:53:45.023 | INFO     | __main__:on_train_batch_end:39 - Epoch 0, Step 2053: train_loss = 5.6696
2025-06-23 15:53:45.296 | INFO     | __main__:on_train_batch_end:39 - Epoch 0, Step 2054: train_loss = 5.4853
2025-06-23 15:53:45.571 | INFO     | __main__:on_train_batch_end:39 - Epoch 0, Step 2055: train_loss = 7.5793
2025-06-23 15:53:45.839 | INFO     | __main__:on_train_batch_end:39 - Epoch 0, Step 2056: train_loss = 4.2548
2025-06-23 15:53:46.105 | INFO     | __main__:on_train_batch_end:39 - Epoch 0, Step 2057: train_loss = 5.1480
2025-06-23 15:53:46.370 | INFO     | __main__:on_train_batch_end:39 - Epoch 0, Step 2058: train_loss = 6.5749
2025-06-23 15:53:46.633 | INFO     | __main__:on_train_batch_end:39 - Epoch 0, Step 2059: train_loss = 16.8703
2025-06-23 15:53:46.906 | INFO     | __main__:on_train_batch_end:39 - Epoch 0, Step 2060: train_loss = 3.7938
2025-06-23 15:53:47.174 | INFO     | __main__:on_train_batch_end:39 - Epoch 0, Step 2061: train_loss = 8.1361
2025-06-23 15:53:47.437 | INFO     | __main__:on_train_batch_end:39 - Epoch 0, Step 2062: train_loss = 7.0885
2025-06-23 15:53:47.705 | INFO     | __main__:on_train_batch_end:39 - Epoch 0, Step 2063: train_loss = 6.7430
2025-06-23 15:53:47.969 | INFO     | __main__:on_train_batch_end:39 - Epoch 0, Step 2064: train_loss = 3.9533
2025-06-23 15:53:48.232 | INFO     | __main__:on_train_batch_end:39 - Epoch 0, Step 2065: train_loss = 4.9462
2025-06-23 15:53:48.505 | INFO     | __main__:on_train_batch_end:39 - Epoch 0, Step 2066: train_loss = 11.2576
2025-06-23 15:53:48.770 | INFO     | __main__:on_train_batch_end:39 - Epoch 0, Step 2067: train_loss = 5.2778
2025-06-23 15:53:49.033 | INFO     | __main__:on_train_batch_end:39 - Epoch 0, Step 2068: train_loss = 3.6543
2025-06-23 15:53:49.295 | INFO     | __main__:on_train_batch_end:39 - Epoch 0, Step 2069: train_loss = 4.8338
2025-06-23 15:53:49.563 | INFO     | __main__:on_train_batch_end:39 - Epoch 0, Step 2070: train_loss = 3.8889
2025-06-23 15:53:49.840 | INFO     | __main__:on_train_batch_end:39 - Epoch 0, Step 2071: train_loss = 5.6475
2025-06-23 15:53:50.105 | INFO     | __main__:on_train_batch_end:39 - Epoch 0, Step 2072: train_loss = 9.1839
2025-06-23 15:53:50.369 | INFO     | __main__:on_train_batch_end:39 - Epoch 0, Step 2073: train_loss = 21.5666
2025-06-23 15:53:50.633 | INFO     | __main__:on_train_batch_end:39 - Epoch 0, Step 2074: train_loss = 7.2705
2025-06-23 15:53:50.893 | INFO     | __main__:on_train_batch_end:39 - Epoch 0, Step 2075: train_loss = 27.1990
2025-06-23 15:53:51.151 | INFO     | __main__:on_train_batch_end:39 - Epoch 0, Step 2076: train_loss = 11.0376
2025-06-23 15:53:51.408 | INFO     | __main__:on_train_batch_end:39 - Epoch 0, Step 2077: train_loss = 7.1949
2025-06-23 15:53:51.670 | INFO     | __main__:on_train_batch_end:39 - Epoch 0, Step 2078: train_loss = 4.7934
2025-06-23 15:53:51.936 | INFO     | __main__:on_train_batch_end:39 - Epoch 0, Step 2079: train_loss = 4.7642
2025-06-23 15:53:52.205 | INFO     | __main__:on_train_batch_end:39 - Epoch 0, Step 2080: train_loss = 6.3049
2025-06-23 15:53:52.463 | INFO     | __main__:on_train_batch_end:39 - Epoch 0, Step 2081: train_loss = 23.6543
2025-06-23 15:53:52.721 | INFO     | __main__:on_train_batch_end:39 - Epoch 0, Step 2082: train_loss = 3.5675
2025-06-23 15:56:27.651 | INFO     | __main__:on_train_end:58 - Training finished. Saving final model weights to finetune_of_noise/weights/dpflow-sintel-noisy.pth
2025-06-23 15:56:27.807 | INFO     | __main__:on_train_end:65 - Successfully saved weights to finetune_of_noise/weights/dpflow-sintel-noisy.pth
2025-06-23 15:56:28.057 | INFO     | __main__:main:257 - Training completed successfully!
