2025-06-23 15:29:36.776 | INFO     | __main__:main:191 - Logs for this run will be saved to finetune_of_noise/logs/train_noisy_20250623-152936.log
2025-06-23 15:29:36.776 | INFO     | __main__:main:211 - Loading model: dpflow
2025-06-23 15:29:36.868 | INFO     | ptlflow.models.dpflow.dpflow:__init__:158 - DPFlow: --model.pyramid_levels is not set, the number of pyramid levels will be inferred from the input size.
2025-06-23 15:29:37.077 | INFO     | ptlflow:restore_model:283 - Restored model state from checkpoint: things
2025-06-23 15:29:37.078 | INFO     | __main__:main:220 - Loading dataset: sintel
2025-06-23 15:29:37.078 | INFO     | __main__:main:251 - Setting up trainer.
2025-06-23 15:29:37.082 | INFO     | __main__:main:260 - Starting training.
2025-06-23 15:29:37.108 | INFO     | __main__:_patched_load_dataset_paths:244 - --- Applying monkey-patch to populate dataset_paths ---
2025-06-23 15:29:37.121 | WARNING  | ptlflow.data.flow_datamodule:_get_sintel_dataset:715 - --train_crop_size is not set. It will be set as (368, 768).
2025-06-23 15:29:37.235 | INFO     | ptlflow.data.datasets:_log_status:257 - Loading 2082 samples from Sintel_clean_final dataset.
2025-06-23 15:29:37.237 | INFO     | ptlflow.models.base_model.base_model:configure_optimizers:532 - --trainer.max_steps is not provided. max_steps will be set as 2082 (1 epochs * 2082 steps per epoch / 1 devices / 1 accumulate grad steps)
2025-06-23 15:29:37.237 | WARNING  | ptlflow.models.base_model.base_model:configure_optimizers:548 - --model.wdecay is not set. It will be set as 0.0001
2025-06-23 15:29:37.290 | INFO     | ptlflow.data.datasets:_log_status:257 - Loading 2082 samples from Sintel_clean_final dataset.
2025-06-23 15:29:37.416 | INFO     | ptlflow.models.dpflow.dpflow:forward_flow:366 - DPFlow: Detected change in input size. The number of pyramid levels will change to 3, corresponding to output stride 32.
2025-06-23 15:29:37.778 | INFO     | ptlflow.models.base_model.base_model:on_validation_epoch_end:449 - main_val_metric is tracking the metric sintel_clean_final-trainval/val/epe
2025-06-23 15:29:37.807 | INFO     | ptlflow.data.datasets:_log_status:257 - Loading 2082 samples from Sintel_clean_final dataset.
2025-06-23 15:29:38.635 | INFO     | __main__:on_train_batch_end:39 - Epoch 0, Step 1: train_loss = 22.7938
2025-06-23 15:29:38.900 | INFO     | __main__:on_train_batch_end:39 - Epoch 0, Step 2: train_loss = 3.6897
2025-06-23 15:29:39.165 | INFO     | __main__:on_train_batch_end:39 - Epoch 0, Step 3: train_loss = 13.5520
2025-06-23 15:29:39.429 | INFO     | __main__:on_train_batch_end:39 - Epoch 0, Step 4: train_loss = 4.2668
2025-06-23 15:29:39.683 | INFO     | __main__:on_train_batch_end:39 - Epoch 0, Step 5: train_loss = 4.0344
2025-06-23 15:29:39.945 | INFO     | __main__:on_train_batch_end:39 - Epoch 0, Step 6: train_loss = 15.9608
2025-06-23 15:29:40.212 | INFO     | __main__:on_train_batch_end:39 - Epoch 0, Step 7: train_loss = 9.2842
2025-06-23 15:29:40.477 | INFO     | __main__:on_train_batch_end:39 - Epoch 0, Step 8: train_loss = 4.1037
2025-06-23 15:29:40.735 | INFO     | __main__:on_train_batch_end:39 - Epoch 0, Step 9: train_loss = 3.6921
2025-06-23 15:29:40.993 | INFO     | __main__:on_train_batch_end:39 - Epoch 0, Step 10: train_loss = 12.6398
2025-06-23 15:29:41.263 | INFO     | __main__:on_train_batch_end:39 - Epoch 0, Step 11: train_loss = 14.7793
2025-06-23 15:29:41.532 | INFO     | __main__:on_train_batch_end:39 - Epoch 0, Step 12: train_loss = 17.2513
2025-06-23 15:29:41.797 | INFO     | __main__:on_train_batch_end:39 - Epoch 0, Step 13: train_loss = 3.6178
2025-06-23 15:29:42.057 | INFO     | __main__:on_train_batch_end:39 - Epoch 0, Step 14: train_loss = 13.8251
2025-06-23 15:29:42.324 | INFO     | __main__:on_train_batch_end:39 - Epoch 0, Step 15: train_loss = 7.1946
2025-06-23 15:29:42.591 | INFO     | __main__:on_train_batch_end:39 - Epoch 0, Step 16: train_loss = 12.5172
2025-06-23 15:29:42.859 | INFO     | __main__:on_train_batch_end:39 - Epoch 0, Step 17: train_loss = 18.7669
2025-06-23 15:29:43.236 | INFO     | __main__:on_train_batch_end:39 - Epoch 0, Step 18: train_loss = 5.4347
2025-06-23 15:29:43.502 | INFO     | __main__:on_train_batch_end:39 - Epoch 0, Step 19: train_loss = 17.0997
2025-06-23 15:29:43.770 | INFO     | __main__:on_train_batch_end:39 - Epoch 0, Step 20: train_loss = 10.3326
2025-06-23 15:29:44.049 | INFO     | __main__:on_train_batch_end:39 - Epoch 0, Step 21: train_loss = 6.8822
2025-06-23 15:29:44.327 | INFO     | __main__:on_train_batch_end:39 - Epoch 0, Step 22: train_loss = 8.3780
2025-06-23 15:29:44.603 | INFO     | __main__:on_train_batch_end:39 - Epoch 0, Step 23: train_loss = 4.0489
2025-06-23 15:29:44.887 | INFO     | __main__:on_train_batch_end:39 - Epoch 0, Step 24: train_loss = 3.5635
2025-06-23 15:29:45.156 | INFO     | __main__:on_train_batch_end:39 - Epoch 0, Step 25: train_loss = 6.0761
2025-06-23 15:29:45.425 | INFO     | __main__:on_train_batch_end:39 - Epoch 0, Step 26: train_loss = 13.1383
2025-06-23 15:29:45.684 | INFO     | __main__:on_train_batch_end:39 - Epoch 0, Step 27: train_loss = 4.6492
2025-06-23 15:29:45.949 | INFO     | __main__:on_train_batch_end:39 - Epoch 0, Step 28: train_loss = 3.9438
2025-06-23 15:29:46.219 | INFO     | __main__:on_train_batch_end:39 - Epoch 0, Step 29: train_loss = 3.5453
2025-06-23 15:29:46.489 | INFO     | __main__:on_train_batch_end:39 - Epoch 0, Step 30: train_loss = 6.0231
2025-06-23 15:29:46.754 | INFO     | __main__:on_train_batch_end:39 - Epoch 0, Step 31: train_loss = 9.0503
2025-06-23 15:29:47.017 | INFO     | __main__:on_train_batch_end:39 - Epoch 0, Step 32: train_loss = 3.8591
2025-06-23 15:29:47.293 | INFO     | __main__:on_train_batch_end:39 - Epoch 0, Step 33: train_loss = 3.9052
2025-06-23 15:29:47.567 | INFO     | __main__:on_train_batch_end:39 - Epoch 0, Step 34: train_loss = 8.1596
2025-06-23 15:29:47.834 | INFO     | __main__:on_train_batch_end:39 - Epoch 0, Step 35: train_loss = 4.4929
2025-06-23 15:29:48.095 | INFO     | __main__:on_train_batch_end:39 - Epoch 0, Step 36: train_loss = 4.0006
2025-06-23 15:29:48.372 | INFO     | __main__:on_train_batch_end:39 - Epoch 0, Step 37: train_loss = 8.1304
2025-06-23 15:29:48.644 | INFO     | __main__:on_train_batch_end:39 - Epoch 0, Step 38: train_loss = 3.9534
2025-06-23 15:29:48.919 | INFO     | __main__:on_train_batch_end:39 - Epoch 0, Step 39: train_loss = 20.5304
2025-06-23 15:29:49.182 | INFO     | __main__:on_train_batch_end:39 - Epoch 0, Step 40: train_loss = 10.5940
2025-06-23 15:29:49.447 | INFO     | __main__:on_train_batch_end:39 - Epoch 0, Step 41: train_loss = 6.8583
2025-06-23 15:29:49.720 | INFO     | __main__:on_train_batch_end:39 - Epoch 0, Step 42: train_loss = 10.9548
2025-06-23 15:29:49.991 | INFO     | __main__:on_train_batch_end:39 - Epoch 0, Step 43: train_loss = 5.3523
2025-06-23 15:29:50.260 | INFO     | __main__:on_train_batch_end:39 - Epoch 0, Step 44: train_loss = 5.1578
2025-06-23 15:29:50.529 | INFO     | __main__:on_train_batch_end:39 - Epoch 0, Step 45: train_loss = 7.2021
2025-06-23 15:29:50.803 | INFO     | __main__:on_train_batch_end:39 - Epoch 0, Step 46: train_loss = 3.9136
2025-06-23 15:29:51.083 | INFO     | __main__:on_train_batch_end:39 - Epoch 0, Step 47: train_loss = 8.3087
2025-06-23 15:29:51.359 | INFO     | __main__:on_train_batch_end:39 - Epoch 0, Step 48: train_loss = 3.6544
2025-06-23 15:29:51.622 | INFO     | __main__:on_train_batch_end:39 - Epoch 0, Step 49: train_loss = 3.5352
2025-06-23 15:29:51.889 | INFO     | __main__:on_train_batch_end:39 - Epoch 0, Step 50: train_loss = 4.6551
2025-06-23 15:29:52.162 | INFO     | __main__:on_train_batch_end:39 - Epoch 0, Step 51: train_loss = 3.8860
2025-06-23 15:29:52.436 | INFO     | __main__:on_train_batch_end:39 - Epoch 0, Step 52: train_loss = 21.4419
2025-06-23 15:29:52.700 | INFO     | __main__:on_train_batch_end:39 - Epoch 0, Step 53: train_loss = 4.2632
2025-06-23 15:29:52.966 | INFO     | __main__:on_train_batch_end:39 - Epoch 0, Step 54: train_loss = 15.6671
2025-06-23 15:29:53.242 | INFO     | __main__:on_train_batch_end:39 - Epoch 0, Step 55: train_loss = 21.6782
2025-06-23 15:29:53.516 | INFO     | __main__:on_train_batch_end:39 - Epoch 0, Step 56: train_loss = 5.0937
2025-06-23 15:29:53.802 | INFO     | __main__:on_train_batch_end:39 - Epoch 0, Step 57: train_loss = 18.7172
2025-06-23 15:29:54.065 | INFO     | __main__:on_train_batch_end:39 - Epoch 0, Step 58: train_loss = 4.3114
2025-06-23 15:29:54.338 | INFO     | __main__:on_train_batch_end:39 - Epoch 0, Step 59: train_loss = 4.2109
2025-06-23 15:29:54.610 | INFO     | __main__:on_train_batch_end:39 - Epoch 0, Step 60: train_loss = 16.6387
2025-06-23 15:29:54.883 | INFO     | __main__:on_train_batch_end:39 - Epoch 0, Step 61: train_loss = 4.7535
2025-06-23 15:29:55.148 | INFO     | __main__:on_train_batch_end:39 - Epoch 0, Step 62: train_loss = 4.2499
2025-06-23 15:29:55.415 | INFO     | __main__:on_train_batch_end:39 - Epoch 0, Step 63: train_loss = 7.0015
2025-06-23 15:29:55.688 | INFO     | __main__:on_train_batch_end:39 - Epoch 0, Step 64: train_loss = 4.0091
2025-06-23 15:29:55.961 | INFO     | __main__:on_train_batch_end:39 - Epoch 0, Step 65: train_loss = 6.2689
2025-06-23 15:29:56.238 | INFO     | __main__:on_train_batch_end:39 - Epoch 0, Step 66: train_loss = 4.2004
2025-06-23 15:29:56.500 | INFO     | __main__:on_train_batch_end:39 - Epoch 0, Step 67: train_loss = 6.6676
2025-06-23 15:29:56.772 | INFO     | __main__:on_train_batch_end:39 - Epoch 0, Step 68: train_loss = 11.2011
2025-06-23 15:29:57.046 | INFO     | __main__:on_train_batch_end:39 - Epoch 0, Step 69: train_loss = 11.6163
2025-06-23 15:29:57.325 | INFO     | __main__:on_train_batch_end:39 - Epoch 0, Step 70: train_loss = 10.5144
2025-06-23 15:29:57.590 | INFO     | __main__:on_train_batch_end:39 - Epoch 0, Step 71: train_loss = 13.4317
2025-06-23 15:29:57.860 | INFO     | __main__:on_train_batch_end:39 - Epoch 0, Step 72: train_loss = 6.6473
2025-06-23 15:29:58.136 | INFO     | __main__:on_train_batch_end:39 - Epoch 0, Step 73: train_loss = 6.0619
2025-06-23 15:29:58.407 | INFO     | __main__:on_train_batch_end:39 - Epoch 0, Step 74: train_loss = 4.2903
2025-06-23 15:29:58.674 | INFO     | __main__:on_train_batch_end:39 - Epoch 0, Step 75: train_loss = 3.5976
2025-06-23 15:29:58.937 | INFO     | __main__:on_train_batch_end:39 - Epoch 0, Step 76: train_loss = 9.8757
2025-06-23 15:29:59.212 | INFO     | __main__:on_train_batch_end:39 - Epoch 0, Step 77: train_loss = 13.5307
2025-06-23 15:29:59.486 | INFO     | __main__:on_train_batch_end:39 - Epoch 0, Step 78: train_loss = 16.3204
2025-06-23 15:29:59.758 | INFO     | __main__:on_train_batch_end:39 - Epoch 0, Step 79: train_loss = 4.0809
2025-06-23 15:30:00.022 | INFO     | __main__:on_train_batch_end:39 - Epoch 0, Step 80: train_loss = 19.9589
2025-06-23 15:30:00.294 | INFO     | __main__:on_train_batch_end:39 - Epoch 0, Step 81: train_loss = 15.8488
2025-06-23 15:30:00.568 | INFO     | __main__:on_train_batch_end:39 - Epoch 0, Step 82: train_loss = 8.7934
2025-06-23 15:30:00.839 | INFO     | __main__:on_train_batch_end:39 - Epoch 0, Step 83: train_loss = 6.2579
2025-06-23 15:30:01.106 | INFO     | __main__:on_train_batch_end:39 - Epoch 0, Step 84: train_loss = 6.2550
2025-06-23 15:30:01.370 | INFO     | __main__:on_train_batch_end:39 - Epoch 0, Step 85: train_loss = 8.8367
2025-06-23 15:30:01.644 | INFO     | __main__:on_train_batch_end:39 - Epoch 0, Step 86: train_loss = 4.5268
2025-06-23 15:30:01.916 | INFO     | __main__:on_train_batch_end:39 - Epoch 0, Step 87: train_loss = 4.6732
2025-06-23 15:30:02.189 | INFO     | __main__:on_train_batch_end:39 - Epoch 0, Step 88: train_loss = 14.0542
2025-06-23 15:30:02.464 | INFO     | __main__:on_train_batch_end:39 - Epoch 0, Step 89: train_loss = 4.3113
2025-06-23 15:30:02.736 | INFO     | __main__:on_train_batch_end:39 - Epoch 0, Step 90: train_loss = 6.5045
2025-06-23 15:30:03.012 | INFO     | __main__:on_train_batch_end:39 - Epoch 0, Step 91: train_loss = 10.3886
2025-06-23 15:30:03.293 | INFO     | __main__:on_train_batch_end:39 - Epoch 0, Step 92: train_loss = 3.9974
2025-06-23 15:30:03.563 | INFO     | __main__:on_train_batch_end:39 - Epoch 0, Step 93: train_loss = 24.1421
2025-06-23 15:30:03.827 | INFO     | __main__:on_train_batch_end:39 - Epoch 0, Step 94: train_loss = 9.4924
2025-06-23 15:30:04.104 | INFO     | __main__:on_train_batch_end:39 - Epoch 0, Step 95: train_loss = 12.1515
2025-06-23 15:30:04.378 | INFO     | __main__:on_train_batch_end:39 - Epoch 0, Step 96: train_loss = 20.9367
2025-06-23 15:30:04.646 | INFO     | __main__:on_train_batch_end:39 - Epoch 0, Step 97: train_loss = 4.1078
2025-06-23 15:30:04.909 | INFO     | __main__:on_train_batch_end:39 - Epoch 0, Step 98: train_loss = 20.6855
2025-06-23 15:30:05.178 | INFO     | __main__:on_train_batch_end:39 - Epoch 0, Step 99: train_loss = 3.6508
2025-06-23 15:30:05.456 | INFO     | __main__:on_train_batch_end:39 - Epoch 0, Step 100: train_loss = 7.6680
2025-06-23 15:30:05.734 | INFO     | __main__:on_train_batch_end:39 - Epoch 0, Step 101: train_loss = 20.4784
2025-06-23 15:30:05.998 | INFO     | __main__:on_train_batch_end:39 - Epoch 0, Step 102: train_loss = 12.8373
2025-06-23 15:30:06.272 | INFO     | __main__:on_train_batch_end:39 - Epoch 0, Step 103: train_loss = 19.9655
2025-06-23 15:30:06.546 | INFO     | __main__:on_train_batch_end:39 - Epoch 0, Step 104: train_loss = 26.4884
2025-06-23 15:30:06.820 | INFO     | __main__:on_train_batch_end:39 - Epoch 0, Step 105: train_loss = 8.5735
2025-06-23 15:30:07.084 | INFO     | __main__:on_train_batch_end:39 - Epoch 0, Step 106: train_loss = 4.8762
2025-06-23 15:30:07.347 | INFO     | __main__:on_train_batch_end:39 - Epoch 0, Step 107: train_loss = 6.4023
2025-06-23 15:30:07.619 | INFO     | __main__:on_train_batch_end:39 - Epoch 0, Step 108: train_loss = 3.5248
2025-06-23 15:30:07.893 | INFO     | __main__:on_train_batch_end:39 - Epoch 0, Step 109: train_loss = 3.8742
2025-06-23 15:30:08.164 | INFO     | __main__:on_train_batch_end:39 - Epoch 0, Step 110: train_loss = 3.5458
2025-06-23 15:30:08.427 | INFO     | __main__:on_train_batch_end:39 - Epoch 0, Step 111: train_loss = 3.6917
2025-06-23 15:30:08.695 | INFO     | __main__:on_train_batch_end:39 - Epoch 0, Step 112: train_loss = 10.0071
2025-06-23 15:30:08.970 | INFO     | __main__:on_train_batch_end:39 - Epoch 0, Step 113: train_loss = 4.1734
2025-06-23 15:30:09.250 | INFO     | __main__:on_train_batch_end:39 - Epoch 0, Step 114: train_loss = 11.4233
2025-06-23 15:30:09.515 | INFO     | __main__:on_train_batch_end:39 - Epoch 0, Step 115: train_loss = 3.5605
2025-06-23 15:30:09.779 | INFO     | __main__:on_train_batch_end:39 - Epoch 0, Step 116: train_loss = 8.1539
2025-06-23 15:30:10.054 | INFO     | __main__:on_train_batch_end:39 - Epoch 0, Step 117: train_loss = 16.7312
2025-06-23 15:30:10.325 | INFO     | __main__:on_train_batch_end:39 - Epoch 0, Step 118: train_loss = 3.6893
2025-06-23 15:30:10.602 | INFO     | __main__:on_train_batch_end:39 - Epoch 0, Step 119: train_loss = 4.8133
2025-06-23 15:30:10.873 | INFO     | __main__:on_train_batch_end:39 - Epoch 0, Step 120: train_loss = 7.1609
2025-06-23 15:30:11.150 | INFO     | __main__:on_train_batch_end:39 - Epoch 0, Step 121: train_loss = 3.6333
2025-06-23 15:30:11.424 | INFO     | __main__:on_train_batch_end:39 - Epoch 0, Step 122: train_loss = 16.8295
2025-06-23 15:30:11.700 | INFO     | __main__:on_train_batch_end:39 - Epoch 0, Step 123: train_loss = 4.8903
2025-06-23 15:30:11.963 | INFO     | __main__:on_train_batch_end:39 - Epoch 0, Step 124: train_loss = 4.6020
2025-06-23 15:30:12.236 | INFO     | __main__:on_train_batch_end:39 - Epoch 0, Step 125: train_loss = 4.8460
2025-06-23 15:30:12.510 | INFO     | __main__:on_train_batch_end:39 - Epoch 0, Step 126: train_loss = 16.0321
2025-06-23 15:30:12.784 | INFO     | __main__:on_train_batch_end:39 - Epoch 0, Step 127: train_loss = 24.4605
2025-06-23 15:30:13.052 | INFO     | __main__:on_train_batch_end:39 - Epoch 0, Step 128: train_loss = 20.9997
2025-06-23 15:30:13.313 | INFO     | __main__:on_train_batch_end:39 - Epoch 0, Step 129: train_loss = 8.4492
2025-06-23 15:30:13.585 | INFO     | __main__:on_train_batch_end:39 - Epoch 0, Step 130: train_loss = 14.4524
2025-06-23 15:30:13.856 | INFO     | __main__:on_train_batch_end:39 - Epoch 0, Step 131: train_loss = 6.1135
2025-06-23 15:30:14.130 | INFO     | __main__:on_train_batch_end:39 - Epoch 0, Step 132: train_loss = 3.6851
2025-06-23 15:30:14.392 | INFO     | __main__:on_train_batch_end:39 - Epoch 0, Step 133: train_loss = 28.8367
2025-06-23 15:30:14.658 | INFO     | __main__:on_train_batch_end:39 - Epoch 0, Step 134: train_loss = 5.3620
2025-06-23 15:30:14.932 | INFO     | __main__:on_train_batch_end:39 - Epoch 0, Step 135: train_loss = 7.1391
2025-06-23 15:30:15.210 | INFO     | __main__:on_train_batch_end:39 - Epoch 0, Step 136: train_loss = 11.6629
2025-06-23 15:30:15.477 | INFO     | __main__:on_train_batch_end:39 - Epoch 0, Step 137: train_loss = 3.5818
2025-06-23 15:30:15.742 | INFO     | __main__:on_train_batch_end:39 - Epoch 0, Step 138: train_loss = 3.7916
2025-06-23 15:30:16.013 | INFO     | __main__:on_train_batch_end:39 - Epoch 0, Step 139: train_loss = 5.9977
2025-06-23 15:30:16.288 | INFO     | __main__:on_train_batch_end:39 - Epoch 0, Step 140: train_loss = 3.5973
2025-06-23 15:30:16.561 | INFO     | __main__:on_train_batch_end:39 - Epoch 0, Step 141: train_loss = 4.7057
2025-06-23 15:30:16.826 | INFO     | __main__:on_train_batch_end:39 - Epoch 0, Step 142: train_loss = 17.9256
2025-06-23 15:30:17.094 | INFO     | __main__:on_train_batch_end:39 - Epoch 0, Step 143: train_loss = 20.0246
2025-06-23 15:30:17.373 | INFO     | __main__:on_train_batch_end:39 - Epoch 0, Step 144: train_loss = 9.9564
2025-06-23 15:30:17.655 | INFO     | __main__:on_train_batch_end:39 - Epoch 0, Step 145: train_loss = 16.8601
2025-06-23 15:30:17.924 | INFO     | __main__:on_train_batch_end:39 - Epoch 0, Step 146: train_loss = 4.5485
2025-06-23 15:30:18.190 | INFO     | __main__:on_train_batch_end:39 - Epoch 0, Step 147: train_loss = 5.2133
2025-06-23 15:30:18.467 | INFO     | __main__:on_train_batch_end:39 - Epoch 0, Step 148: train_loss = 6.9933
2025-06-23 15:30:18.740 | INFO     | __main__:on_train_batch_end:39 - Epoch 0, Step 149: train_loss = 15.2601
2025-06-23 15:30:19.010 | INFO     | __main__:on_train_batch_end:39 - Epoch 0, Step 150: train_loss = 3.9505
2025-06-23 15:30:19.277 | INFO     | __main__:on_train_batch_end:39 - Epoch 0, Step 151: train_loss = 3.6479
2025-06-23 15:30:19.549 | INFO     | __main__:on_train_batch_end:39 - Epoch 0, Step 152: train_loss = 4.2115
2025-06-23 15:30:19.827 | INFO     | __main__:on_train_batch_end:39 - Epoch 0, Step 153: train_loss = 17.2276
2025-06-23 15:30:20.109 | INFO     | __main__:on_train_batch_end:39 - Epoch 0, Step 154: train_loss = 16.3478
2025-06-23 15:30:20.377 | INFO     | __main__:on_train_batch_end:39 - Epoch 0, Step 155: train_loss = 4.1001
2025-06-23 15:30:20.655 | INFO     | __main__:on_train_batch_end:39 - Epoch 0, Step 156: train_loss = 5.2448
2025-06-23 15:30:20.944 | INFO     | __main__:on_train_batch_end:39 - Epoch 0, Step 157: train_loss = 6.4155
2025-06-23 15:30:21.229 | INFO     | __main__:on_train_batch_end:39 - Epoch 0, Step 158: train_loss = 23.4822
2025-06-23 15:30:21.493 | INFO     | __main__:on_train_batch_end:39 - Epoch 0, Step 159: train_loss = 3.5683
2025-06-23 15:30:21.759 | INFO     | __main__:on_train_batch_end:39 - Epoch 0, Step 160: train_loss = 3.4424
2025-06-23 15:30:22.036 | INFO     | __main__:on_train_batch_end:39 - Epoch 0, Step 161: train_loss = 3.9127
2025-06-23 15:30:22.322 | INFO     | __main__:on_train_batch_end:39 - Epoch 0, Step 162: train_loss = 17.3716
2025-06-23 15:30:22.592 | INFO     | __main__:on_train_batch_end:39 - Epoch 0, Step 163: train_loss = 5.3124
2025-06-23 15:30:22.857 | INFO     | __main__:on_train_batch_end:39 - Epoch 0, Step 164: train_loss = 3.6708
2025-06-23 15:30:23.128 | INFO     | __main__:on_train_batch_end:39 - Epoch 0, Step 165: train_loss = 5.0152
2025-06-23 15:30:23.405 | INFO     | __main__:on_train_batch_end:39 - Epoch 0, Step 166: train_loss = 14.6823
2025-06-23 15:30:23.679 | INFO     | __main__:on_train_batch_end:39 - Epoch 0, Step 167: train_loss = 15.6393
2025-06-23 15:30:23.944 | INFO     | __main__:on_train_batch_end:39 - Epoch 0, Step 168: train_loss = 12.5214
2025-06-23 15:30:24.218 | INFO     | __main__:on_train_batch_end:39 - Epoch 0, Step 169: train_loss = 4.2112
2025-06-23 15:30:24.492 | INFO     | __main__:on_train_batch_end:39 - Epoch 0, Step 170: train_loss = 3.9575
2025-06-23 15:30:24.776 | INFO     | __main__:on_train_batch_end:39 - Epoch 0, Step 171: train_loss = 5.2830
2025-06-23 15:30:25.044 | INFO     | __main__:on_train_batch_end:39 - Epoch 0, Step 172: train_loss = 13.9920
2025-06-23 15:30:25.308 | INFO     | __main__:on_train_batch_end:39 - Epoch 0, Step 173: train_loss = 8.7915
2025-06-23 15:30:25.580 | INFO     | __main__:on_train_batch_end:39 - Epoch 0, Step 174: train_loss = 13.0818
2025-06-23 15:30:25.853 | INFO     | __main__:on_train_batch_end:39 - Epoch 0, Step 175: train_loss = 23.9864
2025-06-23 15:30:26.128 | INFO     | __main__:on_train_batch_end:39 - Epoch 0, Step 176: train_loss = 5.0766
2025-06-23 15:30:26.388 | INFO     | __main__:on_train_batch_end:39 - Epoch 0, Step 177: train_loss = 9.2531
2025-06-23 15:30:26.655 | INFO     | __main__:on_train_batch_end:39 - Epoch 0, Step 178: train_loss = 10.6507
2025-06-23 15:30:26.929 | INFO     | __main__:on_train_batch_end:39 - Epoch 0, Step 179: train_loss = 4.7891
2025-06-23 15:30:27.214 | INFO     | __main__:on_train_batch_end:39 - Epoch 0, Step 180: train_loss = 5.8236
2025-06-23 15:30:27.482 | INFO     | __main__:on_train_batch_end:39 - Epoch 0, Step 181: train_loss = 5.1087
2025-06-23 15:30:27.745 | INFO     | __main__:on_train_batch_end:39 - Epoch 0, Step 182: train_loss = 12.1784
2025-06-23 15:30:28.022 | INFO     | __main__:on_train_batch_end:39 - Epoch 0, Step 183: train_loss = 7.4491
2025-06-23 15:30:28.307 | INFO     | __main__:on_train_batch_end:39 - Epoch 0, Step 184: train_loss = 5.1021
2025-06-23 15:30:28.585 | INFO     | __main__:on_train_batch_end:39 - Epoch 0, Step 185: train_loss = 9.2060
2025-06-23 15:30:28.860 | INFO     | __main__:on_train_batch_end:39 - Epoch 0, Step 186: train_loss = 3.8788
2025-06-23 15:30:29.130 | INFO     | __main__:on_train_batch_end:39 - Epoch 0, Step 187: train_loss = 3.5750
2025-06-23 15:30:29.407 | INFO     | __main__:on_train_batch_end:39 - Epoch 0, Step 188: train_loss = 38.0410
2025-06-23 15:30:29.682 | INFO     | __main__:on_train_batch_end:39 - Epoch 0, Step 189: train_loss = 8.7760
2025-06-23 15:30:30.041 | INFO     | __main__:on_train_batch_end:39 - Epoch 0, Step 190: train_loss = 6.0455
2025-06-23 15:30:30.315 | INFO     | __main__:on_train_batch_end:39 - Epoch 0, Step 191: train_loss = 6.4955
2025-06-23 15:30:30.587 | INFO     | __main__:on_train_batch_end:39 - Epoch 0, Step 192: train_loss = 5.9663
2025-06-23 15:30:30.862 | INFO     | __main__:on_train_batch_end:39 - Epoch 0, Step 193: train_loss = 6.6399
2025-06-23 15:30:31.127 | INFO     | __main__:on_train_batch_end:39 - Epoch 0, Step 194: train_loss = 6.4746
2025-06-23 15:30:31.396 | INFO     | __main__:on_train_batch_end:39 - Epoch 0, Step 195: train_loss = 11.9018
2025-06-23 15:30:31.672 | INFO     | __main__:on_train_batch_end:39 - Epoch 0, Step 196: train_loss = 16.6675
2025-06-23 15:30:31.945 | INFO     | __main__:on_train_batch_end:39 - Epoch 0, Step 197: train_loss = 5.1128
2025-06-23 15:30:32.214 | INFO     | __main__:on_train_batch_end:39 - Epoch 0, Step 198: train_loss = 7.8494
2025-06-23 15:30:32.483 | INFO     | __main__:on_train_batch_end:39 - Epoch 0, Step 199: train_loss = 13.1106
2025-06-23 15:30:32.757 | INFO     | __main__:on_train_batch_end:39 - Epoch 0, Step 200: train_loss = 5.2191
2025-06-23 15:30:33.036 | INFO     | __main__:on_train_batch_end:39 - Epoch 0, Step 201: train_loss = 24.5312
2025-06-23 15:30:33.316 | INFO     | __main__:on_train_batch_end:39 - Epoch 0, Step 202: train_loss = 9.7782
2025-06-23 15:30:33.580 | INFO     | __main__:on_train_batch_end:39 - Epoch 0, Step 203: train_loss = 4.9716
2025-06-23 15:30:33.846 | INFO     | __main__:on_train_batch_end:39 - Epoch 0, Step 204: train_loss = 3.5467
2025-06-23 15:30:34.119 | INFO     | __main__:on_train_batch_end:39 - Epoch 0, Step 205: train_loss = 4.8674
2025-06-23 15:30:34.397 | INFO     | __main__:on_train_batch_end:39 - Epoch 0, Step 206: train_loss = 6.6702
2025-06-23 15:30:34.664 | INFO     | __main__:on_train_batch_end:39 - Epoch 0, Step 207: train_loss = 3.9502
2025-06-23 15:30:34.927 | INFO     | __main__:on_train_batch_end:39 - Epoch 0, Step 208: train_loss = 4.4270
2025-06-23 15:30:35.199 | INFO     | __main__:on_train_batch_end:39 - Epoch 0, Step 209: train_loss = 15.2231
2025-06-23 15:30:35.474 | INFO     | __main__:on_train_batch_end:39 - Epoch 0, Step 210: train_loss = 8.1017
2025-06-23 15:30:35.747 | INFO     | __main__:on_train_batch_end:39 - Epoch 0, Step 211: train_loss = 11.9565
2025-06-23 15:30:36.026 | INFO     | __main__:on_train_batch_end:39 - Epoch 0, Step 212: train_loss = 3.7860
2025-06-23 15:30:36.308 | INFO     | __main__:on_train_batch_end:39 - Epoch 0, Step 213: train_loss = 10.9117
2025-06-23 15:30:36.587 | INFO     | __main__:on_train_batch_end:39 - Epoch 0, Step 214: train_loss = 9.2784
2025-06-23 15:30:36.863 | INFO     | __main__:on_train_batch_end:39 - Epoch 0, Step 215: train_loss = 3.9417
2025-06-23 15:30:37.145 | INFO     | __main__:on_train_batch_end:39 - Epoch 0, Step 216: train_loss = 18.3611
2025-06-23 15:30:37.425 | INFO     | __main__:on_train_batch_end:39 - Epoch 0, Step 217: train_loss = 4.2324
2025-06-23 15:30:37.740 | INFO     | __main__:on_train_batch_end:39 - Epoch 0, Step 218: train_loss = 15.1165
2025-06-23 15:30:38.024 | INFO     | __main__:on_train_batch_end:39 - Epoch 0, Step 219: train_loss = 5.0206
2025-06-23 15:30:38.298 | INFO     | __main__:on_train_batch_end:39 - Epoch 0, Step 220: train_loss = 4.5058
2025-06-23 15:30:38.575 | INFO     | __main__:on_train_batch_end:39 - Epoch 0, Step 221: train_loss = 3.5950
2025-06-23 15:30:38.853 | INFO     | __main__:on_train_batch_end:39 - Epoch 0, Step 222: train_loss = 6.3516
2025-06-23 15:30:39.130 | INFO     | __main__:on_train_batch_end:39 - Epoch 0, Step 223: train_loss = 24.0325
2025-06-23 15:30:39.408 | INFO     | __main__:on_train_batch_end:39 - Epoch 0, Step 224: train_loss = 4.5357
2025-06-23 15:30:39.685 | INFO     | __main__:on_train_batch_end:39 - Epoch 0, Step 225: train_loss = 7.7294
2025-06-23 15:30:39.962 | INFO     | __main__:on_train_batch_end:39 - Epoch 0, Step 226: train_loss = 10.8622
2025-06-23 15:30:40.231 | INFO     | __main__:on_train_batch_end:39 - Epoch 0, Step 227: train_loss = 10.2236
2025-06-23 15:30:40.494 | INFO     | __main__:on_train_batch_end:39 - Epoch 0, Step 228: train_loss = 10.2950
2025-06-23 15:30:40.767 | INFO     | __main__:on_train_batch_end:39 - Epoch 0, Step 229: train_loss = 19.2649
2025-06-23 15:30:41.042 | INFO     | __main__:on_train_batch_end:39 - Epoch 0, Step 230: train_loss = 4.2727
2025-06-23 15:30:41.321 | INFO     | __main__:on_train_batch_end:39 - Epoch 0, Step 231: train_loss = 6.5586
2025-06-23 15:30:41.587 | INFO     | __main__:on_train_batch_end:39 - Epoch 0, Step 232: train_loss = 18.6944
2025-06-23 15:30:41.855 | INFO     | __main__:on_train_batch_end:39 - Epoch 0, Step 233: train_loss = 5.5365
2025-06-23 15:30:42.131 | INFO     | __main__:on_train_batch_end:39 - Epoch 0, Step 234: train_loss = 9.0514
2025-06-23 15:30:42.410 | INFO     | __main__:on_train_batch_end:39 - Epoch 0, Step 235: train_loss = 4.0672
2025-06-23 15:30:42.687 | INFO     | __main__:on_train_batch_end:39 - Epoch 0, Step 236: train_loss = 5.9585
2025-06-23 15:30:42.964 | INFO     | __main__:on_train_batch_end:39 - Epoch 0, Step 237: train_loss = 15.1360
2025-06-23 15:30:43.242 | INFO     | __main__:on_train_batch_end:39 - Epoch 0, Step 238: train_loss = 22.7053
2025-06-23 15:30:43.522 | INFO     | __main__:on_train_batch_end:39 - Epoch 0, Step 239: train_loss = 5.6068
2025-06-23 15:30:43.805 | INFO     | __main__:on_train_batch_end:39 - Epoch 0, Step 240: train_loss = 5.4633
2025-06-23 15:30:44.085 | INFO     | __main__:on_train_batch_end:39 - Epoch 0, Step 241: train_loss = 8.4613
2025-06-23 15:30:44.392 | INFO     | __main__:on_train_batch_end:39 - Epoch 0, Step 242: train_loss = 4.0388
2025-06-23 15:30:44.680 | INFO     | __main__:on_train_batch_end:39 - Epoch 0, Step 243: train_loss = 3.4031
2025-06-23 15:30:44.958 | INFO     | __main__:on_train_batch_end:39 - Epoch 0, Step 244: train_loss = 8.3001
2025-06-23 15:30:45.247 | INFO     | __main__:on_train_batch_end:39 - Epoch 0, Step 245: train_loss = 17.7523
2025-06-23 15:30:45.534 | INFO     | __main__:on_train_batch_end:39 - Epoch 0, Step 246: train_loss = 7.8651
2025-06-23 15:30:45.819 | INFO     | __main__:on_train_batch_end:39 - Epoch 0, Step 247: train_loss = 14.5200
2025-06-23 15:30:46.107 | INFO     | __main__:on_train_batch_end:39 - Epoch 0, Step 248: train_loss = 17.5817
2025-06-23 15:30:46.389 | INFO     | __main__:on_train_batch_end:39 - Epoch 0, Step 249: train_loss = 4.3547
2025-06-23 15:30:46.667 | INFO     | __main__:on_train_batch_end:39 - Epoch 0, Step 250: train_loss = 5.8788
2025-06-23 15:30:46.934 | INFO     | __main__:on_train_batch_end:39 - Epoch 0, Step 251: train_loss = 4.4363
2025-06-23 15:30:47.200 | INFO     | __main__:on_train_batch_end:39 - Epoch 0, Step 252: train_loss = 11.1539
2025-06-23 15:30:47.476 | INFO     | __main__:on_train_batch_end:39 - Epoch 0, Step 253: train_loss = 4.1562
2025-06-23 15:30:47.739 | INFO     | __main__:on_train_batch_end:39 - Epoch 0, Step 254: train_loss = 8.2056
2025-06-23 15:30:48.002 | INFO     | __main__:on_train_batch_end:39 - Epoch 0, Step 255: train_loss = 12.8571
2025-06-23 15:30:48.272 | INFO     | __main__:on_train_batch_end:39 - Epoch 0, Step 256: train_loss = 5.4944
2025-06-23 15:30:48.536 | INFO     | __main__:on_train_batch_end:39 - Epoch 0, Step 257: train_loss = 13.4242
2025-06-23 15:30:48.800 | INFO     | __main__:on_train_batch_end:39 - Epoch 0, Step 258: train_loss = 3.9180
2025-06-23 15:30:49.072 | INFO     | __main__:on_train_batch_end:39 - Epoch 0, Step 259: train_loss = 3.8908
2025-06-23 15:30:49.348 | INFO     | __main__:on_train_batch_end:39 - Epoch 0, Step 260: train_loss = 17.3344
2025-06-23 15:30:49.612 | INFO     | __main__:on_train_batch_end:39 - Epoch 0, Step 261: train_loss = 4.1375
2025-06-23 15:30:49.876 | INFO     | __main__:on_train_batch_end:39 - Epoch 0, Step 262: train_loss = 7.1265
2025-06-23 15:30:50.140 | INFO     | __main__:on_train_batch_end:39 - Epoch 0, Step 263: train_loss = 18.7302
2025-06-23 15:30:50.411 | INFO     | __main__:on_train_batch_end:39 - Epoch 0, Step 264: train_loss = 8.3839
2025-06-23 15:30:50.699 | INFO     | __main__:on_train_batch_end:39 - Epoch 0, Step 265: train_loss = 3.7413
2025-06-23 15:30:50.962 | INFO     | __main__:on_train_batch_end:39 - Epoch 0, Step 266: train_loss = 9.8129
2025-06-23 15:30:51.231 | INFO     | __main__:on_train_batch_end:39 - Epoch 0, Step 267: train_loss = 17.4133
2025-06-23 15:30:51.496 | INFO     | __main__:on_train_batch_end:39 - Epoch 0, Step 268: train_loss = 4.6402
2025-06-23 15:30:51.760 | INFO     | __main__:on_train_batch_end:39 - Epoch 0, Step 269: train_loss = 4.0680
2025-06-23 15:30:52.025 | INFO     | __main__:on_train_batch_end:39 - Epoch 0, Step 270: train_loss = 13.1615
2025-06-23 15:30:52.289 | INFO     | __main__:on_train_batch_end:39 - Epoch 0, Step 271: train_loss = 4.0256
2025-06-23 15:30:52.552 | INFO     | __main__:on_train_batch_end:39 - Epoch 0, Step 272: train_loss = 3.3981
2025-06-23 15:30:52.815 | INFO     | __main__:on_train_batch_end:39 - Epoch 0, Step 273: train_loss = 20.9432
2025-06-23 15:30:53.090 | INFO     | __main__:on_train_batch_end:39 - Epoch 0, Step 274: train_loss = 15.5105
2025-06-23 15:30:53.355 | INFO     | __main__:on_train_batch_end:39 - Epoch 0, Step 275: train_loss = 7.6977
2025-06-23 15:30:53.616 | INFO     | __main__:on_train_batch_end:39 - Epoch 0, Step 276: train_loss = 4.0227
2025-06-23 15:30:53.879 | INFO     | __main__:on_train_batch_end:39 - Epoch 0, Step 277: train_loss = 14.2108
2025-06-23 15:30:54.142 | INFO     | __main__:on_train_batch_end:39 - Epoch 0, Step 278: train_loss = 3.8285
2025-06-23 15:30:54.405 | INFO     | __main__:on_train_batch_end:39 - Epoch 0, Step 279: train_loss = 10.3048
2025-06-23 15:30:54.669 | INFO     | __main__:on_train_batch_end:39 - Epoch 0, Step 280: train_loss = 3.7155
2025-06-23 15:30:54.934 | INFO     | __main__:on_train_batch_end:39 - Epoch 0, Step 281: train_loss = 7.3954
2025-06-23 15:30:55.195 | INFO     | __main__:on_train_batch_end:39 - Epoch 0, Step 282: train_loss = 3.9880
2025-06-23 15:30:55.459 | INFO     | __main__:on_train_batch_end:39 - Epoch 0, Step 283: train_loss = 3.6305
2025-06-23 15:30:55.721 | INFO     | __main__:on_train_batch_end:39 - Epoch 0, Step 284: train_loss = 3.8385
2025-06-23 15:30:55.984 | INFO     | __main__:on_train_batch_end:39 - Epoch 0, Step 285: train_loss = 12.1050
2025-06-23 15:30:56.249 | INFO     | __main__:on_train_batch_end:39 - Epoch 0, Step 286: train_loss = 6.6299
2025-06-23 15:30:56.512 | INFO     | __main__:on_train_batch_end:39 - Epoch 0, Step 287: train_loss = 4.5077
2025-06-23 15:30:56.780 | INFO     | __main__:on_train_batch_end:39 - Epoch 0, Step 288: train_loss = 7.9075
2025-06-23 15:30:57.045 | INFO     | __main__:on_train_batch_end:39 - Epoch 0, Step 289: train_loss = 13.6554
2025-06-23 15:30:57.314 | INFO     | __main__:on_train_batch_end:39 - Epoch 0, Step 290: train_loss = 10.8250
2025-06-23 15:30:57.580 | INFO     | __main__:on_train_batch_end:39 - Epoch 0, Step 291: train_loss = 6.8329
2025-06-23 15:30:57.844 | INFO     | __main__:on_train_batch_end:39 - Epoch 0, Step 292: train_loss = 7.4672
2025-06-23 15:30:58.106 | INFO     | __main__:on_train_batch_end:39 - Epoch 0, Step 293: train_loss = 17.0504
2025-06-23 15:30:58.369 | INFO     | __main__:on_train_batch_end:39 - Epoch 0, Step 294: train_loss = 7.2015
2025-06-23 15:30:58.643 | INFO     | __main__:on_train_batch_end:39 - Epoch 0, Step 295: train_loss = 4.1223
2025-06-23 15:30:58.917 | INFO     | __main__:on_train_batch_end:39 - Epoch 0, Step 296: train_loss = 4.7521
2025-06-23 15:30:59.189 | INFO     | __main__:on_train_batch_end:39 - Epoch 0, Step 297: train_loss = 12.1752
2025-06-23 15:30:59.463 | INFO     | __main__:on_train_batch_end:39 - Epoch 0, Step 298: train_loss = 6.5849
2025-06-23 15:30:59.728 | INFO     | __main__:on_train_batch_end:39 - Epoch 0, Step 299: train_loss = 13.7593
2025-06-23 15:30:59.991 | INFO     | __main__:on_train_batch_end:39 - Epoch 0, Step 300: train_loss = 4.2816
2025-06-23 15:31:00.276 | INFO     | __main__:on_train_batch_end:39 - Epoch 0, Step 301: train_loss = 16.2771
2025-06-23 15:31:00.558 | INFO     | __main__:on_train_batch_end:39 - Epoch 0, Step 302: train_loss = 7.2604
2025-06-23 15:31:00.846 | INFO     | __main__:on_train_batch_end:39 - Epoch 0, Step 303: train_loss = 12.1001
2025-06-23 15:31:01.111 | INFO     | __main__:on_train_batch_end:39 - Epoch 0, Step 304: train_loss = 3.9078
2025-06-23 15:31:01.375 | INFO     | __main__:on_train_batch_end:39 - Epoch 0, Step 305: train_loss = 5.7583
2025-06-23 15:31:01.647 | INFO     | __main__:on_train_batch_end:39 - Epoch 0, Step 306: train_loss = 11.0547
2025-06-23 15:31:01.925 | INFO     | __main__:on_train_batch_end:39 - Epoch 0, Step 307: train_loss = 3.7987
2025-06-23 15:31:02.202 | INFO     | __main__:on_train_batch_end:39 - Epoch 0, Step 308: train_loss = 12.8819
2025-06-23 15:31:02.467 | INFO     | __main__:on_train_batch_end:39 - Epoch 0, Step 309: train_loss = 5.2900
2025-06-23 15:31:02.734 | INFO     | __main__:on_train_batch_end:39 - Epoch 0, Step 310: train_loss = 7.0971
2025-06-23 15:31:03.003 | INFO     | __main__:on_train_batch_end:39 - Epoch 0, Step 311: train_loss = 17.5044
2025-06-23 15:31:03.273 | INFO     | __main__:on_train_batch_end:39 - Epoch 0, Step 312: train_loss = 18.8441
2025-06-23 15:31:03.549 | INFO     | __main__:on_train_batch_end:39 - Epoch 0, Step 313: train_loss = 8.1716
2025-06-23 15:31:03.820 | INFO     | __main__:on_train_batch_end:39 - Epoch 0, Step 314: train_loss = 3.9325
2025-06-23 15:31:04.098 | INFO     | __main__:on_train_batch_end:39 - Epoch 0, Step 315: train_loss = 9.0576
2025-06-23 15:31:04.369 | INFO     | __main__:on_train_batch_end:39 - Epoch 0, Step 316: train_loss = 7.1520
2025-06-23 15:31:04.631 | INFO     | __main__:on_train_batch_end:39 - Epoch 0, Step 317: train_loss = 8.5222
2025-06-23 15:31:04.896 | INFO     | __main__:on_train_batch_end:39 - Epoch 0, Step 318: train_loss = 6.4975
2025-06-23 15:31:05.159 | INFO     | __main__:on_train_batch_end:39 - Epoch 0, Step 319: train_loss = 4.3170
2025-06-23 15:31:05.420 | INFO     | __main__:on_train_batch_end:39 - Epoch 0, Step 320: train_loss = 3.5992
2025-06-23 15:31:05.688 | INFO     | __main__:on_train_batch_end:39 - Epoch 0, Step 321: train_loss = 8.4912
2025-06-23 15:31:05.962 | INFO     | __main__:on_train_batch_end:39 - Epoch 0, Step 322: train_loss = 8.8777
2025-06-23 15:31:06.238 | INFO     | __main__:on_train_batch_end:39 - Epoch 0, Step 323: train_loss = 9.8929
2025-06-23 15:31:06.500 | INFO     | __main__:on_train_batch_end:39 - Epoch 0, Step 324: train_loss = 3.5059
2025-06-23 15:31:06.762 | INFO     | __main__:on_train_batch_end:39 - Epoch 0, Step 325: train_loss = 10.1407
2025-06-23 15:31:07.022 | INFO     | __main__:on_train_batch_end:39 - Epoch 0, Step 326: train_loss = 4.1427
2025-06-23 15:31:07.286 | INFO     | __main__:on_train_batch_end:39 - Epoch 0, Step 327: train_loss = 4.6953
2025-06-23 15:31:07.548 | INFO     | __main__:on_train_batch_end:39 - Epoch 0, Step 328: train_loss = 4.5207
2025-06-23 15:31:07.811 | INFO     | __main__:on_train_batch_end:39 - Epoch 0, Step 329: train_loss = 6.3122
2025-06-23 15:31:08.074 | INFO     | __main__:on_train_batch_end:39 - Epoch 0, Step 330: train_loss = 7.7365
2025-06-23 15:31:08.335 | INFO     | __main__:on_train_batch_end:39 - Epoch 0, Step 331: train_loss = 3.8811
2025-06-23 15:31:08.602 | INFO     | __main__:on_train_batch_end:39 - Epoch 0, Step 332: train_loss = 4.4314
2025-06-23 15:31:08.866 | INFO     | __main__:on_train_batch_end:39 - Epoch 0, Step 333: train_loss = 6.3385
2025-06-23 15:31:09.136 | INFO     | __main__:on_train_batch_end:39 - Epoch 0, Step 334: train_loss = 3.5944
2025-06-23 15:31:09.401 | INFO     | __main__:on_train_batch_end:39 - Epoch 0, Step 335: train_loss = 5.7587
2025-06-23 15:31:09.664 | INFO     | __main__:on_train_batch_end:39 - Epoch 0, Step 336: train_loss = 16.8530
2025-06-23 15:31:09.928 | INFO     | __main__:on_train_batch_end:39 - Epoch 0, Step 337: train_loss = 8.1590
2025-06-23 15:31:10.191 | INFO     | __main__:on_train_batch_end:39 - Epoch 0, Step 338: train_loss = 5.4818
2025-06-23 15:31:10.452 | INFO     | __main__:on_train_batch_end:39 - Epoch 0, Step 339: train_loss = 26.3980
2025-06-23 15:31:10.714 | INFO     | __main__:on_train_batch_end:39 - Epoch 0, Step 340: train_loss = 3.9405
2025-06-23 15:31:10.978 | INFO     | __main__:on_train_batch_end:39 - Epoch 0, Step 341: train_loss = 3.9516
2025-06-23 15:31:11.242 | INFO     | __main__:on_train_batch_end:39 - Epoch 0, Step 342: train_loss = 4.0055
2025-06-23 15:31:11.505 | INFO     | __main__:on_train_batch_end:39 - Epoch 0, Step 343: train_loss = 10.1220
2025-06-23 15:31:11.784 | INFO     | __main__:on_train_batch_end:39 - Epoch 0, Step 344: train_loss = 6.2961
2025-06-23 15:31:12.072 | INFO     | __main__:on_train_batch_end:39 - Epoch 0, Step 345: train_loss = 4.9055
2025-06-23 15:31:12.347 | INFO     | __main__:on_train_batch_end:39 - Epoch 0, Step 346: train_loss = 3.9520
2025-06-23 15:31:12.614 | INFO     | __main__:on_train_batch_end:39 - Epoch 0, Step 347: train_loss = 3.7055
2025-06-23 15:31:12.882 | INFO     | __main__:on_train_batch_end:39 - Epoch 0, Step 348: train_loss = 4.6197
2025-06-23 15:31:13.166 | INFO     | __main__:on_train_batch_end:39 - Epoch 0, Step 349: train_loss = 8.4759
2025-06-23 15:31:13.432 | INFO     | __main__:on_train_batch_end:39 - Epoch 0, Step 350: train_loss = 6.6548
2025-06-23 15:31:13.695 | INFO     | __main__:on_train_batch_end:39 - Epoch 0, Step 351: train_loss = 5.0213
2025-06-23 15:31:13.971 | INFO     | __main__:on_train_batch_end:39 - Epoch 0, Step 352: train_loss = 3.6164
2025-06-23 15:31:14.234 | INFO     | __main__:on_train_batch_end:39 - Epoch 0, Step 353: train_loss = 4.5191
2025-06-23 15:31:14.497 | INFO     | __main__:on_train_batch_end:39 - Epoch 0, Step 354: train_loss = 8.1052
2025-06-23 15:31:14.762 | INFO     | __main__:on_train_batch_end:39 - Epoch 0, Step 355: train_loss = 9.4086
2025-06-23 15:31:15.022 | INFO     | __main__:on_train_batch_end:39 - Epoch 0, Step 356: train_loss = 4.3073
2025-06-23 15:31:15.296 | INFO     | __main__:on_train_batch_end:39 - Epoch 0, Step 357: train_loss = 5.0539
2025-06-23 15:31:15.569 | INFO     | __main__:on_train_batch_end:39 - Epoch 0, Step 358: train_loss = 4.4471
2025-06-23 15:31:15.844 | INFO     | __main__:on_train_batch_end:39 - Epoch 0, Step 359: train_loss = 5.4288
2025-06-23 15:31:16.117 | INFO     | __main__:on_train_batch_end:39 - Epoch 0, Step 360: train_loss = 14.3391
2025-06-23 15:31:16.395 | INFO     | __main__:on_train_batch_end:39 - Epoch 0, Step 361: train_loss = 3.7663
2025-06-23 15:31:16.761 | INFO     | __main__:on_train_batch_end:39 - Epoch 0, Step 362: train_loss = 17.0779
2025-06-23 15:31:17.029 | INFO     | __main__:on_train_batch_end:39 - Epoch 0, Step 363: train_loss = 5.1845
2025-06-23 15:31:17.292 | INFO     | __main__:on_train_batch_end:39 - Epoch 0, Step 364: train_loss = 5.1944
2025-06-23 15:31:17.555 | INFO     | __main__:on_train_batch_end:39 - Epoch 0, Step 365: train_loss = 9.3890
2025-06-23 15:31:17.816 | INFO     | __main__:on_train_batch_end:39 - Epoch 0, Step 366: train_loss = 6.5539
2025-06-23 15:31:18.082 | INFO     | __main__:on_train_batch_end:39 - Epoch 0, Step 367: train_loss = 7.2309
2025-06-23 15:31:18.370 | INFO     | __main__:on_train_batch_end:39 - Epoch 0, Step 368: train_loss = 5.1399
2025-06-23 15:31:18.633 | INFO     | __main__:on_train_batch_end:39 - Epoch 0, Step 369: train_loss = 4.3476
2025-06-23 15:31:18.895 | INFO     | __main__:on_train_batch_end:39 - Epoch 0, Step 370: train_loss = 3.8874
2025-06-23 15:31:19.157 | INFO     | __main__:on_train_batch_end:39 - Epoch 0, Step 371: train_loss = 3.7895
2025-06-23 15:31:19.420 | INFO     | __main__:on_train_batch_end:39 - Epoch 0, Step 372: train_loss = 8.7631
2025-06-23 15:31:19.685 | INFO     | __main__:on_train_batch_end:39 - Epoch 0, Step 373: train_loss = 4.1297
2025-06-23 15:31:19.948 | INFO     | __main__:on_train_batch_end:39 - Epoch 0, Step 374: train_loss = 6.0342
2025-06-23 15:31:20.210 | INFO     | __main__:on_train_batch_end:39 - Epoch 0, Step 375: train_loss = 9.6709
2025-06-23 15:31:20.473 | INFO     | __main__:on_train_batch_end:39 - Epoch 0, Step 376: train_loss = 24.3325
2025-06-23 15:31:20.735 | INFO     | __main__:on_train_batch_end:39 - Epoch 0, Step 377: train_loss = 4.4962
2025-06-23 15:31:20.998 | INFO     | __main__:on_train_batch_end:39 - Epoch 0, Step 378: train_loss = 7.3927
2025-06-23 15:31:21.266 | INFO     | __main__:on_train_batch_end:39 - Epoch 0, Step 379: train_loss = 7.0041
2025-06-23 15:31:21.528 | INFO     | __main__:on_train_batch_end:39 - Epoch 0, Step 380: train_loss = 3.6390
2025-06-23 15:31:21.788 | INFO     | __main__:on_train_batch_end:39 - Epoch 0, Step 381: train_loss = 3.5518
2025-06-23 15:31:22.048 | INFO     | __main__:on_train_batch_end:39 - Epoch 0, Step 382: train_loss = 3.9193
2025-06-23 15:31:22.312 | INFO     | __main__:on_train_batch_end:39 - Epoch 0, Step 383: train_loss = 5.2545
2025-06-23 15:31:22.576 | INFO     | __main__:on_train_batch_end:39 - Epoch 0, Step 384: train_loss = 3.8172
2025-06-23 15:31:22.836 | INFO     | __main__:on_train_batch_end:39 - Epoch 0, Step 385: train_loss = 5.9409
2025-06-23 15:31:23.095 | INFO     | __main__:on_train_batch_end:39 - Epoch 0, Step 386: train_loss = 4.1773
2025-06-23 15:31:23.357 | INFO     | __main__:on_train_batch_end:39 - Epoch 0, Step 387: train_loss = 3.8055
2025-06-23 15:31:23.618 | INFO     | __main__:on_train_batch_end:39 - Epoch 0, Step 388: train_loss = 3.8235
2025-06-23 15:31:23.878 | INFO     | __main__:on_train_batch_end:39 - Epoch 0, Step 389: train_loss = 9.3424
2025-06-23 15:31:24.145 | INFO     | __main__:on_train_batch_end:39 - Epoch 0, Step 390: train_loss = 15.9106
2025-06-23 15:31:24.409 | INFO     | __main__:on_train_batch_end:39 - Epoch 0, Step 391: train_loss = 3.6511
2025-06-23 15:31:24.672 | INFO     | __main__:on_train_batch_end:39 - Epoch 0, Step 392: train_loss = 16.0697
2025-06-23 15:31:24.933 | INFO     | __main__:on_train_batch_end:39 - Epoch 0, Step 393: train_loss = 4.0487
2025-06-23 15:31:25.194 | INFO     | __main__:on_train_batch_end:39 - Epoch 0, Step 394: train_loss = 3.6056
2025-06-23 15:31:25.455 | INFO     | __main__:on_train_batch_end:39 - Epoch 0, Step 395: train_loss = 11.2775
2025-06-23 15:31:25.717 | INFO     | __main__:on_train_batch_end:39 - Epoch 0, Step 396: train_loss = 7.9930
2025-06-23 15:31:25.980 | INFO     | __main__:on_train_batch_end:39 - Epoch 0, Step 397: train_loss = 9.2905
2025-06-23 15:31:26.240 | INFO     | __main__:on_train_batch_end:39 - Epoch 0, Step 398: train_loss = 4.6464
2025-06-23 15:31:26.502 | INFO     | __main__:on_train_batch_end:39 - Epoch 0, Step 399: train_loss = 7.7905
2025-06-23 15:31:26.765 | INFO     | __main__:on_train_batch_end:39 - Epoch 0, Step 400: train_loss = 4.0648
2025-06-23 15:31:27.030 | INFO     | __main__:on_train_batch_end:39 - Epoch 0, Step 401: train_loss = 6.0585
2025-06-23 15:31:27.298 | INFO     | __main__:on_train_batch_end:39 - Epoch 0, Step 402: train_loss = 14.3026
2025-06-23 15:31:27.563 | INFO     | __main__:on_train_batch_end:39 - Epoch 0, Step 403: train_loss = 15.7939
2025-06-23 15:31:27.829 | INFO     | __main__:on_train_batch_end:39 - Epoch 0, Step 404: train_loss = 5.7468
2025-06-23 15:31:28.089 | INFO     | __main__:on_train_batch_end:39 - Epoch 0, Step 405: train_loss = 4.3469
2025-06-23 15:31:28.356 | INFO     | __main__:on_train_batch_end:39 - Epoch 0, Step 406: train_loss = 11.1694
2025-06-23 15:31:28.621 | INFO     | __main__:on_train_batch_end:39 - Epoch 0, Step 407: train_loss = 22.9209
2025-06-23 15:31:28.886 | INFO     | __main__:on_train_batch_end:39 - Epoch 0, Step 408: train_loss = 4.6425
2025-06-23 15:31:29.148 | INFO     | __main__:on_train_batch_end:39 - Epoch 0, Step 409: train_loss = 15.1161
2025-06-23 15:31:29.413 | INFO     | __main__:on_train_batch_end:39 - Epoch 0, Step 410: train_loss = 15.9321
2025-06-23 15:31:29.676 | INFO     | __main__:on_train_batch_end:39 - Epoch 0, Step 411: train_loss = 6.2280
2025-06-23 15:31:29.940 | INFO     | __main__:on_train_batch_end:39 - Epoch 0, Step 412: train_loss = 11.1411
2025-06-23 15:31:30.201 | INFO     | __main__:on_train_batch_end:39 - Epoch 0, Step 413: train_loss = 13.7833
2025-06-23 15:31:30.468 | INFO     | __main__:on_train_batch_end:39 - Epoch 0, Step 414: train_loss = 19.7864
2025-06-23 15:31:30.729 | INFO     | __main__:on_train_batch_end:39 - Epoch 0, Step 415: train_loss = 6.0647
2025-06-23 15:31:30.990 | INFO     | __main__:on_train_batch_end:39 - Epoch 0, Step 416: train_loss = 6.6430
2025-06-23 15:31:31.254 | INFO     | __main__:on_train_batch_end:39 - Epoch 0, Step 417: train_loss = 6.5093
2025-06-23 15:31:31.515 | INFO     | __main__:on_train_batch_end:39 - Epoch 0, Step 418: train_loss = 10.7825
2025-06-23 15:31:31.779 | INFO     | __main__:on_train_batch_end:39 - Epoch 0, Step 419: train_loss = 11.2737
2025-06-23 15:31:32.042 | INFO     | __main__:on_train_batch_end:39 - Epoch 0, Step 420: train_loss = 17.4905
2025-06-23 15:31:32.305 | INFO     | __main__:on_train_batch_end:39 - Epoch 0, Step 421: train_loss = 5.9868
2025-06-23 15:31:32.571 | INFO     | __main__:on_train_batch_end:39 - Epoch 0, Step 422: train_loss = 6.9356
2025-06-23 15:31:32.836 | INFO     | __main__:on_train_batch_end:39 - Epoch 0, Step 423: train_loss = 18.9806
2025-06-23 15:31:33.104 | INFO     | __main__:on_train_batch_end:39 - Epoch 0, Step 424: train_loss = 22.5995
2025-06-23 15:31:33.372 | INFO     | __main__:on_train_batch_end:39 - Epoch 0, Step 425: train_loss = 14.8454
2025-06-23 15:31:33.639 | INFO     | __main__:on_train_batch_end:39 - Epoch 0, Step 426: train_loss = 12.1486
2025-06-23 15:31:33.905 | INFO     | __main__:on_train_batch_end:39 - Epoch 0, Step 427: train_loss = 4.1653
2025-06-23 15:31:34.169 | INFO     | __main__:on_train_batch_end:39 - Epoch 0, Step 428: train_loss = 9.1986
2025-06-23 15:31:34.431 | INFO     | __main__:on_train_batch_end:39 - Epoch 0, Step 429: train_loss = 3.8467
2025-06-23 15:31:34.695 | INFO     | __main__:on_train_batch_end:39 - Epoch 0, Step 430: train_loss = 4.4721
2025-06-23 15:31:34.965 | INFO     | __main__:on_train_batch_end:39 - Epoch 0, Step 431: train_loss = 4.2391
2025-06-23 15:31:35.230 | INFO     | __main__:on_train_batch_end:39 - Epoch 0, Step 432: train_loss = 22.2387
2025-06-23 15:31:35.496 | INFO     | __main__:on_train_batch_end:39 - Epoch 0, Step 433: train_loss = 4.2486
2025-06-23 15:31:35.757 | INFO     | __main__:on_train_batch_end:39 - Epoch 0, Step 434: train_loss = 12.9236
2025-06-23 15:31:36.019 | INFO     | __main__:on_train_batch_end:39 - Epoch 0, Step 435: train_loss = 4.1045
2025-06-23 15:31:36.289 | INFO     | __main__:on_train_batch_end:39 - Epoch 0, Step 436: train_loss = 6.4696
2025-06-23 15:31:36.552 | INFO     | __main__:on_train_batch_end:39 - Epoch 0, Step 437: train_loss = 5.6728
2025-06-23 15:31:36.816 | INFO     | __main__:on_train_batch_end:39 - Epoch 0, Step 438: train_loss = 14.2916
2025-06-23 15:31:37.084 | INFO     | __main__:on_train_batch_end:39 - Epoch 0, Step 439: train_loss = 4.5311
2025-06-23 15:31:37.350 | INFO     | __main__:on_train_batch_end:39 - Epoch 0, Step 440: train_loss = 4.6642
2025-06-23 15:31:37.617 | INFO     | __main__:on_train_batch_end:39 - Epoch 0, Step 441: train_loss = 3.8820
2025-06-23 15:31:37.885 | INFO     | __main__:on_train_batch_end:39 - Epoch 0, Step 442: train_loss = 7.1363
2025-06-23 15:31:38.149 | INFO     | __main__:on_train_batch_end:39 - Epoch 0, Step 443: train_loss = 10.8698
2025-06-23 15:31:38.414 | INFO     | __main__:on_train_batch_end:39 - Epoch 0, Step 444: train_loss = 4.5149
2025-06-23 15:31:38.679 | INFO     | __main__:on_train_batch_end:39 - Epoch 0, Step 445: train_loss = 5.9051
2025-06-23 15:31:38.945 | INFO     | __main__:on_train_batch_end:39 - Epoch 0, Step 446: train_loss = 4.4830
2025-06-23 15:31:39.213 | INFO     | __main__:on_train_batch_end:39 - Epoch 0, Step 447: train_loss = 14.0757
2025-06-23 15:31:39.480 | INFO     | __main__:on_train_batch_end:39 - Epoch 0, Step 448: train_loss = 8.5402
2025-06-23 15:31:39.747 | INFO     | __main__:on_train_batch_end:39 - Epoch 0, Step 449: train_loss = 8.7834
2025-06-23 15:31:40.015 | INFO     | __main__:on_train_batch_end:39 - Epoch 0, Step 450: train_loss = 5.3426
2025-06-23 15:31:40.280 | INFO     | __main__:on_train_batch_end:39 - Epoch 0, Step 451: train_loss = 4.7374
2025-06-23 15:31:40.542 | INFO     | __main__:on_train_batch_end:39 - Epoch 0, Step 452: train_loss = 4.3058
2025-06-23 15:31:40.803 | INFO     | __main__:on_train_batch_end:39 - Epoch 0, Step 453: train_loss = 4.7262
2025-06-23 15:31:41.064 | INFO     | __main__:on_train_batch_end:39 - Epoch 0, Step 454: train_loss = 4.7356
2025-06-23 15:31:41.329 | INFO     | __main__:on_train_batch_end:39 - Epoch 0, Step 455: train_loss = 4.6936
2025-06-23 15:31:41.591 | INFO     | __main__:on_train_batch_end:39 - Epoch 0, Step 456: train_loss = 3.6767
2025-06-23 15:31:41.854 | INFO     | __main__:on_train_batch_end:39 - Epoch 0, Step 457: train_loss = 11.8262
2025-06-23 15:31:42.118 | INFO     | __main__:on_train_batch_end:39 - Epoch 0, Step 458: train_loss = 5.3410
2025-06-23 15:31:42.388 | INFO     | __main__:on_train_batch_end:39 - Epoch 0, Step 459: train_loss = 3.9119
2025-06-23 15:31:42.653 | INFO     | __main__:on_train_batch_end:39 - Epoch 0, Step 460: train_loss = 7.9737
2025-06-23 15:31:42.920 | INFO     | __main__:on_train_batch_end:39 - Epoch 0, Step 461: train_loss = 12.0826
2025-06-23 15:31:43.185 | INFO     | __main__:on_train_batch_end:39 - Epoch 0, Step 462: train_loss = 16.1706
2025-06-23 15:31:43.450 | INFO     | __main__:on_train_batch_end:39 - Epoch 0, Step 463: train_loss = 8.2044
2025-06-23 15:31:43.717 | INFO     | __main__:on_train_batch_end:39 - Epoch 0, Step 464: train_loss = 35.8294
2025-06-23 15:31:43.980 | INFO     | __main__:on_train_batch_end:39 - Epoch 0, Step 465: train_loss = 5.9653
2025-06-23 15:31:44.250 | INFO     | __main__:on_train_batch_end:39 - Epoch 0, Step 466: train_loss = 4.1164
2025-06-23 15:31:44.516 | INFO     | __main__:on_train_batch_end:39 - Epoch 0, Step 467: train_loss = 10.0409
2025-06-23 15:31:44.781 | INFO     | __main__:on_train_batch_end:39 - Epoch 0, Step 468: train_loss = 7.5758
2025-06-23 15:31:45.043 | INFO     | __main__:on_train_batch_end:39 - Epoch 0, Step 469: train_loss = 7.9515
2025-06-23 15:31:45.317 | INFO     | __main__:on_train_batch_end:39 - Epoch 0, Step 470: train_loss = 6.4315
2025-06-23 15:31:45.582 | INFO     | __main__:on_train_batch_end:39 - Epoch 0, Step 471: train_loss = 24.6294
2025-06-23 15:31:45.843 | INFO     | __main__:on_train_batch_end:39 - Epoch 0, Step 472: train_loss = 3.8179
2025-06-23 15:31:46.102 | INFO     | __main__:on_train_batch_end:39 - Epoch 0, Step 473: train_loss = 5.1319
2025-06-23 15:31:46.361 | INFO     | __main__:on_train_batch_end:39 - Epoch 0, Step 474: train_loss = 8.4048
2025-06-23 15:31:46.625 | INFO     | __main__:on_train_batch_end:39 - Epoch 0, Step 475: train_loss = 8.6446
2025-06-23 15:31:46.887 | INFO     | __main__:on_train_batch_end:39 - Epoch 0, Step 476: train_loss = 3.8571
2025-06-23 15:31:47.149 | INFO     | __main__:on_train_batch_end:39 - Epoch 0, Step 477: train_loss = 18.8229
2025-06-23 15:31:47.410 | INFO     | __main__:on_train_batch_end:39 - Epoch 0, Step 478: train_loss = 5.0323
2025-06-23 15:31:47.690 | INFO     | __main__:on_train_batch_end:39 - Epoch 0, Step 479: train_loss = 14.5176
2025-06-23 15:31:47.951 | INFO     | __main__:on_train_batch_end:39 - Epoch 0, Step 480: train_loss = 12.2497
2025-06-23 15:31:48.218 | INFO     | __main__:on_train_batch_end:39 - Epoch 0, Step 481: train_loss = 15.6071
2025-06-23 15:31:48.482 | INFO     | __main__:on_train_batch_end:39 - Epoch 0, Step 482: train_loss = 3.4236
2025-06-23 15:31:48.744 | INFO     | __main__:on_train_batch_end:39 - Epoch 0, Step 483: train_loss = 10.2326
2025-06-23 15:31:49.006 | INFO     | __main__:on_train_batch_end:39 - Epoch 0, Step 484: train_loss = 12.8281
2025-06-23 15:31:49.268 | INFO     | __main__:on_train_batch_end:39 - Epoch 0, Step 485: train_loss = 3.7270
2025-06-23 15:31:49.529 | INFO     | __main__:on_train_batch_end:39 - Epoch 0, Step 486: train_loss = 3.9623
2025-06-23 15:31:49.791 | INFO     | __main__:on_train_batch_end:39 - Epoch 0, Step 487: train_loss = 6.1481
2025-06-23 15:31:50.051 | INFO     | __main__:on_train_batch_end:39 - Epoch 0, Step 488: train_loss = 8.3979
2025-06-23 15:31:50.318 | INFO     | __main__:on_train_batch_end:39 - Epoch 0, Step 489: train_loss = 19.8016
2025-06-23 15:31:50.581 | INFO     | __main__:on_train_batch_end:39 - Epoch 0, Step 490: train_loss = 3.6021
2025-06-23 15:31:50.843 | INFO     | __main__:on_train_batch_end:39 - Epoch 0, Step 491: train_loss = 3.8564
2025-06-23 15:31:51.103 | INFO     | __main__:on_train_batch_end:39 - Epoch 0, Step 492: train_loss = 7.7429
2025-06-23 15:31:51.371 | INFO     | __main__:on_train_batch_end:39 - Epoch 0, Step 493: train_loss = 10.7697
2025-06-23 15:31:51.631 | INFO     | __main__:on_train_batch_end:39 - Epoch 0, Step 494: train_loss = 3.6200
2025-06-23 15:31:51.894 | INFO     | __main__:on_train_batch_end:39 - Epoch 0, Step 495: train_loss = 21.7435
2025-06-23 15:31:52.158 | INFO     | __main__:on_train_batch_end:39 - Epoch 0, Step 496: train_loss = 5.0900
2025-06-23 15:31:52.419 | INFO     | __main__:on_train_batch_end:39 - Epoch 0, Step 497: train_loss = 5.3526
2025-06-23 15:31:52.681 | INFO     | __main__:on_train_batch_end:39 - Epoch 0, Step 498: train_loss = 13.0861
2025-06-23 15:31:52.943 | INFO     | __main__:on_train_batch_end:39 - Epoch 0, Step 499: train_loss = 19.2208
2025-06-23 15:31:53.205 | INFO     | __main__:on_train_batch_end:39 - Epoch 0, Step 500: train_loss = 4.0333
2025-06-23 15:31:53.470 | INFO     | __main__:on_train_batch_end:39 - Epoch 0, Step 501: train_loss = 5.3297
2025-06-23 15:31:53.741 | INFO     | __main__:on_train_batch_end:39 - Epoch 0, Step 502: train_loss = 45.7013
2025-06-23 15:31:54.001 | INFO     | __main__:on_train_batch_end:39 - Epoch 0, Step 503: train_loss = 3.8856
2025-06-23 15:31:54.267 | INFO     | __main__:on_train_batch_end:39 - Epoch 0, Step 504: train_loss = 4.9413
2025-06-23 15:31:54.529 | INFO     | __main__:on_train_batch_end:39 - Epoch 0, Step 505: train_loss = 7.0851
2025-06-23 15:31:54.791 | INFO     | __main__:on_train_batch_end:39 - Epoch 0, Step 506: train_loss = 9.5078
2025-06-23 15:31:55.051 | INFO     | __main__:on_train_batch_end:39 - Epoch 0, Step 507: train_loss = 3.6390
2025-06-23 15:31:55.315 | INFO     | __main__:on_train_batch_end:39 - Epoch 0, Step 508: train_loss = 6.6818
2025-06-23 15:31:55.576 | INFO     | __main__:on_train_batch_end:39 - Epoch 0, Step 509: train_loss = 9.0156
2025-06-23 15:31:55.839 | INFO     | __main__:on_train_batch_end:39 - Epoch 0, Step 510: train_loss = 4.5071
2025-06-23 15:31:56.105 | INFO     | __main__:on_train_batch_end:39 - Epoch 0, Step 511: train_loss = 19.1013
2025-06-23 15:31:56.370 | INFO     | __main__:on_train_batch_end:39 - Epoch 0, Step 512: train_loss = 10.7480
2025-06-23 15:31:56.631 | INFO     | __main__:on_train_batch_end:39 - Epoch 0, Step 513: train_loss = 6.2959
2025-06-23 15:31:56.903 | INFO     | __main__:on_train_batch_end:39 - Epoch 0, Step 514: train_loss = 30.2116
2025-06-23 15:31:57.165 | INFO     | __main__:on_train_batch_end:39 - Epoch 0, Step 515: train_loss = 5.2270
2025-06-23 15:31:57.428 | INFO     | __main__:on_train_batch_end:39 - Epoch 0, Step 516: train_loss = 3.8601
2025-06-23 15:31:57.689 | INFO     | __main__:on_train_batch_end:39 - Epoch 0, Step 517: train_loss = 5.1616
2025-06-23 15:31:57.953 | INFO     | __main__:on_train_batch_end:39 - Epoch 0, Step 518: train_loss = 8.1438
2025-06-23 15:31:58.217 | INFO     | __main__:on_train_batch_end:39 - Epoch 0, Step 519: train_loss = 18.7918
2025-06-23 15:31:58.480 | INFO     | __main__:on_train_batch_end:39 - Epoch 0, Step 520: train_loss = 4.8247
2025-06-23 15:31:58.741 | INFO     | __main__:on_train_batch_end:39 - Epoch 0, Step 521: train_loss = 8.7313
2025-06-23 15:31:59.003 | INFO     | __main__:on_train_batch_end:39 - Epoch 0, Step 522: train_loss = 5.4697
2025-06-23 15:31:59.266 | INFO     | __main__:on_train_batch_end:39 - Epoch 0, Step 523: train_loss = 23.3669
2025-06-23 15:31:59.527 | INFO     | __main__:on_train_batch_end:39 - Epoch 0, Step 524: train_loss = 7.1356
2025-06-23 15:31:59.787 | INFO     | __main__:on_train_batch_end:39 - Epoch 0, Step 525: train_loss = 4.7065
2025-06-23 15:32:00.053 | INFO     | __main__:on_train_batch_end:39 - Epoch 0, Step 526: train_loss = 5.9996
2025-06-23 15:32:00.321 | INFO     | __main__:on_train_batch_end:39 - Epoch 0, Step 527: train_loss = 19.9971
2025-06-23 15:32:00.582 | INFO     | __main__:on_train_batch_end:39 - Epoch 0, Step 528: train_loss = 5.7437
2025-06-23 15:32:00.844 | INFO     | __main__:on_train_batch_end:39 - Epoch 0, Step 529: train_loss = 13.6698
2025-06-23 15:32:01.105 | INFO     | __main__:on_train_batch_end:39 - Epoch 0, Step 530: train_loss = 3.5879
2025-06-23 15:32:01.368 | INFO     | __main__:on_train_batch_end:39 - Epoch 0, Step 531: train_loss = 19.5829
2025-06-23 15:32:01.643 | INFO     | __main__:on_train_batch_end:39 - Epoch 0, Step 532: train_loss = 13.3302
2025-06-23 15:32:01.906 | INFO     | __main__:on_train_batch_end:39 - Epoch 0, Step 533: train_loss = 5.0603
2025-06-23 15:32:02.266 | INFO     | __main__:on_train_batch_end:39 - Epoch 0, Step 534: train_loss = 8.4939
2025-06-23 15:32:02.527 | INFO     | __main__:on_train_batch_end:39 - Epoch 0, Step 535: train_loss = 8.2432
2025-06-23 15:32:02.787 | INFO     | __main__:on_train_batch_end:39 - Epoch 0, Step 536: train_loss = 6.8853
2025-06-23 15:32:03.051 | INFO     | __main__:on_train_batch_end:39 - Epoch 0, Step 537: train_loss = 4.3365
2025-06-23 15:32:03.318 | INFO     | __main__:on_train_batch_end:39 - Epoch 0, Step 538: train_loss = 4.1234
2025-06-23 15:32:03.578 | INFO     | __main__:on_train_batch_end:39 - Epoch 0, Step 539: train_loss = 4.1697
2025-06-23 15:32:03.838 | INFO     | __main__:on_train_batch_end:39 - Epoch 0, Step 540: train_loss = 16.3387
2025-06-23 15:32:04.100 | INFO     | __main__:on_train_batch_end:39 - Epoch 0, Step 541: train_loss = 8.2604
2025-06-23 15:32:04.360 | INFO     | __main__:on_train_batch_end:39 - Epoch 0, Step 542: train_loss = 4.1564
2025-06-23 15:32:04.622 | INFO     | __main__:on_train_batch_end:39 - Epoch 0, Step 543: train_loss = 4.3245
2025-06-23 15:32:04.885 | INFO     | __main__:on_train_batch_end:39 - Epoch 0, Step 544: train_loss = 9.7882
2025-06-23 15:32:05.146 | INFO     | __main__:on_train_batch_end:39 - Epoch 0, Step 545: train_loss = 3.9129
2025-06-23 15:32:05.407 | INFO     | __main__:on_train_batch_end:39 - Epoch 0, Step 546: train_loss = 5.7388
2025-06-23 15:32:05.671 | INFO     | __main__:on_train_batch_end:39 - Epoch 0, Step 547: train_loss = 7.7776
2025-06-23 15:32:05.933 | INFO     | __main__:on_train_batch_end:39 - Epoch 0, Step 548: train_loss = 3.6353
2025-06-23 15:32:06.195 | INFO     | __main__:on_train_batch_end:39 - Epoch 0, Step 549: train_loss = 5.4896
2025-06-23 15:32:06.462 | INFO     | __main__:on_train_batch_end:39 - Epoch 0, Step 550: train_loss = 11.8131
2025-06-23 15:32:06.732 | INFO     | __main__:on_train_batch_end:39 - Epoch 0, Step 551: train_loss = 4.2944
2025-06-23 15:32:06.992 | INFO     | __main__:on_train_batch_end:39 - Epoch 0, Step 552: train_loss = 3.9891
2025-06-23 15:32:07.258 | INFO     | __main__:on_train_batch_end:39 - Epoch 0, Step 553: train_loss = 7.1342
2025-06-23 15:32:07.518 | INFO     | __main__:on_train_batch_end:39 - Epoch 0, Step 554: train_loss = 8.4333
2025-06-23 15:32:07.779 | INFO     | __main__:on_train_batch_end:39 - Epoch 0, Step 555: train_loss = 7.1663
2025-06-23 15:32:08.042 | INFO     | __main__:on_train_batch_end:39 - Epoch 0, Step 556: train_loss = 5.6487
2025-06-23 15:32:08.307 | INFO     | __main__:on_train_batch_end:39 - Epoch 0, Step 557: train_loss = 5.1049
2025-06-23 15:32:08.567 | INFO     | __main__:on_train_batch_end:39 - Epoch 0, Step 558: train_loss = 7.1766
2025-06-23 15:32:08.831 | INFO     | __main__:on_train_batch_end:39 - Epoch 0, Step 559: train_loss = 10.9760
2025-06-23 15:32:09.091 | INFO     | __main__:on_train_batch_end:39 - Epoch 0, Step 560: train_loss = 4.1970
2025-06-23 15:32:09.357 | INFO     | __main__:on_train_batch_end:39 - Epoch 0, Step 561: train_loss = 6.3219
2025-06-23 15:32:09.620 | INFO     | __main__:on_train_batch_end:39 - Epoch 0, Step 562: train_loss = 10.5380
2025-06-23 15:32:09.880 | INFO     | __main__:on_train_batch_end:39 - Epoch 0, Step 563: train_loss = 8.7614
2025-06-23 15:32:10.142 | INFO     | __main__:on_train_batch_end:39 - Epoch 0, Step 564: train_loss = 11.2653
2025-06-23 15:32:10.405 | INFO     | __main__:on_train_batch_end:39 - Epoch 0, Step 565: train_loss = 6.0740
2025-06-23 15:32:10.666 | INFO     | __main__:on_train_batch_end:39 - Epoch 0, Step 566: train_loss = 4.0354
2025-06-23 15:32:10.929 | INFO     | __main__:on_train_batch_end:39 - Epoch 0, Step 567: train_loss = 3.7218
2025-06-23 15:32:11.191 | INFO     | __main__:on_train_batch_end:39 - Epoch 0, Step 568: train_loss = 6.0552
2025-06-23 15:32:11.453 | INFO     | __main__:on_train_batch_end:39 - Epoch 0, Step 569: train_loss = 17.2413
2025-06-23 15:32:11.714 | INFO     | __main__:on_train_batch_end:39 - Epoch 0, Step 570: train_loss = 3.5039
2025-06-23 15:32:11.975 | INFO     | __main__:on_train_batch_end:39 - Epoch 0, Step 571: train_loss = 6.9723
2025-06-23 15:32:12.242 | INFO     | __main__:on_train_batch_end:39 - Epoch 0, Step 572: train_loss = 5.9520
2025-06-23 15:32:12.506 | INFO     | __main__:on_train_batch_end:39 - Epoch 0, Step 573: train_loss = 7.5952
2025-06-23 15:32:12.767 | INFO     | __main__:on_train_batch_end:39 - Epoch 0, Step 574: train_loss = 3.6243
2025-06-23 15:32:13.031 | INFO     | __main__:on_train_batch_end:39 - Epoch 0, Step 575: train_loss = 15.3628
2025-06-23 15:32:13.294 | INFO     | __main__:on_train_batch_end:39 - Epoch 0, Step 576: train_loss = 3.7567
2025-06-23 15:32:13.558 | INFO     | __main__:on_train_batch_end:39 - Epoch 0, Step 577: train_loss = 15.5295
2025-06-23 15:32:13.819 | INFO     | __main__:on_train_batch_end:39 - Epoch 0, Step 578: train_loss = 6.1633
2025-06-23 15:32:14.081 | INFO     | __main__:on_train_batch_end:39 - Epoch 0, Step 579: train_loss = 10.8524
2025-06-23 15:32:14.342 | INFO     | __main__:on_train_batch_end:39 - Epoch 0, Step 580: train_loss = 5.1684
2025-06-23 15:32:14.613 | INFO     | __main__:on_train_batch_end:39 - Epoch 0, Step 581: train_loss = 12.8228
2025-06-23 15:32:14.875 | INFO     | __main__:on_train_batch_end:39 - Epoch 0, Step 582: train_loss = 11.9656
2025-06-23 15:32:15.136 | INFO     | __main__:on_train_batch_end:39 - Epoch 0, Step 583: train_loss = 4.3357
2025-06-23 15:32:15.401 | INFO     | __main__:on_train_batch_end:39 - Epoch 0, Step 584: train_loss = 6.3955
2025-06-23 15:32:15.662 | INFO     | __main__:on_train_batch_end:39 - Epoch 0, Step 585: train_loss = 14.6379
2025-06-23 15:32:15.924 | INFO     | __main__:on_train_batch_end:39 - Epoch 0, Step 586: train_loss = 5.0500
2025-06-23 15:32:16.188 | INFO     | __main__:on_train_batch_end:39 - Epoch 0, Step 587: train_loss = 9.5121
2025-06-23 15:32:16.450 | INFO     | __main__:on_train_batch_end:39 - Epoch 0, Step 588: train_loss = 8.8330
2025-06-23 15:32:16.715 | INFO     | __main__:on_train_batch_end:39 - Epoch 0, Step 589: train_loss = 27.4895
2025-06-23 15:32:16.977 | INFO     | __main__:on_train_batch_end:39 - Epoch 0, Step 590: train_loss = 15.9286
2025-06-23 15:32:17.241 | INFO     | __main__:on_train_batch_end:39 - Epoch 0, Step 591: train_loss = 3.6003
2025-06-23 15:32:17.504 | INFO     | __main__:on_train_batch_end:39 - Epoch 0, Step 592: train_loss = 19.3331
2025-06-23 15:32:17.766 | INFO     | __main__:on_train_batch_end:39 - Epoch 0, Step 593: train_loss = 8.3727
2025-06-23 15:32:18.029 | INFO     | __main__:on_train_batch_end:39 - Epoch 0, Step 594: train_loss = 10.5684
2025-06-23 15:32:18.295 | INFO     | __main__:on_train_batch_end:39 - Epoch 0, Step 595: train_loss = 4.2806
2025-06-23 15:32:18.556 | INFO     | __main__:on_train_batch_end:39 - Epoch 0, Step 596: train_loss = 24.3234
2025-06-23 15:32:18.829 | INFO     | __main__:on_train_batch_end:39 - Epoch 0, Step 597: train_loss = 6.0128
2025-06-23 15:32:19.091 | INFO     | __main__:on_train_batch_end:39 - Epoch 0, Step 598: train_loss = 12.1913
2025-06-23 15:32:19.353 | INFO     | __main__:on_train_batch_end:39 - Epoch 0, Step 599: train_loss = 7.3082
2025-06-23 15:32:19.613 | INFO     | __main__:on_train_batch_end:39 - Epoch 0, Step 600: train_loss = 3.7990
2025-06-23 15:32:19.875 | INFO     | __main__:on_train_batch_end:39 - Epoch 0, Step 601: train_loss = 5.9803
2025-06-23 15:32:20.136 | INFO     | __main__:on_train_batch_end:39 - Epoch 0, Step 602: train_loss = 8.6805
2025-06-23 15:32:20.398 | INFO     | __main__:on_train_batch_end:39 - Epoch 0, Step 603: train_loss = 10.5884
2025-06-23 15:32:20.660 | INFO     | __main__:on_train_batch_end:39 - Epoch 0, Step 604: train_loss = 15.0140
2025-06-23 15:32:20.922 | INFO     | __main__:on_train_batch_end:39 - Epoch 0, Step 605: train_loss = 10.8430
2025-06-23 15:32:21.183 | INFO     | __main__:on_train_batch_end:39 - Epoch 0, Step 606: train_loss = 7.9960
2025-06-23 15:32:21.450 | INFO     | __main__:on_train_batch_end:39 - Epoch 0, Step 607: train_loss = 7.0994
2025-06-23 15:32:21.711 | INFO     | __main__:on_train_batch_end:39 - Epoch 0, Step 608: train_loss = 4.7936
2025-06-23 15:32:21.972 | INFO     | __main__:on_train_batch_end:39 - Epoch 0, Step 609: train_loss = 9.3344
2025-06-23 15:32:22.236 | INFO     | __main__:on_train_batch_end:39 - Epoch 0, Step 610: train_loss = 9.1033
2025-06-23 15:32:22.497 | INFO     | __main__:on_train_batch_end:39 - Epoch 0, Step 611: train_loss = 4.7245
2025-06-23 15:32:22.758 | INFO     | __main__:on_train_batch_end:39 - Epoch 0, Step 612: train_loss = 4.7114
2025-06-23 15:32:23.020 | INFO     | __main__:on_train_batch_end:39 - Epoch 0, Step 613: train_loss = 5.9897
2025-06-23 15:32:23.295 | INFO     | __main__:on_train_batch_end:39 - Epoch 0, Step 614: train_loss = 13.6772
2025-06-23 15:32:23.555 | INFO     | __main__:on_train_batch_end:39 - Epoch 0, Step 615: train_loss = 3.7102
2025-06-23 15:32:23.819 | INFO     | __main__:on_train_batch_end:39 - Epoch 0, Step 616: train_loss = 6.3730
2025-06-23 15:32:24.080 | INFO     | __main__:on_train_batch_end:39 - Epoch 0, Step 617: train_loss = 5.5728
2025-06-23 15:32:24.347 | INFO     | __main__:on_train_batch_end:39 - Epoch 0, Step 618: train_loss = 13.1454
2025-06-23 15:32:24.607 | INFO     | __main__:on_train_batch_end:39 - Epoch 0, Step 619: train_loss = 13.7774
2025-06-23 15:32:24.871 | INFO     | __main__:on_train_batch_end:39 - Epoch 0, Step 620: train_loss = 8.6961
2025-06-23 15:32:25.135 | INFO     | __main__:on_train_batch_end:39 - Epoch 0, Step 621: train_loss = 3.4905
2025-06-23 15:32:25.396 | INFO     | __main__:on_train_batch_end:39 - Epoch 0, Step 622: train_loss = 18.8868
2025-06-23 15:32:25.657 | INFO     | __main__:on_train_batch_end:39 - Epoch 0, Step 623: train_loss = 5.4653
2025-06-23 15:32:25.921 | INFO     | __main__:on_train_batch_end:39 - Epoch 0, Step 624: train_loss = 8.6672
2025-06-23 15:32:26.185 | INFO     | __main__:on_train_batch_end:39 - Epoch 0, Step 625: train_loss = 17.6820
2025-06-23 15:32:26.449 | INFO     | __main__:on_train_batch_end:39 - Epoch 0, Step 626: train_loss = 31.1369
2025-06-23 15:32:26.712 | INFO     | __main__:on_train_batch_end:39 - Epoch 0, Step 627: train_loss = 3.6173
2025-06-23 15:32:26.972 | INFO     | __main__:on_train_batch_end:39 - Epoch 0, Step 628: train_loss = 3.8799
2025-06-23 15:32:27.239 | INFO     | __main__:on_train_batch_end:39 - Epoch 0, Step 629: train_loss = 3.7374
2025-06-23 15:32:27.501 | INFO     | __main__:on_train_batch_end:39 - Epoch 0, Step 630: train_loss = 4.8463
2025-06-23 15:32:27.762 | INFO     | __main__:on_train_batch_end:39 - Epoch 0, Step 631: train_loss = 12.1039
2025-06-23 15:32:28.025 | INFO     | __main__:on_train_batch_end:39 - Epoch 0, Step 632: train_loss = 4.4753
2025-06-23 15:32:28.287 | INFO     | __main__:on_train_batch_end:39 - Epoch 0, Step 633: train_loss = 6.4785
2025-06-23 15:32:28.549 | INFO     | __main__:on_train_batch_end:39 - Epoch 0, Step 634: train_loss = 10.8764
2025-06-23 15:32:28.812 | INFO     | __main__:on_train_batch_end:39 - Epoch 0, Step 635: train_loss = 7.8999
2025-06-23 15:32:29.071 | INFO     | __main__:on_train_batch_end:39 - Epoch 0, Step 636: train_loss = 3.5311
2025-06-23 15:32:29.334 | INFO     | __main__:on_train_batch_end:39 - Epoch 0, Step 637: train_loss = 5.3399
2025-06-23 15:32:29.595 | INFO     | __main__:on_train_batch_end:39 - Epoch 0, Step 638: train_loss = 12.5145
2025-06-23 15:32:29.869 | INFO     | __main__:on_train_batch_end:39 - Epoch 0, Step 639: train_loss = 16.4804
2025-06-23 15:32:30.131 | INFO     | __main__:on_train_batch_end:39 - Epoch 0, Step 640: train_loss = 28.1221
2025-06-23 15:32:30.396 | INFO     | __main__:on_train_batch_end:39 - Epoch 0, Step 641: train_loss = 4.1359
2025-06-23 15:32:30.657 | INFO     | __main__:on_train_batch_end:39 - Epoch 0, Step 642: train_loss = 3.5089
2025-06-23 15:32:30.920 | INFO     | __main__:on_train_batch_end:39 - Epoch 0, Step 643: train_loss = 15.8835
2025-06-23 15:32:31.182 | INFO     | __main__:on_train_batch_end:39 - Epoch 0, Step 644: train_loss = 4.7285
2025-06-23 15:32:31.444 | INFO     | __main__:on_train_batch_end:39 - Epoch 0, Step 645: train_loss = 4.2092
2025-06-23 15:32:31.704 | INFO     | __main__:on_train_batch_end:39 - Epoch 0, Step 646: train_loss = 4.1141
2025-06-23 15:32:31.967 | INFO     | __main__:on_train_batch_end:39 - Epoch 0, Step 647: train_loss = 4.4013
2025-06-23 15:32:32.233 | INFO     | __main__:on_train_batch_end:39 - Epoch 0, Step 648: train_loss = 8.7357
2025-06-23 15:32:32.494 | INFO     | __main__:on_train_batch_end:39 - Epoch 0, Step 649: train_loss = 11.3978
2025-06-23 15:32:32.755 | INFO     | __main__:on_train_batch_end:39 - Epoch 0, Step 650: train_loss = 8.1436
2025-06-23 15:32:33.018 | INFO     | __main__:on_train_batch_end:39 - Epoch 0, Step 651: train_loss = 6.1421
2025-06-23 15:32:33.285 | INFO     | __main__:on_train_batch_end:39 - Epoch 0, Step 652: train_loss = 17.6829
2025-06-23 15:32:33.546 | INFO     | __main__:on_train_batch_end:39 - Epoch 0, Step 653: train_loss = 4.1935
2025-06-23 15:32:33.807 | INFO     | __main__:on_train_batch_end:39 - Epoch 0, Step 654: train_loss = 5.5005
2025-06-23 15:32:34.068 | INFO     | __main__:on_train_batch_end:39 - Epoch 0, Step 655: train_loss = 16.9384
2025-06-23 15:32:34.332 | INFO     | __main__:on_train_batch_end:39 - Epoch 0, Step 656: train_loss = 4.3004
2025-06-23 15:32:34.594 | INFO     | __main__:on_train_batch_end:39 - Epoch 0, Step 657: train_loss = 6.7124
2025-06-23 15:32:34.855 | INFO     | __main__:on_train_batch_end:39 - Epoch 0, Step 658: train_loss = 20.8550
2025-06-23 15:32:35.116 | INFO     | __main__:on_train_batch_end:39 - Epoch 0, Step 659: train_loss = 5.9965
2025-06-23 15:32:35.382 | INFO     | __main__:on_train_batch_end:39 - Epoch 0, Step 660: train_loss = 3.9366
2025-06-23 15:32:35.644 | INFO     | __main__:on_train_batch_end:39 - Epoch 0, Step 661: train_loss = 4.0887
2025-06-23 15:32:35.905 | INFO     | __main__:on_train_batch_end:39 - Epoch 0, Step 662: train_loss = 8.8735
2025-06-23 15:32:36.166 | INFO     | __main__:on_train_batch_end:39 - Epoch 0, Step 663: train_loss = 3.7353
2025-06-23 15:32:36.433 | INFO     | __main__:on_train_batch_end:39 - Epoch 0, Step 664: train_loss = 6.1542
2025-06-23 15:32:36.694 | INFO     | __main__:on_train_batch_end:39 - Epoch 0, Step 665: train_loss = 6.5322
2025-06-23 15:32:36.954 | INFO     | __main__:on_train_batch_end:39 - Epoch 0, Step 666: train_loss = 9.5129
2025-06-23 15:32:37.217 | INFO     | __main__:on_train_batch_end:39 - Epoch 0, Step 667: train_loss = 7.5431
2025-06-23 15:32:37.478 | INFO     | __main__:on_train_batch_end:39 - Epoch 0, Step 668: train_loss = 4.0244
2025-06-23 15:32:37.739 | INFO     | __main__:on_train_batch_end:39 - Epoch 0, Step 669: train_loss = 3.7745
2025-06-23 15:32:38.000 | INFO     | __main__:on_train_batch_end:39 - Epoch 0, Step 670: train_loss = 4.0982
2025-06-23 15:32:38.262 | INFO     | __main__:on_train_batch_end:39 - Epoch 0, Step 671: train_loss = 4.7429
2025-06-23 15:32:38.525 | INFO     | __main__:on_train_batch_end:39 - Epoch 0, Step 672: train_loss = 17.4913
2025-06-23 15:32:38.785 | INFO     | __main__:on_train_batch_end:39 - Epoch 0, Step 673: train_loss = 4.2642
2025-06-23 15:32:39.046 | INFO     | __main__:on_train_batch_end:39 - Epoch 0, Step 674: train_loss = 13.3427
2025-06-23 15:32:39.311 | INFO     | __main__:on_train_batch_end:39 - Epoch 0, Step 675: train_loss = 3.7612
2025-06-23 15:32:39.583 | INFO     | __main__:on_train_batch_end:39 - Epoch 0, Step 676: train_loss = 5.1543
2025-06-23 15:32:39.851 | INFO     | __main__:on_train_batch_end:39 - Epoch 0, Step 677: train_loss = 4.3552
2025-06-23 15:32:40.120 | INFO     | __main__:on_train_batch_end:39 - Epoch 0, Step 678: train_loss = 25.4371
2025-06-23 15:32:40.399 | INFO     | __main__:on_train_batch_end:39 - Epoch 0, Step 679: train_loss = 4.8171
2025-06-23 15:32:40.670 | INFO     | __main__:on_train_batch_end:39 - Epoch 0, Step 680: train_loss = 12.8853
2025-06-23 15:32:40.941 | INFO     | __main__:on_train_batch_end:39 - Epoch 0, Step 681: train_loss = 6.3539
2025-06-23 15:32:41.221 | INFO     | __main__:on_train_batch_end:39 - Epoch 0, Step 682: train_loss = 7.3601
2025-06-23 15:32:41.506 | INFO     | __main__:on_train_batch_end:39 - Epoch 0, Step 683: train_loss = 9.5351
2025-06-23 15:32:41.810 | INFO     | __main__:on_train_batch_end:39 - Epoch 0, Step 684: train_loss = 3.8227
2025-06-23 15:32:42.101 | INFO     | __main__:on_train_batch_end:39 - Epoch 0, Step 685: train_loss = 7.6869
2025-06-23 15:32:42.398 | INFO     | __main__:on_train_batch_end:39 - Epoch 0, Step 686: train_loss = 8.9598
2025-06-23 15:32:42.677 | INFO     | __main__:on_train_batch_end:39 - Epoch 0, Step 687: train_loss = 4.1906
2025-06-23 15:32:42.948 | INFO     | __main__:on_train_batch_end:39 - Epoch 0, Step 688: train_loss = 4.1925
2025-06-23 15:32:43.233 | INFO     | __main__:on_train_batch_end:39 - Epoch 0, Step 689: train_loss = 7.2790
2025-06-23 15:32:43.513 | INFO     | __main__:on_train_batch_end:39 - Epoch 0, Step 690: train_loss = 5.4340
2025-06-23 15:32:43.821 | INFO     | __main__:on_train_batch_end:39 - Epoch 0, Step 691: train_loss = 5.6342
2025-06-23 15:32:44.099 | INFO     | __main__:on_train_batch_end:39 - Epoch 0, Step 692: train_loss = 3.8522
2025-06-23 15:32:44.370 | INFO     | __main__:on_train_batch_end:39 - Epoch 0, Step 693: train_loss = 4.3077
2025-06-23 15:32:44.633 | INFO     | __main__:on_train_batch_end:39 - Epoch 0, Step 694: train_loss = 9.0345
2025-06-23 15:32:44.906 | INFO     | __main__:on_train_batch_end:39 - Epoch 0, Step 695: train_loss = 3.7746
2025-06-23 15:32:45.172 | INFO     | __main__:on_train_batch_end:39 - Epoch 0, Step 696: train_loss = 7.6412
2025-06-23 15:32:45.439 | INFO     | __main__:on_train_batch_end:39 - Epoch 0, Step 697: train_loss = 4.2607
2025-06-23 15:32:45.703 | INFO     | __main__:on_train_batch_end:39 - Epoch 0, Step 698: train_loss = 4.9782
2025-06-23 15:32:45.983 | INFO     | __main__:on_train_batch_end:39 - Epoch 0, Step 699: train_loss = 26.6944
2025-06-23 15:32:46.259 | INFO     | __main__:on_train_batch_end:39 - Epoch 0, Step 700: train_loss = 18.6422
2025-06-23 15:32:46.533 | INFO     | __main__:on_train_batch_end:39 - Epoch 0, Step 701: train_loss = 8.2032
2025-06-23 15:32:46.796 | INFO     | __main__:on_train_batch_end:39 - Epoch 0, Step 702: train_loss = 3.6914
2025-06-23 15:32:47.063 | INFO     | __main__:on_train_batch_end:39 - Epoch 0, Step 703: train_loss = 21.5197
2025-06-23 15:32:47.337 | INFO     | __main__:on_train_batch_end:39 - Epoch 0, Step 704: train_loss = 23.6029
2025-06-23 15:32:47.598 | INFO     | __main__:on_train_batch_end:39 - Epoch 0, Step 705: train_loss = 5.6922
2025-06-23 15:32:47.971 | INFO     | __main__:on_train_batch_end:39 - Epoch 0, Step 706: train_loss = 4.7275
2025-06-23 15:32:48.252 | INFO     | __main__:on_train_batch_end:39 - Epoch 0, Step 707: train_loss = 14.7719
2025-06-23 15:32:48.539 | INFO     | __main__:on_train_batch_end:39 - Epoch 0, Step 708: train_loss = 7.3979
2025-06-23 15:32:48.829 | INFO     | __main__:on_train_batch_end:39 - Epoch 0, Step 709: train_loss = 29.9775
2025-06-23 15:32:49.123 | INFO     | __main__:on_train_batch_end:39 - Epoch 0, Step 710: train_loss = 44.7191
2025-06-23 15:32:49.402 | INFO     | __main__:on_train_batch_end:39 - Epoch 0, Step 711: train_loss = 5.3615
2025-06-23 15:32:49.679 | INFO     | __main__:on_train_batch_end:39 - Epoch 0, Step 712: train_loss = 14.2164
2025-06-23 15:32:49.955 | INFO     | __main__:on_train_batch_end:39 - Epoch 0, Step 713: train_loss = 7.8407
2025-06-23 15:32:50.241 | INFO     | __main__:on_train_batch_end:39 - Epoch 0, Step 714: train_loss = 17.4614
2025-06-23 15:32:50.510 | INFO     | __main__:on_train_batch_end:39 - Epoch 0, Step 715: train_loss = 16.0567
2025-06-23 15:32:50.771 | INFO     | __main__:on_train_batch_end:39 - Epoch 0, Step 716: train_loss = 4.2995
2025-06-23 15:32:51.035 | INFO     | __main__:on_train_batch_end:39 - Epoch 0, Step 717: train_loss = 4.0574
2025-06-23 15:32:51.306 | INFO     | __main__:on_train_batch_end:39 - Epoch 0, Step 718: train_loss = 23.5889
2025-06-23 15:32:51.568 | INFO     | __main__:on_train_batch_end:39 - Epoch 0, Step 719: train_loss = 3.9668
2025-06-23 15:32:51.842 | INFO     | __main__:on_train_batch_end:39 - Epoch 0, Step 720: train_loss = 3.6969
2025-06-23 15:32:52.124 | INFO     | __main__:on_train_batch_end:39 - Epoch 0, Step 721: train_loss = 4.6211
2025-06-23 15:32:52.405 | INFO     | __main__:on_train_batch_end:39 - Epoch 0, Step 722: train_loss = 5.2285
2025-06-23 15:32:52.671 | INFO     | __main__:on_train_batch_end:39 - Epoch 0, Step 723: train_loss = 21.5659
2025-06-23 15:32:52.935 | INFO     | __main__:on_train_batch_end:39 - Epoch 0, Step 724: train_loss = 4.0747
2025-06-23 15:32:53.201 | INFO     | __main__:on_train_batch_end:39 - Epoch 0, Step 725: train_loss = 3.8541
2025-06-23 15:32:53.468 | INFO     | __main__:on_train_batch_end:39 - Epoch 0, Step 726: train_loss = 7.8797
2025-06-23 15:32:53.735 | INFO     | __main__:on_train_batch_end:39 - Epoch 0, Step 727: train_loss = 7.3001
2025-06-23 15:32:54.002 | INFO     | __main__:on_train_batch_end:39 - Epoch 0, Step 728: train_loss = 5.7821
2025-06-23 15:32:54.276 | INFO     | __main__:on_train_batch_end:39 - Epoch 0, Step 729: train_loss = 5.9525
2025-06-23 15:32:54.541 | INFO     | __main__:on_train_batch_end:39 - Epoch 0, Step 730: train_loss = 5.3293
2025-06-23 15:32:54.811 | INFO     | __main__:on_train_batch_end:39 - Epoch 0, Step 731: train_loss = 19.5594
2025-06-23 15:32:55.078 | INFO     | __main__:on_train_batch_end:39 - Epoch 0, Step 732: train_loss = 16.9978
2025-06-23 15:32:55.348 | INFO     | __main__:on_train_batch_end:39 - Epoch 0, Step 733: train_loss = 6.5851
2025-06-23 15:32:55.614 | INFO     | __main__:on_train_batch_end:39 - Epoch 0, Step 734: train_loss = 3.8899
2025-06-23 15:32:55.884 | INFO     | __main__:on_train_batch_end:39 - Epoch 0, Step 735: train_loss = 22.8223
2025-06-23 15:32:56.154 | INFO     | __main__:on_train_batch_end:39 - Epoch 0, Step 736: train_loss = 20.5537
2025-06-23 15:32:56.435 | INFO     | __main__:on_train_batch_end:39 - Epoch 0, Step 737: train_loss = 5.0809
2025-06-23 15:32:56.715 | INFO     | __main__:on_train_batch_end:39 - Epoch 0, Step 738: train_loss = 8.4743
2025-06-23 15:32:56.996 | INFO     | __main__:on_train_batch_end:39 - Epoch 0, Step 739: train_loss = 11.1947
2025-06-23 15:32:57.266 | INFO     | __main__:on_train_batch_end:39 - Epoch 0, Step 740: train_loss = 4.0393
2025-06-23 15:32:57.533 | INFO     | __main__:on_train_batch_end:39 - Epoch 0, Step 741: train_loss = 10.9188
2025-06-23 15:32:57.798 | INFO     | __main__:on_train_batch_end:39 - Epoch 0, Step 742: train_loss = 3.7966
2025-06-23 15:32:58.065 | INFO     | __main__:on_train_batch_end:39 - Epoch 0, Step 743: train_loss = 6.7292
2025-06-23 15:32:58.332 | INFO     | __main__:on_train_batch_end:39 - Epoch 0, Step 744: train_loss = 4.2606
2025-06-23 15:32:58.604 | INFO     | __main__:on_train_batch_end:39 - Epoch 0, Step 745: train_loss = 4.8365
2025-06-23 15:32:58.880 | INFO     | __main__:on_train_batch_end:39 - Epoch 0, Step 746: train_loss = 4.0158
2025-06-23 15:32:59.179 | INFO     | __main__:on_train_batch_end:39 - Epoch 0, Step 747: train_loss = 3.8440
2025-06-23 15:32:59.456 | INFO     | __main__:on_train_batch_end:39 - Epoch 0, Step 748: train_loss = 9.4341
2025-06-23 15:32:59.733 | INFO     | __main__:on_train_batch_end:39 - Epoch 0, Step 749: train_loss = 3.8327
2025-06-23 15:33:00.013 | INFO     | __main__:on_train_batch_end:39 - Epoch 0, Step 750: train_loss = 15.8197
2025-06-23 15:33:00.290 | INFO     | __main__:on_train_batch_end:39 - Epoch 0, Step 751: train_loss = 7.2472
2025-06-23 15:33:00.561 | INFO     | __main__:on_train_batch_end:39 - Epoch 0, Step 752: train_loss = 9.0634
2025-06-23 15:33:00.826 | INFO     | __main__:on_train_batch_end:39 - Epoch 0, Step 753: train_loss = 4.8995
2025-06-23 15:33:01.097 | INFO     | __main__:on_train_batch_end:39 - Epoch 0, Step 754: train_loss = 16.5805
2025-06-23 15:33:01.380 | INFO     | __main__:on_train_batch_end:39 - Epoch 0, Step 755: train_loss = 3.6080
2025-06-23 15:33:01.659 | INFO     | __main__:on_train_batch_end:39 - Epoch 0, Step 756: train_loss = 11.7672
2025-06-23 15:33:01.936 | INFO     | __main__:on_train_batch_end:39 - Epoch 0, Step 757: train_loss = 16.8920
2025-06-23 15:33:02.209 | INFO     | __main__:on_train_batch_end:39 - Epoch 0, Step 758: train_loss = 13.2115
2025-06-23 15:33:02.483 | INFO     | __main__:on_train_batch_end:39 - Epoch 0, Step 759: train_loss = 12.2524
2025-06-23 15:33:02.754 | INFO     | __main__:on_train_batch_end:39 - Epoch 0, Step 760: train_loss = 4.2945
2025-06-23 15:33:03.045 | INFO     | __main__:on_train_batch_end:39 - Epoch 0, Step 761: train_loss = 4.1910
2025-06-23 15:33:03.332 | INFO     | __main__:on_train_batch_end:39 - Epoch 0, Step 762: train_loss = 7.3152
2025-06-23 15:33:03.617 | INFO     | __main__:on_train_batch_end:39 - Epoch 0, Step 763: train_loss = 6.9029
2025-06-23 15:33:03.900 | INFO     | __main__:on_train_batch_end:39 - Epoch 0, Step 764: train_loss = 8.2372
2025-06-23 15:33:04.177 | INFO     | __main__:on_train_batch_end:39 - Epoch 0, Step 765: train_loss = 7.1754
2025-06-23 15:33:04.460 | INFO     | __main__:on_train_batch_end:39 - Epoch 0, Step 766: train_loss = 19.2485
2025-06-23 15:33:04.738 | INFO     | __main__:on_train_batch_end:39 - Epoch 0, Step 767: train_loss = 9.9116
2025-06-23 15:33:05.007 | INFO     | __main__:on_train_batch_end:39 - Epoch 0, Step 768: train_loss = 7.4374
2025-06-23 15:33:05.278 | INFO     | __main__:on_train_batch_end:39 - Epoch 0, Step 769: train_loss = 5.0281
2025-06-23 15:33:05.546 | INFO     | __main__:on_train_batch_end:39 - Epoch 0, Step 770: train_loss = 7.6435
2025-06-23 15:33:05.831 | INFO     | __main__:on_train_batch_end:39 - Epoch 0, Step 771: train_loss = 5.7278
2025-06-23 15:33:06.105 | INFO     | __main__:on_train_batch_end:39 - Epoch 0, Step 772: train_loss = 4.7125
2025-06-23 15:33:06.403 | INFO     | __main__:on_train_batch_end:39 - Epoch 0, Step 773: train_loss = 22.8090
2025-06-23 15:33:06.683 | INFO     | __main__:on_train_batch_end:39 - Epoch 0, Step 774: train_loss = 14.5747
2025-06-23 15:33:06.967 | INFO     | __main__:on_train_batch_end:39 - Epoch 0, Step 775: train_loss = 5.0108
2025-06-23 15:33:07.237 | INFO     | __main__:on_train_batch_end:39 - Epoch 0, Step 776: train_loss = 4.5524
2025-06-23 15:33:07.513 | INFO     | __main__:on_train_batch_end:39 - Epoch 0, Step 777: train_loss = 19.4643
2025-06-23 15:33:07.801 | INFO     | __main__:on_train_batch_end:39 - Epoch 0, Step 778: train_loss = 5.4116
2025-06-23 15:33:08.077 | INFO     | __main__:on_train_batch_end:39 - Epoch 0, Step 779: train_loss = 3.6547
2025-06-23 15:33:08.351 | INFO     | __main__:on_train_batch_end:39 - Epoch 0, Step 780: train_loss = 4.7698
2025-06-23 15:33:08.620 | INFO     | __main__:on_train_batch_end:39 - Epoch 0, Step 781: train_loss = 10.2095
2025-06-23 15:33:08.892 | INFO     | __main__:on_train_batch_end:39 - Epoch 0, Step 782: train_loss = 15.2826
2025-06-23 15:33:09.175 | INFO     | __main__:on_train_batch_end:39 - Epoch 0, Step 783: train_loss = 22.6734
2025-06-23 15:33:09.443 | INFO     | __main__:on_train_batch_end:39 - Epoch 0, Step 784: train_loss = 4.5688
2025-06-23 15:33:09.704 | INFO     | __main__:on_train_batch_end:39 - Epoch 0, Step 785: train_loss = 4.3642
2025-06-23 15:33:09.966 | INFO     | __main__:on_train_batch_end:39 - Epoch 0, Step 786: train_loss = 3.8230
2025-06-23 15:33:10.231 | INFO     | __main__:on_train_batch_end:39 - Epoch 0, Step 787: train_loss = 21.7021
2025-06-23 15:33:10.490 | INFO     | __main__:on_train_batch_end:39 - Epoch 0, Step 788: train_loss = 4.2406
2025-06-23 15:33:10.753 | INFO     | __main__:on_train_batch_end:39 - Epoch 0, Step 789: train_loss = 9.4650
2025-06-23 15:33:11.021 | INFO     | __main__:on_train_batch_end:39 - Epoch 0, Step 790: train_loss = 14.7364
2025-06-23 15:33:11.286 | INFO     | __main__:on_train_batch_end:39 - Epoch 0, Step 791: train_loss = 4.0323
2025-06-23 15:33:11.556 | INFO     | __main__:on_train_batch_end:39 - Epoch 0, Step 792: train_loss = 4.9741
2025-06-23 15:33:11.821 | INFO     | __main__:on_train_batch_end:39 - Epoch 0, Step 793: train_loss = 25.8182
2025-06-23 15:33:12.085 | INFO     | __main__:on_train_batch_end:39 - Epoch 0, Step 794: train_loss = 3.8184
2025-06-23 15:33:12.353 | INFO     | __main__:on_train_batch_end:39 - Epoch 0, Step 795: train_loss = 28.3157
2025-06-23 15:33:12.615 | INFO     | __main__:on_train_batch_end:39 - Epoch 0, Step 796: train_loss = 14.6952
2025-06-23 15:33:12.890 | INFO     | __main__:on_train_batch_end:39 - Epoch 0, Step 797: train_loss = 4.1423
2025-06-23 15:33:13.152 | INFO     | __main__:on_train_batch_end:39 - Epoch 0, Step 798: train_loss = 3.7797
2025-06-23 15:33:13.414 | INFO     | __main__:on_train_batch_end:39 - Epoch 0, Step 799: train_loss = 11.5154
2025-06-23 15:33:13.675 | INFO     | __main__:on_train_batch_end:39 - Epoch 0, Step 800: train_loss = 8.1206
2025-06-23 15:33:13.935 | INFO     | __main__:on_train_batch_end:39 - Epoch 0, Step 801: train_loss = 7.5771
2025-06-23 15:33:14.198 | INFO     | __main__:on_train_batch_end:39 - Epoch 0, Step 802: train_loss = 14.6151
2025-06-23 15:33:14.459 | INFO     | __main__:on_train_batch_end:39 - Epoch 0, Step 803: train_loss = 4.6852
2025-06-23 15:33:14.720 | INFO     | __main__:on_train_batch_end:39 - Epoch 0, Step 804: train_loss = 17.4754
2025-06-23 15:33:14.984 | INFO     | __main__:on_train_batch_end:39 - Epoch 0, Step 805: train_loss = 5.7000
2025-06-23 15:33:15.250 | INFO     | __main__:on_train_batch_end:39 - Epoch 0, Step 806: train_loss = 9.7531
2025-06-23 15:33:15.513 | INFO     | __main__:on_train_batch_end:39 - Epoch 0, Step 807: train_loss = 9.1626
2025-06-23 15:33:15.775 | INFO     | __main__:on_train_batch_end:39 - Epoch 0, Step 808: train_loss = 4.1513
2025-06-23 15:33:16.037 | INFO     | __main__:on_train_batch_end:39 - Epoch 0, Step 809: train_loss = 3.9433
2025-06-23 15:33:16.301 | INFO     | __main__:on_train_batch_end:39 - Epoch 0, Step 810: train_loss = 4.2727
2025-06-23 15:33:16.563 | INFO     | __main__:on_train_batch_end:39 - Epoch 0, Step 811: train_loss = 6.7717
2025-06-23 15:33:16.823 | INFO     | __main__:on_train_batch_end:39 - Epoch 0, Step 812: train_loss = 12.2215
2025-06-23 15:33:17.084 | INFO     | __main__:on_train_batch_end:39 - Epoch 0, Step 813: train_loss = 5.2357
2025-06-23 15:33:17.345 | INFO     | __main__:on_train_batch_end:39 - Epoch 0, Step 814: train_loss = 7.7566
2025-06-23 15:33:17.608 | INFO     | __main__:on_train_batch_end:39 - Epoch 0, Step 815: train_loss = 9.7523
2025-06-23 15:33:17.871 | INFO     | __main__:on_train_batch_end:39 - Epoch 0, Step 816: train_loss = 21.8101
2025-06-23 15:33:18.133 | INFO     | __main__:on_train_batch_end:39 - Epoch 0, Step 817: train_loss = 18.1186
2025-06-23 15:33:18.398 | INFO     | __main__:on_train_batch_end:39 - Epoch 0, Step 818: train_loss = 17.8933
2025-06-23 15:33:18.660 | INFO     | __main__:on_train_batch_end:39 - Epoch 0, Step 819: train_loss = 3.8450
2025-06-23 15:33:18.920 | INFO     | __main__:on_train_batch_end:39 - Epoch 0, Step 820: train_loss = 5.1551
2025-06-23 15:33:19.181 | INFO     | __main__:on_train_batch_end:39 - Epoch 0, Step 821: train_loss = 3.6222
2025-06-23 15:33:19.444 | INFO     | __main__:on_train_batch_end:39 - Epoch 0, Step 822: train_loss = 8.4003
2025-06-23 15:33:19.705 | INFO     | __main__:on_train_batch_end:39 - Epoch 0, Step 823: train_loss = 14.8577
2025-06-23 15:33:19.965 | INFO     | __main__:on_train_batch_end:39 - Epoch 0, Step 824: train_loss = 3.8089
2025-06-23 15:33:20.229 | INFO     | __main__:on_train_batch_end:39 - Epoch 0, Step 825: train_loss = 4.6133
2025-06-23 15:33:20.504 | INFO     | __main__:on_train_batch_end:39 - Epoch 0, Step 826: train_loss = 12.2877
2025-06-23 15:33:20.778 | INFO     | __main__:on_train_batch_end:39 - Epoch 0, Step 827: train_loss = 3.7352
2025-06-23 15:33:21.042 | INFO     | __main__:on_train_batch_end:39 - Epoch 0, Step 828: train_loss = 8.2751
2025-06-23 15:33:21.307 | INFO     | __main__:on_train_batch_end:39 - Epoch 0, Step 829: train_loss = 3.6588
2025-06-23 15:33:21.575 | INFO     | __main__:on_train_batch_end:39 - Epoch 0, Step 830: train_loss = 7.3740
2025-06-23 15:33:21.853 | INFO     | __main__:on_train_batch_end:39 - Epoch 0, Step 831: train_loss = 18.9320
2025-06-23 15:33:22.116 | INFO     | __main__:on_train_batch_end:39 - Epoch 0, Step 832: train_loss = 5.8849
2025-06-23 15:33:22.394 | INFO     | __main__:on_train_batch_end:39 - Epoch 0, Step 833: train_loss = 23.5411
2025-06-23 15:33:22.663 | INFO     | __main__:on_train_batch_end:39 - Epoch 0, Step 834: train_loss = 3.6972
2025-06-23 15:33:22.940 | INFO     | __main__:on_train_batch_end:39 - Epoch 0, Step 835: train_loss = 9.4920
2025-06-23 15:33:23.203 | INFO     | __main__:on_train_batch_end:39 - Epoch 0, Step 836: train_loss = 17.3692
2025-06-23 15:33:23.468 | INFO     | __main__:on_train_batch_end:39 - Epoch 0, Step 837: train_loss = 20.5727
2025-06-23 15:33:23.732 | INFO     | __main__:on_train_batch_end:39 - Epoch 0, Step 838: train_loss = 29.0550
2025-06-23 15:33:24.008 | INFO     | __main__:on_train_batch_end:39 - Epoch 0, Step 839: train_loss = 7.4067
2025-06-23 15:33:24.280 | INFO     | __main__:on_train_batch_end:39 - Epoch 0, Step 840: train_loss = 3.5592
2025-06-23 15:33:24.542 | INFO     | __main__:on_train_batch_end:39 - Epoch 0, Step 841: train_loss = 8.0566
2025-06-23 15:33:24.804 | INFO     | __main__:on_train_batch_end:39 - Epoch 0, Step 842: train_loss = 4.6583
2025-06-23 15:33:25.065 | INFO     | __main__:on_train_batch_end:39 - Epoch 0, Step 843: train_loss = 11.7117
2025-06-23 15:33:25.337 | INFO     | __main__:on_train_batch_end:39 - Epoch 0, Step 844: train_loss = 5.1278
2025-06-23 15:33:25.614 | INFO     | __main__:on_train_batch_end:39 - Epoch 0, Step 845: train_loss = 11.0309
2025-06-23 15:33:25.881 | INFO     | __main__:on_train_batch_end:39 - Epoch 0, Step 846: train_loss = 11.6026
2025-06-23 15:33:26.145 | INFO     | __main__:on_train_batch_end:39 - Epoch 0, Step 847: train_loss = 11.9561
2025-06-23 15:33:26.411 | INFO     | __main__:on_train_batch_end:39 - Epoch 0, Step 848: train_loss = 6.9034
2025-06-23 15:33:26.675 | INFO     | __main__:on_train_batch_end:39 - Epoch 0, Step 849: train_loss = 4.9483
2025-06-23 15:33:26.938 | INFO     | __main__:on_train_batch_end:39 - Epoch 0, Step 850: train_loss = 9.9695
2025-06-23 15:33:27.199 | INFO     | __main__:on_train_batch_end:39 - Epoch 0, Step 851: train_loss = 3.8686
2025-06-23 15:33:27.465 | INFO     | __main__:on_train_batch_end:39 - Epoch 0, Step 852: train_loss = 4.0056
2025-06-23 15:33:27.729 | INFO     | __main__:on_train_batch_end:39 - Epoch 0, Step 853: train_loss = 6.1379
2025-06-23 15:33:27.991 | INFO     | __main__:on_train_batch_end:39 - Epoch 0, Step 854: train_loss = 4.7452
2025-06-23 15:33:28.253 | INFO     | __main__:on_train_batch_end:39 - Epoch 0, Step 855: train_loss = 5.6211
2025-06-23 15:33:28.515 | INFO     | __main__:on_train_batch_end:39 - Epoch 0, Step 856: train_loss = 5.9538
2025-06-23 15:33:28.776 | INFO     | __main__:on_train_batch_end:39 - Epoch 0, Step 857: train_loss = 5.8827
2025-06-23 15:33:29.048 | INFO     | __main__:on_train_batch_end:39 - Epoch 0, Step 858: train_loss = 5.5664
2025-06-23 15:33:29.330 | INFO     | __main__:on_train_batch_end:39 - Epoch 0, Step 859: train_loss = 4.3801
2025-06-23 15:33:29.606 | INFO     | __main__:on_train_batch_end:39 - Epoch 0, Step 860: train_loss = 4.1383
2025-06-23 15:33:29.886 | INFO     | __main__:on_train_batch_end:39 - Epoch 0, Step 861: train_loss = 5.4663
2025-06-23 15:33:30.155 | INFO     | __main__:on_train_batch_end:39 - Epoch 0, Step 862: train_loss = 4.8140
2025-06-23 15:33:30.420 | INFO     | __main__:on_train_batch_end:39 - Epoch 0, Step 863: train_loss = 14.7451
2025-06-23 15:33:30.694 | INFO     | __main__:on_train_batch_end:39 - Epoch 0, Step 864: train_loss = 23.1966
2025-06-23 15:33:30.970 | INFO     | __main__:on_train_batch_end:39 - Epoch 0, Step 865: train_loss = 15.5036
2025-06-23 15:33:31.247 | INFO     | __main__:on_train_batch_end:39 - Epoch 0, Step 866: train_loss = 3.7302
2025-06-23 15:33:31.519 | INFO     | __main__:on_train_batch_end:39 - Epoch 0, Step 867: train_loss = 3.8627
2025-06-23 15:33:31.808 | INFO     | __main__:on_train_batch_end:39 - Epoch 0, Step 868: train_loss = 8.8340
2025-06-23 15:33:32.095 | INFO     | __main__:on_train_batch_end:39 - Epoch 0, Step 869: train_loss = 3.6345
2025-06-23 15:33:32.377 | INFO     | __main__:on_train_batch_end:39 - Epoch 0, Step 870: train_loss = 6.1661
2025-06-23 15:33:32.652 | INFO     | __main__:on_train_batch_end:39 - Epoch 0, Step 871: train_loss = 6.5639
2025-06-23 15:33:32.917 | INFO     | __main__:on_train_batch_end:39 - Epoch 0, Step 872: train_loss = 8.2620
2025-06-23 15:33:33.180 | INFO     | __main__:on_train_batch_end:39 - Epoch 0, Step 873: train_loss = 17.0779
2025-06-23 15:33:33.446 | INFO     | __main__:on_train_batch_end:39 - Epoch 0, Step 874: train_loss = 11.0108
2025-06-23 15:33:33.708 | INFO     | __main__:on_train_batch_end:39 - Epoch 0, Step 875: train_loss = 12.7824
2025-06-23 15:33:33.972 | INFO     | __main__:on_train_batch_end:39 - Epoch 0, Step 876: train_loss = 5.0423
2025-06-23 15:33:34.232 | INFO     | __main__:on_train_batch_end:39 - Epoch 0, Step 877: train_loss = 17.4209
2025-06-23 15:33:34.583 | INFO     | __main__:on_train_batch_end:39 - Epoch 0, Step 878: train_loss = 3.8560
2025-06-23 15:33:34.846 | INFO     | __main__:on_train_batch_end:39 - Epoch 0, Step 879: train_loss = 3.8918
2025-06-23 15:33:35.115 | INFO     | __main__:on_train_batch_end:39 - Epoch 0, Step 880: train_loss = 3.5881
2025-06-23 15:33:35.387 | INFO     | __main__:on_train_batch_end:39 - Epoch 0, Step 881: train_loss = 4.0035
2025-06-23 15:33:35.649 | INFO     | __main__:on_train_batch_end:39 - Epoch 0, Step 882: train_loss = 11.0782
2025-06-23 15:33:35.925 | INFO     | __main__:on_train_batch_end:39 - Epoch 0, Step 883: train_loss = 12.0748
2025-06-23 15:33:36.198 | INFO     | __main__:on_train_batch_end:39 - Epoch 0, Step 884: train_loss = 3.7136
2025-06-23 15:33:36.461 | INFO     | __main__:on_train_batch_end:39 - Epoch 0, Step 885: train_loss = 3.9126
2025-06-23 15:33:36.722 | INFO     | __main__:on_train_batch_end:39 - Epoch 0, Step 886: train_loss = 5.8492
2025-06-23 15:33:36.986 | INFO     | __main__:on_train_batch_end:39 - Epoch 0, Step 887: train_loss = 4.5527
2025-06-23 15:33:37.248 | INFO     | __main__:on_train_batch_end:39 - Epoch 0, Step 888: train_loss = 3.5911
2025-06-23 15:33:37.510 | INFO     | __main__:on_train_batch_end:39 - Epoch 0, Step 889: train_loss = 7.6854
2025-06-23 15:33:37.774 | INFO     | __main__:on_train_batch_end:39 - Epoch 0, Step 890: train_loss = 5.5975
2025-06-23 15:33:38.036 | INFO     | __main__:on_train_batch_end:39 - Epoch 0, Step 891: train_loss = 3.8282
2025-06-23 15:33:38.311 | INFO     | __main__:on_train_batch_end:39 - Epoch 0, Step 892: train_loss = 4.3395
2025-06-23 15:33:38.582 | INFO     | __main__:on_train_batch_end:39 - Epoch 0, Step 893: train_loss = 18.6895
2025-06-23 15:33:38.842 | INFO     | __main__:on_train_batch_end:39 - Epoch 0, Step 894: train_loss = 3.5471
2025-06-23 15:33:39.119 | INFO     | __main__:on_train_batch_end:39 - Epoch 0, Step 895: train_loss = 26.0893
2025-06-23 15:33:39.394 | INFO     | __main__:on_train_batch_end:39 - Epoch 0, Step 896: train_loss = 20.8727
2025-06-23 15:33:39.656 | INFO     | __main__:on_train_batch_end:39 - Epoch 0, Step 897: train_loss = 12.3083
2025-06-23 15:33:39.916 | INFO     | __main__:on_train_batch_end:39 - Epoch 0, Step 898: train_loss = 4.6224
2025-06-23 15:33:40.191 | INFO     | __main__:on_train_batch_end:39 - Epoch 0, Step 899: train_loss = 8.5865
2025-06-23 15:33:40.453 | INFO     | __main__:on_train_batch_end:39 - Epoch 0, Step 900: train_loss = 4.1138
2025-06-23 15:33:40.726 | INFO     | __main__:on_train_batch_end:39 - Epoch 0, Step 901: train_loss = 5.4574
2025-06-23 15:33:40.987 | INFO     | __main__:on_train_batch_end:39 - Epoch 0, Step 902: train_loss = 4.0457
2025-06-23 15:33:41.249 | INFO     | __main__:on_train_batch_end:39 - Epoch 0, Step 903: train_loss = 6.7526
2025-06-23 15:33:41.509 | INFO     | __main__:on_train_batch_end:39 - Epoch 0, Step 904: train_loss = 6.8296
2025-06-23 15:33:41.779 | INFO     | __main__:on_train_batch_end:39 - Epoch 0, Step 905: train_loss = 6.7807
2025-06-23 15:33:42.054 | INFO     | __main__:on_train_batch_end:39 - Epoch 0, Step 906: train_loss = 3.6004
2025-06-23 15:33:42.324 | INFO     | __main__:on_train_batch_end:39 - Epoch 0, Step 907: train_loss = 6.9820
2025-06-23 15:33:42.585 | INFO     | __main__:on_train_batch_end:39 - Epoch 0, Step 908: train_loss = 7.1838
2025-06-23 15:33:42.852 | INFO     | __main__:on_train_batch_end:39 - Epoch 0, Step 909: train_loss = 7.0172
2025-06-23 15:33:43.115 | INFO     | __main__:on_train_batch_end:39 - Epoch 0, Step 910: train_loss = 14.7202
2025-06-23 15:33:43.390 | INFO     | __main__:on_train_batch_end:39 - Epoch 0, Step 911: train_loss = 3.5929
2025-06-23 15:33:43.652 | INFO     | __main__:on_train_batch_end:39 - Epoch 0, Step 912: train_loss = 4.8068
2025-06-23 15:33:43.915 | INFO     | __main__:on_train_batch_end:39 - Epoch 0, Step 913: train_loss = 13.2527
2025-06-23 15:33:44.184 | INFO     | __main__:on_train_batch_end:39 - Epoch 0, Step 914: train_loss = 15.4354
2025-06-23 15:33:44.448 | INFO     | __main__:on_train_batch_end:39 - Epoch 0, Step 915: train_loss = 6.8820
2025-06-23 15:33:44.712 | INFO     | __main__:on_train_batch_end:39 - Epoch 0, Step 916: train_loss = 16.8041
2025-06-23 15:33:44.975 | INFO     | __main__:on_train_batch_end:39 - Epoch 0, Step 917: train_loss = 3.9992
2025-06-23 15:33:45.246 | INFO     | __main__:on_train_batch_end:39 - Epoch 0, Step 918: train_loss = 10.3195
2025-06-23 15:33:45.506 | INFO     | __main__:on_train_batch_end:39 - Epoch 0, Step 919: train_loss = 3.6993
2025-06-23 15:33:45.767 | INFO     | __main__:on_train_batch_end:39 - Epoch 0, Step 920: train_loss = 4.4736
2025-06-23 15:33:46.028 | INFO     | __main__:on_train_batch_end:39 - Epoch 0, Step 921: train_loss = 5.3911
2025-06-23 15:33:46.291 | INFO     | __main__:on_train_batch_end:39 - Epoch 0, Step 922: train_loss = 4.3736
2025-06-23 15:33:46.552 | INFO     | __main__:on_train_batch_end:39 - Epoch 0, Step 923: train_loss = 5.4751
2025-06-23 15:33:46.813 | INFO     | __main__:on_train_batch_end:39 - Epoch 0, Step 924: train_loss = 10.0478
2025-06-23 15:33:47.075 | INFO     | __main__:on_train_batch_end:39 - Epoch 0, Step 925: train_loss = 3.6946
2025-06-23 15:33:47.338 | INFO     | __main__:on_train_batch_end:39 - Epoch 0, Step 926: train_loss = 5.9037
2025-06-23 15:33:47.600 | INFO     | __main__:on_train_batch_end:39 - Epoch 0, Step 927: train_loss = 6.2073
2025-06-23 15:33:47.862 | INFO     | __main__:on_train_batch_end:39 - Epoch 0, Step 928: train_loss = 14.0637
2025-06-23 15:33:48.126 | INFO     | __main__:on_train_batch_end:39 - Epoch 0, Step 929: train_loss = 5.6737
2025-06-23 15:33:48.392 | INFO     | __main__:on_train_batch_end:39 - Epoch 0, Step 930: train_loss = 12.7099
2025-06-23 15:33:48.661 | INFO     | __main__:on_train_batch_end:39 - Epoch 0, Step 931: train_loss = 18.8964
2025-06-23 15:33:48.935 | INFO     | __main__:on_train_batch_end:39 - Epoch 0, Step 932: train_loss = 6.7499
2025-06-23 15:33:49.200 | INFO     | __main__:on_train_batch_end:39 - Epoch 0, Step 933: train_loss = 13.3669
2025-06-23 15:33:49.461 | INFO     | __main__:on_train_batch_end:39 - Epoch 0, Step 934: train_loss = 3.5835
2025-06-23 15:33:49.723 | INFO     | __main__:on_train_batch_end:39 - Epoch 0, Step 935: train_loss = 29.2461
2025-06-23 15:33:49.985 | INFO     | __main__:on_train_batch_end:39 - Epoch 0, Step 936: train_loss = 3.9787
2025-06-23 15:33:50.249 | INFO     | __main__:on_train_batch_end:39 - Epoch 0, Step 937: train_loss = 20.5815
2025-06-23 15:33:50.513 | INFO     | __main__:on_train_batch_end:39 - Epoch 0, Step 938: train_loss = 5.0909
2025-06-23 15:33:50.785 | INFO     | __main__:on_train_batch_end:39 - Epoch 0, Step 939: train_loss = 4.1106
2025-06-23 15:33:51.055 | INFO     | __main__:on_train_batch_end:39 - Epoch 0, Step 940: train_loss = 3.8246
2025-06-23 15:33:51.322 | INFO     | __main__:on_train_batch_end:39 - Epoch 0, Step 941: train_loss = 4.3984
2025-06-23 15:33:51.585 | INFO     | __main__:on_train_batch_end:39 - Epoch 0, Step 942: train_loss = 12.1625
2025-06-23 15:33:51.850 | INFO     | __main__:on_train_batch_end:39 - Epoch 0, Step 943: train_loss = 5.2477
2025-06-23 15:33:52.113 | INFO     | __main__:on_train_batch_end:39 - Epoch 0, Step 944: train_loss = 9.0229
2025-06-23 15:33:52.374 | INFO     | __main__:on_train_batch_end:39 - Epoch 0, Step 945: train_loss = 3.9823
2025-06-23 15:33:52.642 | INFO     | __main__:on_train_batch_end:39 - Epoch 0, Step 946: train_loss = 17.3200
2025-06-23 15:33:52.903 | INFO     | __main__:on_train_batch_end:39 - Epoch 0, Step 947: train_loss = 16.6989
2025-06-23 15:33:53.166 | INFO     | __main__:on_train_batch_end:39 - Epoch 0, Step 948: train_loss = 5.8132
2025-06-23 15:33:53.429 | INFO     | __main__:on_train_batch_end:39 - Epoch 0, Step 949: train_loss = 4.1800
2025-06-23 15:33:53.692 | INFO     | __main__:on_train_batch_end:39 - Epoch 0, Step 950: train_loss = 4.9193
2025-06-23 15:33:53.958 | INFO     | __main__:on_train_batch_end:39 - Epoch 0, Step 951: train_loss = 4.1855
2025-06-23 15:33:54.219 | INFO     | __main__:on_train_batch_end:39 - Epoch 0, Step 952: train_loss = 15.6267
2025-06-23 15:33:54.485 | INFO     | __main__:on_train_batch_end:39 - Epoch 0, Step 953: train_loss = 3.6152
2025-06-23 15:33:54.748 | INFO     | __main__:on_train_batch_end:39 - Epoch 0, Step 954: train_loss = 12.0804
2025-06-23 15:33:55.008 | INFO     | __main__:on_train_batch_end:39 - Epoch 0, Step 955: train_loss = 15.1066
2025-06-23 15:33:55.270 | INFO     | __main__:on_train_batch_end:39 - Epoch 0, Step 956: train_loss = 9.1912
2025-06-23 15:33:55.545 | INFO     | __main__:on_train_batch_end:39 - Epoch 0, Step 957: train_loss = 14.3471
2025-06-23 15:33:55.806 | INFO     | __main__:on_train_batch_end:39 - Epoch 0, Step 958: train_loss = 4.4175
2025-06-23 15:33:56.069 | INFO     | __main__:on_train_batch_end:39 - Epoch 0, Step 959: train_loss = 10.7542
2025-06-23 15:33:56.332 | INFO     | __main__:on_train_batch_end:39 - Epoch 0, Step 960: train_loss = 18.5607
2025-06-23 15:33:56.594 | INFO     | __main__:on_train_batch_end:39 - Epoch 0, Step 961: train_loss = 18.0841
2025-06-23 15:33:56.861 | INFO     | __main__:on_train_batch_end:39 - Epoch 0, Step 962: train_loss = 3.8316
2025-06-23 15:33:57.135 | INFO     | __main__:on_train_batch_end:39 - Epoch 0, Step 963: train_loss = 23.2544
2025-06-23 15:33:57.403 | INFO     | __main__:on_train_batch_end:39 - Epoch 0, Step 964: train_loss = 3.8607
2025-06-23 15:33:57.667 | INFO     | __main__:on_train_batch_end:39 - Epoch 0, Step 965: train_loss = 7.9427
2025-06-23 15:33:57.929 | INFO     | __main__:on_train_batch_end:39 - Epoch 0, Step 966: train_loss = 5.4792
2025-06-23 15:33:58.192 | INFO     | __main__:on_train_batch_end:39 - Epoch 0, Step 967: train_loss = 4.9941
2025-06-23 15:33:58.462 | INFO     | __main__:on_train_batch_end:39 - Epoch 0, Step 968: train_loss = 6.3057
2025-06-23 15:33:58.735 | INFO     | __main__:on_train_batch_end:39 - Epoch 0, Step 969: train_loss = 4.1312
2025-06-23 15:33:58.997 | INFO     | __main__:on_train_batch_end:39 - Epoch 0, Step 970: train_loss = 26.8641
2025-06-23 15:33:59.260 | INFO     | __main__:on_train_batch_end:39 - Epoch 0, Step 971: train_loss = 7.5047
2025-06-23 15:33:59.521 | INFO     | __main__:on_train_batch_end:39 - Epoch 0, Step 972: train_loss = 4.8082
2025-06-23 15:33:59.784 | INFO     | __main__:on_train_batch_end:39 - Epoch 0, Step 973: train_loss = 5.5917
2025-06-23 15:34:00.044 | INFO     | __main__:on_train_batch_end:39 - Epoch 0, Step 974: train_loss = 4.5946
2025-06-23 15:34:00.313 | INFO     | __main__:on_train_batch_end:39 - Epoch 0, Step 975: train_loss = 5.1075
2025-06-23 15:34:00.588 | INFO     | __main__:on_train_batch_end:39 - Epoch 0, Step 976: train_loss = 5.2359
2025-06-23 15:34:00.853 | INFO     | __main__:on_train_batch_end:39 - Epoch 0, Step 977: train_loss = 4.1988
2025-06-23 15:34:01.117 | INFO     | __main__:on_train_batch_end:39 - Epoch 0, Step 978: train_loss = 4.1636
2025-06-23 15:34:01.382 | INFO     | __main__:on_train_batch_end:39 - Epoch 0, Step 979: train_loss = 3.8782
2025-06-23 15:34:01.653 | INFO     | __main__:on_train_batch_end:39 - Epoch 0, Step 980: train_loss = 4.3980
2025-06-23 15:34:01.920 | INFO     | __main__:on_train_batch_end:39 - Epoch 0, Step 981: train_loss = 13.6943
2025-06-23 15:34:02.185 | INFO     | __main__:on_train_batch_end:39 - Epoch 0, Step 982: train_loss = 17.9656
2025-06-23 15:34:02.448 | INFO     | __main__:on_train_batch_end:39 - Epoch 0, Step 983: train_loss = 5.0727
2025-06-23 15:34:02.712 | INFO     | __main__:on_train_batch_end:39 - Epoch 0, Step 984: train_loss = 25.1406
2025-06-23 15:34:02.973 | INFO     | __main__:on_train_batch_end:39 - Epoch 0, Step 985: train_loss = 3.6117
2025-06-23 15:34:03.239 | INFO     | __main__:on_train_batch_end:39 - Epoch 0, Step 986: train_loss = 3.8294
2025-06-23 15:34:03.501 | INFO     | __main__:on_train_batch_end:39 - Epoch 0, Step 987: train_loss = 20.4251
2025-06-23 15:34:03.768 | INFO     | __main__:on_train_batch_end:39 - Epoch 0, Step 988: train_loss = 8.2490
2025-06-23 15:34:04.028 | INFO     | __main__:on_train_batch_end:39 - Epoch 0, Step 989: train_loss = 3.8163
2025-06-23 15:34:04.292 | INFO     | __main__:on_train_batch_end:39 - Epoch 0, Step 990: train_loss = 13.9013
2025-06-23 15:34:04.554 | INFO     | __main__:on_train_batch_end:39 - Epoch 0, Step 991: train_loss = 5.9540
2025-06-23 15:34:04.816 | INFO     | __main__:on_train_batch_end:39 - Epoch 0, Step 992: train_loss = 6.4103
2025-06-23 15:34:05.080 | INFO     | __main__:on_train_batch_end:39 - Epoch 0, Step 993: train_loss = 6.6526
2025-06-23 15:34:05.343 | INFO     | __main__:on_train_batch_end:39 - Epoch 0, Step 994: train_loss = 9.8762
2025-06-23 15:34:05.604 | INFO     | __main__:on_train_batch_end:39 - Epoch 0, Step 995: train_loss = 5.4677
2025-06-23 15:34:05.866 | INFO     | __main__:on_train_batch_end:39 - Epoch 0, Step 996: train_loss = 3.7801
2025-06-23 15:34:06.127 | INFO     | __main__:on_train_batch_end:39 - Epoch 0, Step 997: train_loss = 5.5023
2025-06-23 15:34:06.391 | INFO     | __main__:on_train_batch_end:39 - Epoch 0, Step 998: train_loss = 4.5820
2025-06-23 15:34:06.654 | INFO     | __main__:on_train_batch_end:39 - Epoch 0, Step 999: train_loss = 28.5009
2025-06-23 15:34:06.916 | INFO     | __main__:on_train_batch_end:39 - Epoch 0, Step 1000: train_loss = 6.3414
2025-06-23 15:34:07.181 | INFO     | __main__:on_train_batch_end:39 - Epoch 0, Step 1001: train_loss = 15.3298
2025-06-23 15:34:07.443 | INFO     | __main__:on_train_batch_end:39 - Epoch 0, Step 1002: train_loss = 4.3125
2025-06-23 15:34:07.705 | INFO     | __main__:on_train_batch_end:39 - Epoch 0, Step 1003: train_loss = 7.3548
2025-06-23 15:34:07.968 | INFO     | __main__:on_train_batch_end:39 - Epoch 0, Step 1004: train_loss = 3.9903
2025-06-23 15:34:08.228 | INFO     | __main__:on_train_batch_end:39 - Epoch 0, Step 1005: train_loss = 9.5407
2025-06-23 15:34:08.489 | INFO     | __main__:on_train_batch_end:39 - Epoch 0, Step 1006: train_loss = 3.9732
2025-06-23 15:34:08.754 | INFO     | __main__:on_train_batch_end:39 - Epoch 0, Step 1007: train_loss = 4.6107
2025-06-23 15:34:09.016 | INFO     | __main__:on_train_batch_end:39 - Epoch 0, Step 1008: train_loss = 7.9055
2025-06-23 15:34:09.295 | INFO     | __main__:on_train_batch_end:39 - Epoch 0, Step 1009: train_loss = 7.7872
2025-06-23 15:34:09.570 | INFO     | __main__:on_train_batch_end:39 - Epoch 0, Step 1010: train_loss = 3.8786
2025-06-23 15:34:09.843 | INFO     | __main__:on_train_batch_end:39 - Epoch 0, Step 1011: train_loss = 5.1208
2025-06-23 15:34:10.108 | INFO     | __main__:on_train_batch_end:39 - Epoch 0, Step 1012: train_loss = 9.5977
2025-06-23 15:34:10.370 | INFO     | __main__:on_train_batch_end:39 - Epoch 0, Step 1013: train_loss = 3.8503
2025-06-23 15:34:10.630 | INFO     | __main__:on_train_batch_end:39 - Epoch 0, Step 1014: train_loss = 4.4186
2025-06-23 15:34:10.896 | INFO     | __main__:on_train_batch_end:39 - Epoch 0, Step 1015: train_loss = 9.5626
2025-06-23 15:34:11.175 | INFO     | __main__:on_train_batch_end:39 - Epoch 0, Step 1016: train_loss = 7.7677
2025-06-23 15:34:11.439 | INFO     | __main__:on_train_batch_end:39 - Epoch 0, Step 1017: train_loss = 3.7385
2025-06-23 15:34:11.701 | INFO     | __main__:on_train_batch_end:39 - Epoch 0, Step 1018: train_loss = 8.8518
2025-06-23 15:34:11.965 | INFO     | __main__:on_train_batch_end:39 - Epoch 0, Step 1019: train_loss = 18.9515
2025-06-23 15:34:12.226 | INFO     | __main__:on_train_batch_end:39 - Epoch 0, Step 1020: train_loss = 18.0897
2025-06-23 15:34:12.492 | INFO     | __main__:on_train_batch_end:39 - Epoch 0, Step 1021: train_loss = 17.0474
2025-06-23 15:34:12.754 | INFO     | __main__:on_train_batch_end:39 - Epoch 0, Step 1022: train_loss = 14.6570
2025-06-23 15:34:13.018 | INFO     | __main__:on_train_batch_end:39 - Epoch 0, Step 1023: train_loss = 5.4462
2025-06-23 15:34:13.282 | INFO     | __main__:on_train_batch_end:39 - Epoch 0, Step 1024: train_loss = 5.0187
2025-06-23 15:34:13.545 | INFO     | __main__:on_train_batch_end:39 - Epoch 0, Step 1025: train_loss = 6.7143
2025-06-23 15:34:13.807 | INFO     | __main__:on_train_batch_end:39 - Epoch 0, Step 1026: train_loss = 4.5904
2025-06-23 15:34:14.070 | INFO     | __main__:on_train_batch_end:39 - Epoch 0, Step 1027: train_loss = 4.0405
2025-06-23 15:34:14.332 | INFO     | __main__:on_train_batch_end:39 - Epoch 0, Step 1028: train_loss = 4.4267
2025-06-23 15:34:14.594 | INFO     | __main__:on_train_batch_end:39 - Epoch 0, Step 1029: train_loss = 20.6761
2025-06-23 15:34:14.855 | INFO     | __main__:on_train_batch_end:39 - Epoch 0, Step 1030: train_loss = 3.6285
2025-06-23 15:34:15.117 | INFO     | __main__:on_train_batch_end:39 - Epoch 0, Step 1031: train_loss = 9.0657
2025-06-23 15:34:15.386 | INFO     | __main__:on_train_batch_end:39 - Epoch 0, Step 1032: train_loss = 8.2219
2025-06-23 15:34:15.663 | INFO     | __main__:on_train_batch_end:39 - Epoch 0, Step 1033: train_loss = 7.6340
2025-06-23 15:34:15.937 | INFO     | __main__:on_train_batch_end:39 - Epoch 0, Step 1034: train_loss = 6.2299
2025-06-23 15:34:16.199 | INFO     | __main__:on_train_batch_end:39 - Epoch 0, Step 1035: train_loss = 7.2479
2025-06-23 15:34:16.461 | INFO     | __main__:on_train_batch_end:39 - Epoch 0, Step 1036: train_loss = 4.2467
2025-06-23 15:34:16.732 | INFO     | __main__:on_train_batch_end:39 - Epoch 0, Step 1037: train_loss = 10.5080
2025-06-23 15:34:17.006 | INFO     | __main__:on_train_batch_end:39 - Epoch 0, Step 1038: train_loss = 6.8497
2025-06-23 15:34:17.271 | INFO     | __main__:on_train_batch_end:39 - Epoch 0, Step 1039: train_loss = 4.6990
2025-06-23 15:34:17.542 | INFO     | __main__:on_train_batch_end:39 - Epoch 0, Step 1040: train_loss = 3.5813
2025-06-23 15:34:17.818 | INFO     | __main__:on_train_batch_end:39 - Epoch 0, Step 1041: train_loss = 7.3583
2025-06-23 15:34:18.080 | INFO     | __main__:on_train_batch_end:39 - Epoch 0, Step 1042: train_loss = 7.9824
2025-06-23 15:34:18.346 | INFO     | __main__:on_train_batch_end:39 - Epoch 0, Step 1043: train_loss = 8.6185
2025-06-23 15:34:18.617 | INFO     | __main__:on_train_batch_end:39 - Epoch 0, Step 1044: train_loss = 4.2055
2025-06-23 15:34:18.878 | INFO     | __main__:on_train_batch_end:39 - Epoch 0, Step 1045: train_loss = 5.1664
2025-06-23 15:34:19.138 | INFO     | __main__:on_train_batch_end:39 - Epoch 0, Step 1046: train_loss = 5.1805
2025-06-23 15:34:19.399 | INFO     | __main__:on_train_batch_end:39 - Epoch 0, Step 1047: train_loss = 8.3543
2025-06-23 15:34:19.670 | INFO     | __main__:on_train_batch_end:39 - Epoch 0, Step 1048: train_loss = 4.3595
2025-06-23 15:34:19.946 | INFO     | __main__:on_train_batch_end:39 - Epoch 0, Step 1049: train_loss = 9.6196
2025-06-23 15:34:20.326 | INFO     | __main__:on_train_batch_end:39 - Epoch 0, Step 1050: train_loss = 4.2741
2025-06-23 15:34:20.589 | INFO     | __main__:on_train_batch_end:39 - Epoch 0, Step 1051: train_loss = 9.7800
2025-06-23 15:34:20.850 | INFO     | __main__:on_train_batch_end:39 - Epoch 0, Step 1052: train_loss = 8.6055
2025-06-23 15:34:21.124 | INFO     | __main__:on_train_batch_end:39 - Epoch 0, Step 1053: train_loss = 3.9916
2025-06-23 15:34:21.400 | INFO     | __main__:on_train_batch_end:39 - Epoch 0, Step 1054: train_loss = 4.0097
2025-06-23 15:34:21.662 | INFO     | __main__:on_train_batch_end:39 - Epoch 0, Step 1055: train_loss = 5.9294
2025-06-23 15:34:21.922 | INFO     | __main__:on_train_batch_end:39 - Epoch 0, Step 1056: train_loss = 5.8297
2025-06-23 15:34:22.184 | INFO     | __main__:on_train_batch_end:39 - Epoch 0, Step 1057: train_loss = 3.8590
2025-06-23 15:34:22.450 | INFO     | __main__:on_train_batch_end:39 - Epoch 0, Step 1058: train_loss = 4.0269
2025-06-23 15:34:22.724 | INFO     | __main__:on_train_batch_end:39 - Epoch 0, Step 1059: train_loss = 3.6108
2025-06-23 15:34:22.990 | INFO     | __main__:on_train_batch_end:39 - Epoch 0, Step 1060: train_loss = 5.0403
2025-06-23 15:34:23.253 | INFO     | __main__:on_train_batch_end:39 - Epoch 0, Step 1061: train_loss = 3.7090
2025-06-23 15:34:23.528 | INFO     | __main__:on_train_batch_end:39 - Epoch 0, Step 1062: train_loss = 7.0113
2025-06-23 15:34:23.791 | INFO     | __main__:on_train_batch_end:39 - Epoch 0, Step 1063: train_loss = 8.2737
2025-06-23 15:34:24.061 | INFO     | __main__:on_train_batch_end:39 - Epoch 0, Step 1064: train_loss = 3.5730
2025-06-23 15:34:24.330 | INFO     | __main__:on_train_batch_end:39 - Epoch 0, Step 1065: train_loss = 23.3419
2025-06-23 15:34:24.590 | INFO     | __main__:on_train_batch_end:39 - Epoch 0, Step 1066: train_loss = 22.0152
2025-06-23 15:34:24.851 | INFO     | __main__:on_train_batch_end:39 - Epoch 0, Step 1067: train_loss = 9.7059
2025-06-23 15:34:25.122 | INFO     | __main__:on_train_batch_end:39 - Epoch 0, Step 1068: train_loss = 7.8683
2025-06-23 15:34:25.394 | INFO     | __main__:on_train_batch_end:39 - Epoch 0, Step 1069: train_loss = 3.5866
2025-06-23 15:34:25.656 | INFO     | __main__:on_train_batch_end:39 - Epoch 0, Step 1070: train_loss = 7.5256
2025-06-23 15:34:25.921 | INFO     | __main__:on_train_batch_end:39 - Epoch 0, Step 1071: train_loss = 5.7448
2025-06-23 15:34:26.183 | INFO     | __main__:on_train_batch_end:39 - Epoch 0, Step 1072: train_loss = 5.3169
2025-06-23 15:34:26.443 | INFO     | __main__:on_train_batch_end:39 - Epoch 0, Step 1073: train_loss = 6.9970
2025-06-23 15:34:26.702 | INFO     | __main__:on_train_batch_end:39 - Epoch 0, Step 1074: train_loss = 3.6052
2025-06-23 15:34:26.964 | INFO     | __main__:on_train_batch_end:39 - Epoch 0, Step 1075: train_loss = 13.6312
2025-06-23 15:34:27.247 | INFO     | __main__:on_train_batch_end:39 - Epoch 0, Step 1076: train_loss = 6.1260
2025-06-23 15:34:27.510 | INFO     | __main__:on_train_batch_end:39 - Epoch 0, Step 1077: train_loss = 3.9459
2025-06-23 15:34:27.773 | INFO     | __main__:on_train_batch_end:39 - Epoch 0, Step 1078: train_loss = 9.0746
2025-06-23 15:34:28.037 | INFO     | __main__:on_train_batch_end:39 - Epoch 0, Step 1079: train_loss = 4.7249
2025-06-23 15:34:28.300 | INFO     | __main__:on_train_batch_end:39 - Epoch 0, Step 1080: train_loss = 6.4139
2025-06-23 15:34:28.563 | INFO     | __main__:on_train_batch_end:39 - Epoch 0, Step 1081: train_loss = 6.3384
2025-06-23 15:34:28.824 | INFO     | __main__:on_train_batch_end:39 - Epoch 0, Step 1082: train_loss = 13.7701
2025-06-23 15:34:29.085 | INFO     | __main__:on_train_batch_end:39 - Epoch 0, Step 1083: train_loss = 4.5659
2025-06-23 15:34:29.347 | INFO     | __main__:on_train_batch_end:39 - Epoch 0, Step 1084: train_loss = 3.6730
2025-06-23 15:34:29.613 | INFO     | __main__:on_train_batch_end:39 - Epoch 0, Step 1085: train_loss = 11.5513
2025-06-23 15:34:29.891 | INFO     | __main__:on_train_batch_end:39 - Epoch 0, Step 1086: train_loss = 7.5598
2025-06-23 15:34:30.162 | INFO     | __main__:on_train_batch_end:39 - Epoch 0, Step 1087: train_loss = 3.6422
2025-06-23 15:34:30.437 | INFO     | __main__:on_train_batch_end:39 - Epoch 0, Step 1088: train_loss = 3.6490
2025-06-23 15:34:30.708 | INFO     | __main__:on_train_batch_end:39 - Epoch 0, Step 1089: train_loss = 9.0961
2025-06-23 15:34:30.974 | INFO     | __main__:on_train_batch_end:39 - Epoch 0, Step 1090: train_loss = 6.6200
2025-06-23 15:34:31.236 | INFO     | __main__:on_train_batch_end:39 - Epoch 0, Step 1091: train_loss = 12.9712
2025-06-23 15:34:31.499 | INFO     | __main__:on_train_batch_end:39 - Epoch 0, Step 1092: train_loss = 11.6669
2025-06-23 15:34:31.762 | INFO     | __main__:on_train_batch_end:39 - Epoch 0, Step 1093: train_loss = 5.1994
2025-06-23 15:34:32.025 | INFO     | __main__:on_train_batch_end:39 - Epoch 0, Step 1094: train_loss = 4.5441
2025-06-23 15:34:32.289 | INFO     | __main__:on_train_batch_end:39 - Epoch 0, Step 1095: train_loss = 6.8236
2025-06-23 15:34:32.558 | INFO     | __main__:on_train_batch_end:39 - Epoch 0, Step 1096: train_loss = 10.9739
2025-06-23 15:34:32.820 | INFO     | __main__:on_train_batch_end:39 - Epoch 0, Step 1097: train_loss = 3.5070
2025-06-23 15:34:33.087 | INFO     | __main__:on_train_batch_end:39 - Epoch 0, Step 1098: train_loss = 4.0728
2025-06-23 15:34:33.354 | INFO     | __main__:on_train_batch_end:39 - Epoch 0, Step 1099: train_loss = 4.6864
2025-06-23 15:34:33.625 | INFO     | __main__:on_train_batch_end:39 - Epoch 0, Step 1100: train_loss = 3.7088
2025-06-23 15:34:33.892 | INFO     | __main__:on_train_batch_end:39 - Epoch 0, Step 1101: train_loss = 7.4267
2025-06-23 15:34:34.164 | INFO     | __main__:on_train_batch_end:39 - Epoch 0, Step 1102: train_loss = 10.1151
2025-06-23 15:34:34.426 | INFO     | __main__:on_train_batch_end:39 - Epoch 0, Step 1103: train_loss = 3.5798
2025-06-23 15:34:34.688 | INFO     | __main__:on_train_batch_end:39 - Epoch 0, Step 1104: train_loss = 5.4086
2025-06-23 15:34:34.949 | INFO     | __main__:on_train_batch_end:39 - Epoch 0, Step 1105: train_loss = 4.0292
2025-06-23 15:34:35.215 | INFO     | __main__:on_train_batch_end:39 - Epoch 0, Step 1106: train_loss = 11.9242
2025-06-23 15:34:35.488 | INFO     | __main__:on_train_batch_end:39 - Epoch 0, Step 1107: train_loss = 5.2030
2025-06-23 15:34:35.752 | INFO     | __main__:on_train_batch_end:39 - Epoch 0, Step 1108: train_loss = 5.8745
2025-06-23 15:34:36.031 | INFO     | __main__:on_train_batch_end:39 - Epoch 0, Step 1109: train_loss = 15.7575
2025-06-23 15:34:36.312 | INFO     | __main__:on_train_batch_end:39 - Epoch 0, Step 1110: train_loss = 8.4519
2025-06-23 15:34:36.584 | INFO     | __main__:on_train_batch_end:39 - Epoch 0, Step 1111: train_loss = 18.5309
2025-06-23 15:34:36.846 | INFO     | __main__:on_train_batch_end:39 - Epoch 0, Step 1112: train_loss = 10.7551
2025-06-23 15:34:37.116 | INFO     | __main__:on_train_batch_end:39 - Epoch 0, Step 1113: train_loss = 12.2700
2025-06-23 15:34:37.385 | INFO     | __main__:on_train_batch_end:39 - Epoch 0, Step 1114: train_loss = 7.0866
2025-06-23 15:34:37.650 | INFO     | __main__:on_train_batch_end:39 - Epoch 0, Step 1115: train_loss = 9.9572
2025-06-23 15:34:37.926 | INFO     | __main__:on_train_batch_end:39 - Epoch 0, Step 1116: train_loss = 3.8658
2025-06-23 15:34:38.188 | INFO     | __main__:on_train_batch_end:39 - Epoch 0, Step 1117: train_loss = 4.6885
2025-06-23 15:34:38.451 | INFO     | __main__:on_train_batch_end:39 - Epoch 0, Step 1118: train_loss = 3.7888
2025-06-23 15:34:38.715 | INFO     | __main__:on_train_batch_end:39 - Epoch 0, Step 1119: train_loss = 19.9825
2025-06-23 15:34:38.984 | INFO     | __main__:on_train_batch_end:39 - Epoch 0, Step 1120: train_loss = 5.6632
2025-06-23 15:34:39.266 | INFO     | __main__:on_train_batch_end:39 - Epoch 0, Step 1121: train_loss = 3.9117
2025-06-23 15:34:39.539 | INFO     | __main__:on_train_batch_end:39 - Epoch 0, Step 1122: train_loss = 4.1518
2025-06-23 15:34:39.802 | INFO     | __main__:on_train_batch_end:39 - Epoch 0, Step 1123: train_loss = 8.9903
2025-06-23 15:34:40.065 | INFO     | __main__:on_train_batch_end:39 - Epoch 0, Step 1124: train_loss = 17.1206
2025-06-23 15:34:40.329 | INFO     | __main__:on_train_batch_end:39 - Epoch 0, Step 1125: train_loss = 27.4245
2025-06-23 15:34:40.592 | INFO     | __main__:on_train_batch_end:39 - Epoch 0, Step 1126: train_loss = 9.4239
2025-06-23 15:34:40.853 | INFO     | __main__:on_train_batch_end:39 - Epoch 0, Step 1127: train_loss = 19.1515
2025-06-23 15:34:41.114 | INFO     | __main__:on_train_batch_end:39 - Epoch 0, Step 1128: train_loss = 5.8518
2025-06-23 15:34:41.376 | INFO     | __main__:on_train_batch_end:39 - Epoch 0, Step 1129: train_loss = 4.9107
2025-06-23 15:34:41.641 | INFO     | __main__:on_train_batch_end:39 - Epoch 0, Step 1130: train_loss = 4.0476
2025-06-23 15:34:41.904 | INFO     | __main__:on_train_batch_end:39 - Epoch 0, Step 1131: train_loss = 4.0151
2025-06-23 15:34:42.167 | INFO     | __main__:on_train_batch_end:39 - Epoch 0, Step 1132: train_loss = 22.8114
2025-06-23 15:34:42.433 | INFO     | __main__:on_train_batch_end:39 - Epoch 0, Step 1133: train_loss = 7.0863
2025-06-23 15:34:42.697 | INFO     | __main__:on_train_batch_end:39 - Epoch 0, Step 1134: train_loss = 4.2230
2025-06-23 15:34:42.962 | INFO     | __main__:on_train_batch_end:39 - Epoch 0, Step 1135: train_loss = 5.1170
2025-06-23 15:34:43.227 | INFO     | __main__:on_train_batch_end:39 - Epoch 0, Step 1136: train_loss = 26.0708
2025-06-23 15:34:43.490 | INFO     | __main__:on_train_batch_end:39 - Epoch 0, Step 1137: train_loss = 6.2949
2025-06-23 15:34:43.755 | INFO     | __main__:on_train_batch_end:39 - Epoch 0, Step 1138: train_loss = 4.7035
2025-06-23 15:34:44.017 | INFO     | __main__:on_train_batch_end:39 - Epoch 0, Step 1139: train_loss = 5.7401
2025-06-23 15:34:44.283 | INFO     | __main__:on_train_batch_end:39 - Epoch 0, Step 1140: train_loss = 4.0265
2025-06-23 15:34:44.543 | INFO     | __main__:on_train_batch_end:39 - Epoch 0, Step 1141: train_loss = 4.2318
2025-06-23 15:34:44.806 | INFO     | __main__:on_train_batch_end:39 - Epoch 0, Step 1142: train_loss = 14.0966
2025-06-23 15:34:45.071 | INFO     | __main__:on_train_batch_end:39 - Epoch 0, Step 1143: train_loss = 15.7521
2025-06-23 15:34:45.338 | INFO     | __main__:on_train_batch_end:39 - Epoch 0, Step 1144: train_loss = 12.4773
2025-06-23 15:34:45.599 | INFO     | __main__:on_train_batch_end:39 - Epoch 0, Step 1145: train_loss = 4.2808
2025-06-23 15:34:45.862 | INFO     | __main__:on_train_batch_end:39 - Epoch 0, Step 1146: train_loss = 7.5529
2025-06-23 15:34:46.125 | INFO     | __main__:on_train_batch_end:39 - Epoch 0, Step 1147: train_loss = 3.5102
2025-06-23 15:34:46.386 | INFO     | __main__:on_train_batch_end:39 - Epoch 0, Step 1148: train_loss = 6.6716
2025-06-23 15:34:46.648 | INFO     | __main__:on_train_batch_end:39 - Epoch 0, Step 1149: train_loss = 9.9533
2025-06-23 15:34:46.909 | INFO     | __main__:on_train_batch_end:39 - Epoch 0, Step 1150: train_loss = 13.1998
2025-06-23 15:34:47.175 | INFO     | __main__:on_train_batch_end:39 - Epoch 0, Step 1151: train_loss = 5.4978
2025-06-23 15:34:47.441 | INFO     | __main__:on_train_batch_end:39 - Epoch 0, Step 1152: train_loss = 17.2113
2025-06-23 15:34:47.703 | INFO     | __main__:on_train_batch_end:39 - Epoch 0, Step 1153: train_loss = 4.3513
2025-06-23 15:34:47.964 | INFO     | __main__:on_train_batch_end:39 - Epoch 0, Step 1154: train_loss = 3.6905
2025-06-23 15:34:48.226 | INFO     | __main__:on_train_batch_end:39 - Epoch 0, Step 1155: train_loss = 3.8602
2025-06-23 15:34:48.494 | INFO     | __main__:on_train_batch_end:39 - Epoch 0, Step 1156: train_loss = 18.1667
2025-06-23 15:34:48.758 | INFO     | __main__:on_train_batch_end:39 - Epoch 0, Step 1157: train_loss = 20.5834
2025-06-23 15:34:49.020 | INFO     | __main__:on_train_batch_end:39 - Epoch 0, Step 1158: train_loss = 12.9641
2025-06-23 15:34:49.286 | INFO     | __main__:on_train_batch_end:39 - Epoch 0, Step 1159: train_loss = 9.8972
2025-06-23 15:34:49.549 | INFO     | __main__:on_train_batch_end:39 - Epoch 0, Step 1160: train_loss = 3.9928
2025-06-23 15:34:49.814 | INFO     | __main__:on_train_batch_end:39 - Epoch 0, Step 1161: train_loss = 11.5487
2025-06-23 15:34:50.085 | INFO     | __main__:on_train_batch_end:39 - Epoch 0, Step 1162: train_loss = 24.1605
2025-06-23 15:34:50.346 | INFO     | __main__:on_train_batch_end:39 - Epoch 0, Step 1163: train_loss = 3.8755
2025-06-23 15:34:50.607 | INFO     | __main__:on_train_batch_end:39 - Epoch 0, Step 1164: train_loss = 7.3042
2025-06-23 15:34:50.869 | INFO     | __main__:on_train_batch_end:39 - Epoch 0, Step 1165: train_loss = 4.3764
2025-06-23 15:34:51.134 | INFO     | __main__:on_train_batch_end:39 - Epoch 0, Step 1166: train_loss = 24.9579
2025-06-23 15:34:51.403 | INFO     | __main__:on_train_batch_end:39 - Epoch 0, Step 1167: train_loss = 4.1439
2025-06-23 15:34:51.666 | INFO     | __main__:on_train_batch_end:39 - Epoch 0, Step 1168: train_loss = 4.7288
2025-06-23 15:34:51.931 | INFO     | __main__:on_train_batch_end:39 - Epoch 0, Step 1169: train_loss = 23.6025
2025-06-23 15:34:52.194 | INFO     | __main__:on_train_batch_end:39 - Epoch 0, Step 1170: train_loss = 6.7831
2025-06-23 15:34:52.455 | INFO     | __main__:on_train_batch_end:39 - Epoch 0, Step 1171: train_loss = 5.1181
2025-06-23 15:34:52.718 | INFO     | __main__:on_train_batch_end:39 - Epoch 0, Step 1172: train_loss = 5.9463
2025-06-23 15:34:52.982 | INFO     | __main__:on_train_batch_end:39 - Epoch 0, Step 1173: train_loss = 6.3468
2025-06-23 15:34:53.246 | INFO     | __main__:on_train_batch_end:39 - Epoch 0, Step 1174: train_loss = 4.9030
2025-06-23 15:34:53.516 | INFO     | __main__:on_train_batch_end:39 - Epoch 0, Step 1175: train_loss = 6.9291
2025-06-23 15:34:53.780 | INFO     | __main__:on_train_batch_end:39 - Epoch 0, Step 1176: train_loss = 8.8655
2025-06-23 15:34:54.042 | INFO     | __main__:on_train_batch_end:39 - Epoch 0, Step 1177: train_loss = 3.9327
2025-06-23 15:34:54.306 | INFO     | __main__:on_train_batch_end:39 - Epoch 0, Step 1178: train_loss = 6.1275
2025-06-23 15:34:54.568 | INFO     | __main__:on_train_batch_end:39 - Epoch 0, Step 1179: train_loss = 28.8530
2025-06-23 15:34:54.828 | INFO     | __main__:on_train_batch_end:39 - Epoch 0, Step 1180: train_loss = 5.3892
2025-06-23 15:34:55.091 | INFO     | __main__:on_train_batch_end:39 - Epoch 0, Step 1181: train_loss = 16.2154
2025-06-23 15:34:55.352 | INFO     | __main__:on_train_batch_end:39 - Epoch 0, Step 1182: train_loss = 6.5985
2025-06-23 15:34:55.614 | INFO     | __main__:on_train_batch_end:39 - Epoch 0, Step 1183: train_loss = 8.2631
2025-06-23 15:34:55.879 | INFO     | __main__:on_train_batch_end:39 - Epoch 0, Step 1184: train_loss = 7.9186
2025-06-23 15:34:56.142 | INFO     | __main__:on_train_batch_end:39 - Epoch 0, Step 1185: train_loss = 11.5858
2025-06-23 15:34:56.402 | INFO     | __main__:on_train_batch_end:39 - Epoch 0, Step 1186: train_loss = 9.7755
2025-06-23 15:34:56.668 | INFO     | __main__:on_train_batch_end:39 - Epoch 0, Step 1187: train_loss = 4.7562
2025-06-23 15:34:56.933 | INFO     | __main__:on_train_batch_end:39 - Epoch 0, Step 1188: train_loss = 25.6688
2025-06-23 15:34:57.200 | INFO     | __main__:on_train_batch_end:39 - Epoch 0, Step 1189: train_loss = 14.7513
2025-06-23 15:34:57.463 | INFO     | __main__:on_train_batch_end:39 - Epoch 0, Step 1190: train_loss = 6.0910
2025-06-23 15:34:57.724 | INFO     | __main__:on_train_batch_end:39 - Epoch 0, Step 1191: train_loss = 27.3532
2025-06-23 15:34:57.988 | INFO     | __main__:on_train_batch_end:39 - Epoch 0, Step 1192: train_loss = 7.4619
2025-06-23 15:34:58.253 | INFO     | __main__:on_train_batch_end:39 - Epoch 0, Step 1193: train_loss = 12.6882
2025-06-23 15:34:58.516 | INFO     | __main__:on_train_batch_end:39 - Epoch 0, Step 1194: train_loss = 4.1458
2025-06-23 15:34:58.781 | INFO     | __main__:on_train_batch_end:39 - Epoch 0, Step 1195: train_loss = 11.7188
2025-06-23 15:34:59.046 | INFO     | __main__:on_train_batch_end:39 - Epoch 0, Step 1196: train_loss = 5.8872
2025-06-23 15:34:59.328 | INFO     | __main__:on_train_batch_end:39 - Epoch 0, Step 1197: train_loss = 9.9953
2025-06-23 15:34:59.596 | INFO     | __main__:on_train_batch_end:39 - Epoch 0, Step 1198: train_loss = 12.0846
2025-06-23 15:34:59.860 | INFO     | __main__:on_train_batch_end:39 - Epoch 0, Step 1199: train_loss = 8.7552
2025-06-23 15:35:00.123 | INFO     | __main__:on_train_batch_end:39 - Epoch 0, Step 1200: train_loss = 5.3871
2025-06-23 15:35:00.392 | INFO     | __main__:on_train_batch_end:39 - Epoch 0, Step 1201: train_loss = 4.9222
2025-06-23 15:35:00.654 | INFO     | __main__:on_train_batch_end:39 - Epoch 0, Step 1202: train_loss = 6.0051
2025-06-23 15:35:00.921 | INFO     | __main__:on_train_batch_end:39 - Epoch 0, Step 1203: train_loss = 3.6402
2025-06-23 15:35:01.185 | INFO     | __main__:on_train_batch_end:39 - Epoch 0, Step 1204: train_loss = 3.7917
2025-06-23 15:35:01.446 | INFO     | __main__:on_train_batch_end:39 - Epoch 0, Step 1205: train_loss = 4.1936
2025-06-23 15:35:01.707 | INFO     | __main__:on_train_batch_end:39 - Epoch 0, Step 1206: train_loss = 15.2041
2025-06-23 15:35:01.971 | INFO     | __main__:on_train_batch_end:39 - Epoch 0, Step 1207: train_loss = 4.3528
2025-06-23 15:35:02.234 | INFO     | __main__:on_train_batch_end:39 - Epoch 0, Step 1208: train_loss = 16.0035
2025-06-23 15:35:02.495 | INFO     | __main__:on_train_batch_end:39 - Epoch 0, Step 1209: train_loss = 3.9948
2025-06-23 15:35:02.756 | INFO     | __main__:on_train_batch_end:39 - Epoch 0, Step 1210: train_loss = 3.8025
2025-06-23 15:35:03.018 | INFO     | __main__:on_train_batch_end:39 - Epoch 0, Step 1211: train_loss = 4.4685
2025-06-23 15:35:03.284 | INFO     | __main__:on_train_batch_end:39 - Epoch 0, Step 1212: train_loss = 8.7014
2025-06-23 15:35:03.547 | INFO     | __main__:on_train_batch_end:39 - Epoch 0, Step 1213: train_loss = 4.1247
2025-06-23 15:35:03.808 | INFO     | __main__:on_train_batch_end:39 - Epoch 0, Step 1214: train_loss = 10.6283
2025-06-23 15:35:04.074 | INFO     | __main__:on_train_batch_end:39 - Epoch 0, Step 1215: train_loss = 5.9616
2025-06-23 15:35:04.336 | INFO     | __main__:on_train_batch_end:39 - Epoch 0, Step 1216: train_loss = 6.8933
2025-06-23 15:35:04.598 | INFO     | __main__:on_train_batch_end:39 - Epoch 0, Step 1217: train_loss = 6.5383
2025-06-23 15:35:04.859 | INFO     | __main__:on_train_batch_end:39 - Epoch 0, Step 1218: train_loss = 18.5516
2025-06-23 15:35:05.122 | INFO     | __main__:on_train_batch_end:39 - Epoch 0, Step 1219: train_loss = 25.3404
2025-06-23 15:35:05.385 | INFO     | __main__:on_train_batch_end:39 - Epoch 0, Step 1220: train_loss = 11.7405
2025-06-23 15:35:05.651 | INFO     | __main__:on_train_batch_end:39 - Epoch 0, Step 1221: train_loss = 20.4209
2025-06-23 15:35:06.009 | INFO     | __main__:on_train_batch_end:39 - Epoch 0, Step 1222: train_loss = 6.2784
2025-06-23 15:35:06.275 | INFO     | __main__:on_train_batch_end:39 - Epoch 0, Step 1223: train_loss = 4.6019
2025-06-23 15:35:06.535 | INFO     | __main__:on_train_batch_end:39 - Epoch 0, Step 1224: train_loss = 5.9545
2025-06-23 15:35:06.798 | INFO     | __main__:on_train_batch_end:39 - Epoch 0, Step 1225: train_loss = 4.6953
2025-06-23 15:35:07.062 | INFO     | __main__:on_train_batch_end:39 - Epoch 0, Step 1226: train_loss = 5.4998
2025-06-23 15:35:07.325 | INFO     | __main__:on_train_batch_end:39 - Epoch 0, Step 1227: train_loss = 11.5956
2025-06-23 15:35:07.589 | INFO     | __main__:on_train_batch_end:39 - Epoch 0, Step 1228: train_loss = 15.2278
2025-06-23 15:35:07.854 | INFO     | __main__:on_train_batch_end:39 - Epoch 0, Step 1229: train_loss = 16.4370
2025-06-23 15:35:08.116 | INFO     | __main__:on_train_batch_end:39 - Epoch 0, Step 1230: train_loss = 17.0902
2025-06-23 15:35:08.377 | INFO     | __main__:on_train_batch_end:39 - Epoch 0, Step 1231: train_loss = 6.2691
2025-06-23 15:35:08.640 | INFO     | __main__:on_train_batch_end:39 - Epoch 0, Step 1232: train_loss = 29.1534
2025-06-23 15:35:08.901 | INFO     | __main__:on_train_batch_end:39 - Epoch 0, Step 1233: train_loss = 3.9868
2025-06-23 15:35:09.162 | INFO     | __main__:on_train_batch_end:39 - Epoch 0, Step 1234: train_loss = 4.9355
2025-06-23 15:35:09.428 | INFO     | __main__:on_train_batch_end:39 - Epoch 0, Step 1235: train_loss = 4.5965
2025-06-23 15:35:09.691 | INFO     | __main__:on_train_batch_end:39 - Epoch 0, Step 1236: train_loss = 5.5443
2025-06-23 15:35:09.952 | INFO     | __main__:on_train_batch_end:39 - Epoch 0, Step 1237: train_loss = 4.6241
2025-06-23 15:35:10.217 | INFO     | __main__:on_train_batch_end:39 - Epoch 0, Step 1238: train_loss = 20.7892
2025-06-23 15:35:10.480 | INFO     | __main__:on_train_batch_end:39 - Epoch 0, Step 1239: train_loss = 6.7707
2025-06-23 15:35:10.745 | INFO     | __main__:on_train_batch_end:39 - Epoch 0, Step 1240: train_loss = 5.1510
2025-06-23 15:35:11.008 | INFO     | __main__:on_train_batch_end:39 - Epoch 0, Step 1241: train_loss = 3.9692
2025-06-23 15:35:11.269 | INFO     | __main__:on_train_batch_end:39 - Epoch 0, Step 1242: train_loss = 7.2011
2025-06-23 15:35:11.530 | INFO     | __main__:on_train_batch_end:39 - Epoch 0, Step 1243: train_loss = 6.0141
2025-06-23 15:35:11.792 | INFO     | __main__:on_train_batch_end:39 - Epoch 0, Step 1244: train_loss = 13.0569
2025-06-23 15:35:12.054 | INFO     | __main__:on_train_batch_end:39 - Epoch 0, Step 1245: train_loss = 11.5945
2025-06-23 15:35:12.321 | INFO     | __main__:on_train_batch_end:39 - Epoch 0, Step 1246: train_loss = 4.0667
2025-06-23 15:35:12.584 | INFO     | __main__:on_train_batch_end:39 - Epoch 0, Step 1247: train_loss = 18.3347
2025-06-23 15:35:12.846 | INFO     | __main__:on_train_batch_end:39 - Epoch 0, Step 1248: train_loss = 17.6741
2025-06-23 15:35:13.112 | INFO     | __main__:on_train_batch_end:39 - Epoch 0, Step 1249: train_loss = 16.4489
2025-06-23 15:35:13.374 | INFO     | __main__:on_train_batch_end:39 - Epoch 0, Step 1250: train_loss = 5.6516
2025-06-23 15:35:13.641 | INFO     | __main__:on_train_batch_end:39 - Epoch 0, Step 1251: train_loss = 4.3887
2025-06-23 15:35:13.906 | INFO     | __main__:on_train_batch_end:39 - Epoch 0, Step 1252: train_loss = 5.4388
2025-06-23 15:35:14.166 | INFO     | __main__:on_train_batch_end:39 - Epoch 0, Step 1253: train_loss = 4.2858
2025-06-23 15:35:14.428 | INFO     | __main__:on_train_batch_end:39 - Epoch 0, Step 1254: train_loss = 4.6796
2025-06-23 15:35:14.689 | INFO     | __main__:on_train_batch_end:39 - Epoch 0, Step 1255: train_loss = 3.8172
2025-06-23 15:35:14.952 | INFO     | __main__:on_train_batch_end:39 - Epoch 0, Step 1256: train_loss = 5.0260
2025-06-23 15:35:15.213 | INFO     | __main__:on_train_batch_end:39 - Epoch 0, Step 1257: train_loss = 4.7270
2025-06-23 15:35:15.477 | INFO     | __main__:on_train_batch_end:39 - Epoch 0, Step 1258: train_loss = 8.9356
2025-06-23 15:35:15.739 | INFO     | __main__:on_train_batch_end:39 - Epoch 0, Step 1259: train_loss = 5.8615
2025-06-23 15:35:16.004 | INFO     | __main__:on_train_batch_end:39 - Epoch 0, Step 1260: train_loss = 9.7354
2025-06-23 15:35:16.264 | INFO     | __main__:on_train_batch_end:39 - Epoch 0, Step 1261: train_loss = 3.5516
2025-06-23 15:35:16.527 | INFO     | __main__:on_train_batch_end:39 - Epoch 0, Step 1262: train_loss = 19.1924
2025-06-23 15:35:16.789 | INFO     | __main__:on_train_batch_end:39 - Epoch 0, Step 1263: train_loss = 8.2020
2025-06-23 15:35:17.050 | INFO     | __main__:on_train_batch_end:39 - Epoch 0, Step 1264: train_loss = 6.8832
2025-06-23 15:35:17.311 | INFO     | __main__:on_train_batch_end:39 - Epoch 0, Step 1265: train_loss = 3.9651
2025-06-23 15:35:17.581 | INFO     | __main__:on_train_batch_end:39 - Epoch 0, Step 1266: train_loss = 5.0850
2025-06-23 15:35:17.841 | INFO     | __main__:on_train_batch_end:39 - Epoch 0, Step 1267: train_loss = 16.3496
2025-06-23 15:35:18.107 | INFO     | __main__:on_train_batch_end:39 - Epoch 0, Step 1268: train_loss = 20.9600
2025-06-23 15:35:18.373 | INFO     | __main__:on_train_batch_end:39 - Epoch 0, Step 1269: train_loss = 4.9015
2025-06-23 15:35:18.634 | INFO     | __main__:on_train_batch_end:39 - Epoch 0, Step 1270: train_loss = 5.7539
2025-06-23 15:35:18.902 | INFO     | __main__:on_train_batch_end:39 - Epoch 0, Step 1271: train_loss = 5.7941
2025-06-23 15:35:19.165 | INFO     | __main__:on_train_batch_end:39 - Epoch 0, Step 1272: train_loss = 11.3278
2025-06-23 15:35:19.425 | INFO     | __main__:on_train_batch_end:39 - Epoch 0, Step 1273: train_loss = 7.4458
2025-06-23 15:35:19.689 | INFO     | __main__:on_train_batch_end:39 - Epoch 0, Step 1274: train_loss = 6.4579
2025-06-23 15:35:19.951 | INFO     | __main__:on_train_batch_end:39 - Epoch 0, Step 1275: train_loss = 24.7281
2025-06-23 15:35:20.217 | INFO     | __main__:on_train_batch_end:39 - Epoch 0, Step 1276: train_loss = 19.8034
2025-06-23 15:35:20.478 | INFO     | __main__:on_train_batch_end:39 - Epoch 0, Step 1277: train_loss = 26.5262
2025-06-23 15:35:20.740 | INFO     | __main__:on_train_batch_end:39 - Epoch 0, Step 1278: train_loss = 19.8495
2025-06-23 15:35:21.002 | INFO     | __main__:on_train_batch_end:39 - Epoch 0, Step 1279: train_loss = 4.4721
2025-06-23 15:35:21.268 | INFO     | __main__:on_train_batch_end:39 - Epoch 0, Step 1280: train_loss = 6.6841
2025-06-23 15:35:21.531 | INFO     | __main__:on_train_batch_end:39 - Epoch 0, Step 1281: train_loss = 4.7187
2025-06-23 15:35:21.792 | INFO     | __main__:on_train_batch_end:39 - Epoch 0, Step 1282: train_loss = 3.8841
2025-06-23 15:35:22.056 | INFO     | __main__:on_train_batch_end:39 - Epoch 0, Step 1283: train_loss = 9.1757
2025-06-23 15:35:22.320 | INFO     | __main__:on_train_batch_end:39 - Epoch 0, Step 1284: train_loss = 19.5987
2025-06-23 15:35:22.582 | INFO     | __main__:on_train_batch_end:39 - Epoch 0, Step 1285: train_loss = 17.2508
2025-06-23 15:35:22.845 | INFO     | __main__:on_train_batch_end:39 - Epoch 0, Step 1286: train_loss = 4.3390
2025-06-23 15:35:23.106 | INFO     | __main__:on_train_batch_end:39 - Epoch 0, Step 1287: train_loss = 10.7863
2025-06-23 15:35:23.368 | INFO     | __main__:on_train_batch_end:39 - Epoch 0, Step 1288: train_loss = 16.6564
2025-06-23 15:35:23.630 | INFO     | __main__:on_train_batch_end:39 - Epoch 0, Step 1289: train_loss = 8.4325
2025-06-23 15:35:23.890 | INFO     | __main__:on_train_batch_end:39 - Epoch 0, Step 1290: train_loss = 7.0327
2025-06-23 15:35:24.153 | INFO     | __main__:on_train_batch_end:39 - Epoch 0, Step 1291: train_loss = 15.9301
2025-06-23 15:35:24.420 | INFO     | __main__:on_train_batch_end:39 - Epoch 0, Step 1292: train_loss = 3.9439
2025-06-23 15:35:24.680 | INFO     | __main__:on_train_batch_end:39 - Epoch 0, Step 1293: train_loss = 5.3041
2025-06-23 15:35:24.941 | INFO     | __main__:on_train_batch_end:39 - Epoch 0, Step 1294: train_loss = 4.8771
2025-06-23 15:35:25.201 | INFO     | __main__:on_train_batch_end:39 - Epoch 0, Step 1295: train_loss = 3.9136
2025-06-23 15:35:25.465 | INFO     | __main__:on_train_batch_end:39 - Epoch 0, Step 1296: train_loss = 15.6232
2025-06-23 15:35:25.726 | INFO     | __main__:on_train_batch_end:39 - Epoch 0, Step 1297: train_loss = 4.1540
2025-06-23 15:35:25.986 | INFO     | __main__:on_train_batch_end:39 - Epoch 0, Step 1298: train_loss = 4.8409
2025-06-23 15:35:26.248 | INFO     | __main__:on_train_batch_end:39 - Epoch 0, Step 1299: train_loss = 8.6636
2025-06-23 15:35:26.512 | INFO     | __main__:on_train_batch_end:39 - Epoch 0, Step 1300: train_loss = 4.9027
2025-06-23 15:35:26.774 | INFO     | __main__:on_train_batch_end:39 - Epoch 0, Step 1301: train_loss = 4.0521
2025-06-23 15:35:27.035 | INFO     | __main__:on_train_batch_end:39 - Epoch 0, Step 1302: train_loss = 3.5477
2025-06-23 15:35:27.302 | INFO     | __main__:on_train_batch_end:39 - Epoch 0, Step 1303: train_loss = 5.8129
2025-06-23 15:35:27.563 | INFO     | __main__:on_train_batch_end:39 - Epoch 0, Step 1304: train_loss = 4.2284
2025-06-23 15:35:27.827 | INFO     | __main__:on_train_batch_end:39 - Epoch 0, Step 1305: train_loss = 11.5123
2025-06-23 15:35:28.086 | INFO     | __main__:on_train_batch_end:39 - Epoch 0, Step 1306: train_loss = 10.6029
2025-06-23 15:35:28.346 | INFO     | __main__:on_train_batch_end:39 - Epoch 0, Step 1307: train_loss = 4.0679
2025-06-23 15:35:28.608 | INFO     | __main__:on_train_batch_end:39 - Epoch 0, Step 1308: train_loss = 3.6703
2025-06-23 15:35:28.871 | INFO     | __main__:on_train_batch_end:39 - Epoch 0, Step 1309: train_loss = 23.7138
2025-06-23 15:35:29.133 | INFO     | __main__:on_train_batch_end:39 - Epoch 0, Step 1310: train_loss = 5.9116
2025-06-23 15:35:29.394 | INFO     | __main__:on_train_batch_end:39 - Epoch 0, Step 1311: train_loss = 6.9821
2025-06-23 15:35:29.655 | INFO     | __main__:on_train_batch_end:39 - Epoch 0, Step 1312: train_loss = 27.3936
2025-06-23 15:35:29.919 | INFO     | __main__:on_train_batch_end:39 - Epoch 0, Step 1313: train_loss = 14.5341
2025-06-23 15:35:30.180 | INFO     | __main__:on_train_batch_end:39 - Epoch 0, Step 1314: train_loss = 17.9253
2025-06-23 15:35:30.442 | INFO     | __main__:on_train_batch_end:39 - Epoch 0, Step 1315: train_loss = 7.8104
2025-06-23 15:35:30.705 | INFO     | __main__:on_train_batch_end:39 - Epoch 0, Step 1316: train_loss = 29.1668
2025-06-23 15:35:30.967 | INFO     | __main__:on_train_batch_end:39 - Epoch 0, Step 1317: train_loss = 5.1016
2025-06-23 15:35:31.228 | INFO     | __main__:on_train_batch_end:39 - Epoch 0, Step 1318: train_loss = 3.6302
2025-06-23 15:35:31.490 | INFO     | __main__:on_train_batch_end:39 - Epoch 0, Step 1319: train_loss = 11.1709
2025-06-23 15:35:31.756 | INFO     | __main__:on_train_batch_end:39 - Epoch 0, Step 1320: train_loss = 4.6227
2025-06-23 15:35:32.020 | INFO     | __main__:on_train_batch_end:39 - Epoch 0, Step 1321: train_loss = 6.2330
2025-06-23 15:35:32.299 | INFO     | __main__:on_train_batch_end:39 - Epoch 0, Step 1322: train_loss = 6.8156
2025-06-23 15:35:32.560 | INFO     | __main__:on_train_batch_end:39 - Epoch 0, Step 1323: train_loss = 14.3465
2025-06-23 15:35:32.823 | INFO     | __main__:on_train_batch_end:39 - Epoch 0, Step 1324: train_loss = 4.3676
2025-06-23 15:35:33.086 | INFO     | __main__:on_train_batch_end:39 - Epoch 0, Step 1325: train_loss = 4.0479
2025-06-23 15:35:33.352 | INFO     | __main__:on_train_batch_end:39 - Epoch 0, Step 1326: train_loss = 6.1293
2025-06-23 15:35:33.615 | INFO     | __main__:on_train_batch_end:39 - Epoch 0, Step 1327: train_loss = 7.8154
2025-06-23 15:35:33.876 | INFO     | __main__:on_train_batch_end:39 - Epoch 0, Step 1328: train_loss = 3.6959
2025-06-23 15:35:34.137 | INFO     | __main__:on_train_batch_end:39 - Epoch 0, Step 1329: train_loss = 4.2395
2025-06-23 15:35:34.398 | INFO     | __main__:on_train_batch_end:39 - Epoch 0, Step 1330: train_loss = 7.0408
2025-06-23 15:35:34.661 | INFO     | __main__:on_train_batch_end:39 - Epoch 0, Step 1331: train_loss = 7.5542
2025-06-23 15:35:34.922 | INFO     | __main__:on_train_batch_end:39 - Epoch 0, Step 1332: train_loss = 9.0068
2025-06-23 15:35:35.182 | INFO     | __main__:on_train_batch_end:39 - Epoch 0, Step 1333: train_loss = 11.6365
2025-06-23 15:35:35.442 | INFO     | __main__:on_train_batch_end:39 - Epoch 0, Step 1334: train_loss = 8.7198
2025-06-23 15:35:35.703 | INFO     | __main__:on_train_batch_end:39 - Epoch 0, Step 1335: train_loss = 5.3465
2025-06-23 15:35:35.965 | INFO     | __main__:on_train_batch_end:39 - Epoch 0, Step 1336: train_loss = 20.9965
2025-06-23 15:35:36.235 | INFO     | __main__:on_train_batch_end:39 - Epoch 0, Step 1337: train_loss = 5.2993
2025-06-23 15:35:36.503 | INFO     | __main__:on_train_batch_end:39 - Epoch 0, Step 1338: train_loss = 16.7827
2025-06-23 15:35:36.765 | INFO     | __main__:on_train_batch_end:39 - Epoch 0, Step 1339: train_loss = 3.7564
2025-06-23 15:35:37.026 | INFO     | __main__:on_train_batch_end:39 - Epoch 0, Step 1340: train_loss = 5.5016
2025-06-23 15:35:37.288 | INFO     | __main__:on_train_batch_end:39 - Epoch 0, Step 1341: train_loss = 12.8189
2025-06-23 15:35:37.550 | INFO     | __main__:on_train_batch_end:39 - Epoch 0, Step 1342: train_loss = 5.1439
2025-06-23 15:35:37.814 | INFO     | __main__:on_train_batch_end:39 - Epoch 0, Step 1343: train_loss = 24.5580
2025-06-23 15:35:38.074 | INFO     | __main__:on_train_batch_end:39 - Epoch 0, Step 1344: train_loss = 4.7109
2025-06-23 15:35:38.335 | INFO     | __main__:on_train_batch_end:39 - Epoch 0, Step 1345: train_loss = 3.6172
2025-06-23 15:35:38.597 | INFO     | __main__:on_train_batch_end:39 - Epoch 0, Step 1346: train_loss = 8.2056
2025-06-23 15:35:38.859 | INFO     | __main__:on_train_batch_end:39 - Epoch 0, Step 1347: train_loss = 10.2507
2025-06-23 15:35:39.120 | INFO     | __main__:on_train_batch_end:39 - Epoch 0, Step 1348: train_loss = 4.6830
2025-06-23 15:35:39.387 | INFO     | __main__:on_train_batch_end:39 - Epoch 0, Step 1349: train_loss = 7.2099
2025-06-23 15:35:39.648 | INFO     | __main__:on_train_batch_end:39 - Epoch 0, Step 1350: train_loss = 3.5955
2025-06-23 15:35:39.913 | INFO     | __main__:on_train_batch_end:39 - Epoch 0, Step 1351: train_loss = 5.9005
2025-06-23 15:35:40.174 | INFO     | __main__:on_train_batch_end:39 - Epoch 0, Step 1352: train_loss = 3.9042
2025-06-23 15:35:40.438 | INFO     | __main__:on_train_batch_end:39 - Epoch 0, Step 1353: train_loss = 6.8801
2025-06-23 15:35:40.699 | INFO     | __main__:on_train_batch_end:39 - Epoch 0, Step 1354: train_loss = 5.9696
2025-06-23 15:35:40.962 | INFO     | __main__:on_train_batch_end:39 - Epoch 0, Step 1355: train_loss = 16.0080
2025-06-23 15:35:41.226 | INFO     | __main__:on_train_batch_end:39 - Epoch 0, Step 1356: train_loss = 5.6190
2025-06-23 15:35:41.488 | INFO     | __main__:on_train_batch_end:39 - Epoch 0, Step 1357: train_loss = 11.1723
2025-06-23 15:35:41.749 | INFO     | __main__:on_train_batch_end:39 - Epoch 0, Step 1358: train_loss = 7.3299
2025-06-23 15:35:42.015 | INFO     | __main__:on_train_batch_end:39 - Epoch 0, Step 1359: train_loss = 16.1716
2025-06-23 15:35:42.283 | INFO     | __main__:on_train_batch_end:39 - Epoch 0, Step 1360: train_loss = 12.9808
2025-06-23 15:35:42.546 | INFO     | __main__:on_train_batch_end:39 - Epoch 0, Step 1361: train_loss = 4.3056
2025-06-23 15:35:42.809 | INFO     | __main__:on_train_batch_end:39 - Epoch 0, Step 1362: train_loss = 7.2764
2025-06-23 15:35:43.075 | INFO     | __main__:on_train_batch_end:39 - Epoch 0, Step 1363: train_loss = 6.1933
2025-06-23 15:35:43.338 | INFO     | __main__:on_train_batch_end:39 - Epoch 0, Step 1364: train_loss = 5.3838
2025-06-23 15:35:43.599 | INFO     | __main__:on_train_batch_end:39 - Epoch 0, Step 1365: train_loss = 7.9290
2025-06-23 15:35:43.861 | INFO     | __main__:on_train_batch_end:39 - Epoch 0, Step 1366: train_loss = 5.2803
2025-06-23 15:35:44.126 | INFO     | __main__:on_train_batch_end:39 - Epoch 0, Step 1367: train_loss = 19.3124
2025-06-23 15:35:44.387 | INFO     | __main__:on_train_batch_end:39 - Epoch 0, Step 1368: train_loss = 3.9924
2025-06-23 15:35:44.649 | INFO     | __main__:on_train_batch_end:39 - Epoch 0, Step 1369: train_loss = 6.5444
2025-06-23 15:35:44.911 | INFO     | __main__:on_train_batch_end:39 - Epoch 0, Step 1370: train_loss = 3.7895
2025-06-23 15:35:45.189 | INFO     | __main__:on_train_batch_end:39 - Epoch 0, Step 1371: train_loss = 6.9633
2025-06-23 15:35:45.453 | INFO     | __main__:on_train_batch_end:39 - Epoch 0, Step 1372: train_loss = 4.2081
2025-06-23 15:35:45.713 | INFO     | __main__:on_train_batch_end:39 - Epoch 0, Step 1373: train_loss = 3.8806
2025-06-23 15:35:45.974 | INFO     | __main__:on_train_batch_end:39 - Epoch 0, Step 1374: train_loss = 3.7161
2025-06-23 15:35:46.238 | INFO     | __main__:on_train_batch_end:39 - Epoch 0, Step 1375: train_loss = 19.6895
2025-06-23 15:35:46.501 | INFO     | __main__:on_train_batch_end:39 - Epoch 0, Step 1376: train_loss = 10.4604
2025-06-23 15:35:46.762 | INFO     | __main__:on_train_batch_end:39 - Epoch 0, Step 1377: train_loss = 5.5740
2025-06-23 15:35:47.022 | INFO     | __main__:on_train_batch_end:39 - Epoch 0, Step 1378: train_loss = 5.0137
2025-06-23 15:35:47.287 | INFO     | __main__:on_train_batch_end:39 - Epoch 0, Step 1379: train_loss = 12.2105
2025-06-23 15:35:47.548 | INFO     | __main__:on_train_batch_end:39 - Epoch 0, Step 1380: train_loss = 5.5757
2025-06-23 15:35:47.811 | INFO     | __main__:on_train_batch_end:39 - Epoch 0, Step 1381: train_loss = 8.9934
2025-06-23 15:35:48.072 | INFO     | __main__:on_train_batch_end:39 - Epoch 0, Step 1382: train_loss = 3.6430
2025-06-23 15:35:48.339 | INFO     | __main__:on_train_batch_end:39 - Epoch 0, Step 1383: train_loss = 5.2244
2025-06-23 15:35:48.600 | INFO     | __main__:on_train_batch_end:39 - Epoch 0, Step 1384: train_loss = 21.6261
2025-06-23 15:35:48.864 | INFO     | __main__:on_train_batch_end:39 - Epoch 0, Step 1385: train_loss = 23.0086
2025-06-23 15:35:49.126 | INFO     | __main__:on_train_batch_end:39 - Epoch 0, Step 1386: train_loss = 5.0854
2025-06-23 15:35:49.387 | INFO     | __main__:on_train_batch_end:39 - Epoch 0, Step 1387: train_loss = 6.1872
2025-06-23 15:35:49.647 | INFO     | __main__:on_train_batch_end:39 - Epoch 0, Step 1388: train_loss = 3.5646
2025-06-23 15:35:49.907 | INFO     | __main__:on_train_batch_end:39 - Epoch 0, Step 1389: train_loss = 3.9840
2025-06-23 15:35:50.168 | INFO     | __main__:on_train_batch_end:39 - Epoch 0, Step 1390: train_loss = 3.9559
2025-06-23 15:35:50.432 | INFO     | __main__:on_train_batch_end:39 - Epoch 0, Step 1391: train_loss = 27.5442
2025-06-23 15:35:50.696 | INFO     | __main__:on_train_batch_end:39 - Epoch 0, Step 1392: train_loss = 23.2085
2025-06-23 15:35:50.957 | INFO     | __main__:on_train_batch_end:39 - Epoch 0, Step 1393: train_loss = 10.3161
2025-06-23 15:35:51.326 | INFO     | __main__:on_train_batch_end:39 - Epoch 0, Step 1394: train_loss = 8.3451
2025-06-23 15:35:51.586 | INFO     | __main__:on_train_batch_end:39 - Epoch 0, Step 1395: train_loss = 5.4002
2025-06-23 15:35:51.848 | INFO     | __main__:on_train_batch_end:39 - Epoch 0, Step 1396: train_loss = 10.1309
2025-06-23 15:35:52.109 | INFO     | __main__:on_train_batch_end:39 - Epoch 0, Step 1397: train_loss = 6.3322
2025-06-23 15:35:52.368 | INFO     | __main__:on_train_batch_end:39 - Epoch 0, Step 1398: train_loss = 8.2751
2025-06-23 15:35:52.633 | INFO     | __main__:on_train_batch_end:39 - Epoch 0, Step 1399: train_loss = 6.9447
2025-06-23 15:35:52.893 | INFO     | __main__:on_train_batch_end:39 - Epoch 0, Step 1400: train_loss = 3.8832
2025-06-23 15:35:53.155 | INFO     | __main__:on_train_batch_end:39 - Epoch 0, Step 1401: train_loss = 20.4829
2025-06-23 15:35:53.418 | INFO     | __main__:on_train_batch_end:39 - Epoch 0, Step 1402: train_loss = 3.5943
2025-06-23 15:35:53.679 | INFO     | __main__:on_train_batch_end:39 - Epoch 0, Step 1403: train_loss = 3.8335
2025-06-23 15:35:53.940 | INFO     | __main__:on_train_batch_end:39 - Epoch 0, Step 1404: train_loss = 4.3564
2025-06-23 15:35:54.201 | INFO     | __main__:on_train_batch_end:39 - Epoch 0, Step 1405: train_loss = 3.7153
2025-06-23 15:35:54.466 | INFO     | __main__:on_train_batch_end:39 - Epoch 0, Step 1406: train_loss = 3.8451
2025-06-23 15:35:54.727 | INFO     | __main__:on_train_batch_end:39 - Epoch 0, Step 1407: train_loss = 4.2917
2025-06-23 15:35:54.988 | INFO     | __main__:on_train_batch_end:39 - Epoch 0, Step 1408: train_loss = 4.1251
2025-06-23 15:35:55.251 | INFO     | __main__:on_train_batch_end:39 - Epoch 0, Step 1409: train_loss = 10.1925
2025-06-23 15:35:55.515 | INFO     | __main__:on_train_batch_end:39 - Epoch 0, Step 1410: train_loss = 6.5025
2025-06-23 15:35:55.780 | INFO     | __main__:on_train_batch_end:39 - Epoch 0, Step 1411: train_loss = 6.2996
2025-06-23 15:35:56.040 | INFO     | __main__:on_train_batch_end:39 - Epoch 0, Step 1412: train_loss = 5.2298
2025-06-23 15:35:56.302 | INFO     | __main__:on_train_batch_end:39 - Epoch 0, Step 1413: train_loss = 19.8984
2025-06-23 15:35:56.563 | INFO     | __main__:on_train_batch_end:39 - Epoch 0, Step 1414: train_loss = 3.8390
2025-06-23 15:35:56.824 | INFO     | __main__:on_train_batch_end:39 - Epoch 0, Step 1415: train_loss = 15.1623
2025-06-23 15:35:57.084 | INFO     | __main__:on_train_batch_end:39 - Epoch 0, Step 1416: train_loss = 11.2526
2025-06-23 15:35:57.366 | INFO     | __main__:on_train_batch_end:39 - Epoch 0, Step 1417: train_loss = 3.7440
2025-06-23 15:35:57.629 | INFO     | __main__:on_train_batch_end:39 - Epoch 0, Step 1418: train_loss = 6.3249
2025-06-23 15:35:57.890 | INFO     | __main__:on_train_batch_end:39 - Epoch 0, Step 1419: train_loss = 26.0073
2025-06-23 15:35:58.152 | INFO     | __main__:on_train_batch_end:39 - Epoch 0, Step 1420: train_loss = 10.8566
2025-06-23 15:35:58.413 | INFO     | __main__:on_train_batch_end:39 - Epoch 0, Step 1421: train_loss = 8.6665
2025-06-23 15:35:58.675 | INFO     | __main__:on_train_batch_end:39 - Epoch 0, Step 1422: train_loss = 3.6612
2025-06-23 15:35:58.937 | INFO     | __main__:on_train_batch_end:39 - Epoch 0, Step 1423: train_loss = 6.1533
2025-06-23 15:35:59.199 | INFO     | __main__:on_train_batch_end:39 - Epoch 0, Step 1424: train_loss = 10.3834
2025-06-23 15:35:59.461 | INFO     | __main__:on_train_batch_end:39 - Epoch 0, Step 1425: train_loss = 4.5545
2025-06-23 15:35:59.724 | INFO     | __main__:on_train_batch_end:39 - Epoch 0, Step 1426: train_loss = 6.8593
2025-06-23 15:35:59.986 | INFO     | __main__:on_train_batch_end:39 - Epoch 0, Step 1427: train_loss = 3.5082
2025-06-23 15:36:00.251 | INFO     | __main__:on_train_batch_end:39 - Epoch 0, Step 1428: train_loss = 16.4961
2025-06-23 15:36:00.514 | INFO     | __main__:on_train_batch_end:39 - Epoch 0, Step 1429: train_loss = 3.7080
2025-06-23 15:36:00.781 | INFO     | __main__:on_train_batch_end:39 - Epoch 0, Step 1430: train_loss = 17.6704
2025-06-23 15:36:01.042 | INFO     | __main__:on_train_batch_end:39 - Epoch 0, Step 1431: train_loss = 8.2577
2025-06-23 15:36:01.303 | INFO     | __main__:on_train_batch_end:39 - Epoch 0, Step 1432: train_loss = 4.3516
2025-06-23 15:36:01.569 | INFO     | __main__:on_train_batch_end:39 - Epoch 0, Step 1433: train_loss = 10.1416
2025-06-23 15:36:01.831 | INFO     | __main__:on_train_batch_end:39 - Epoch 0, Step 1434: train_loss = 3.9085
2025-06-23 15:36:02.091 | INFO     | __main__:on_train_batch_end:39 - Epoch 0, Step 1435: train_loss = 4.4878
2025-06-23 15:36:02.352 | INFO     | __main__:on_train_batch_end:39 - Epoch 0, Step 1436: train_loss = 9.1149
2025-06-23 15:36:02.614 | INFO     | __main__:on_train_batch_end:39 - Epoch 0, Step 1437: train_loss = 10.4651
2025-06-23 15:36:02.876 | INFO     | __main__:on_train_batch_end:39 - Epoch 0, Step 1438: train_loss = 5.7173
2025-06-23 15:36:03.135 | INFO     | __main__:on_train_batch_end:39 - Epoch 0, Step 1439: train_loss = 3.5836
2025-06-23 15:36:03.402 | INFO     | __main__:on_train_batch_end:39 - Epoch 0, Step 1440: train_loss = 5.3749
2025-06-23 15:36:03.664 | INFO     | __main__:on_train_batch_end:39 - Epoch 0, Step 1441: train_loss = 28.6956
2025-06-23 15:36:03.924 | INFO     | __main__:on_train_batch_end:39 - Epoch 0, Step 1442: train_loss = 4.8810
2025-06-23 15:36:04.185 | INFO     | __main__:on_train_batch_end:39 - Epoch 0, Step 1443: train_loss = 8.7033
2025-06-23 15:36:04.447 | INFO     | __main__:on_train_batch_end:39 - Epoch 0, Step 1444: train_loss = 15.0376
2025-06-23 15:36:04.707 | INFO     | __main__:on_train_batch_end:39 - Epoch 0, Step 1445: train_loss = 3.9182
2025-06-23 15:36:04.968 | INFO     | __main__:on_train_batch_end:39 - Epoch 0, Step 1446: train_loss = 20.4466
2025-06-23 15:36:05.230 | INFO     | __main__:on_train_batch_end:39 - Epoch 0, Step 1447: train_loss = 7.5985
2025-06-23 15:36:05.492 | INFO     | __main__:on_train_batch_end:39 - Epoch 0, Step 1448: train_loss = 20.5598
2025-06-23 15:36:05.755 | INFO     | __main__:on_train_batch_end:39 - Epoch 0, Step 1449: train_loss = 4.9160
2025-06-23 15:36:06.016 | INFO     | __main__:on_train_batch_end:39 - Epoch 0, Step 1450: train_loss = 6.0808
2025-06-23 15:36:06.284 | INFO     | __main__:on_train_batch_end:39 - Epoch 0, Step 1451: train_loss = 5.8038
2025-06-23 15:36:06.546 | INFO     | __main__:on_train_batch_end:39 - Epoch 0, Step 1452: train_loss = 3.7210
2025-06-23 15:36:06.809 | INFO     | __main__:on_train_batch_end:39 - Epoch 0, Step 1453: train_loss = 12.4187
2025-06-23 15:36:07.073 | INFO     | __main__:on_train_batch_end:39 - Epoch 0, Step 1454: train_loss = 17.6964
2025-06-23 15:36:07.336 | INFO     | __main__:on_train_batch_end:39 - Epoch 0, Step 1455: train_loss = 4.0967
2025-06-23 15:36:07.596 | INFO     | __main__:on_train_batch_end:39 - Epoch 0, Step 1456: train_loss = 20.0039
2025-06-23 15:36:07.858 | INFO     | __main__:on_train_batch_end:39 - Epoch 0, Step 1457: train_loss = 5.0431
2025-06-23 15:36:08.121 | INFO     | __main__:on_train_batch_end:39 - Epoch 0, Step 1458: train_loss = 4.0957
2025-06-23 15:36:08.383 | INFO     | __main__:on_train_batch_end:39 - Epoch 0, Step 1459: train_loss = 3.5555
2025-06-23 15:36:08.647 | INFO     | __main__:on_train_batch_end:39 - Epoch 0, Step 1460: train_loss = 4.3842
2025-06-23 15:36:08.907 | INFO     | __main__:on_train_batch_end:39 - Epoch 0, Step 1461: train_loss = 3.6408
2025-06-23 15:36:09.169 | INFO     | __main__:on_train_batch_end:39 - Epoch 0, Step 1462: train_loss = 9.7964
2025-06-23 15:36:09.438 | INFO     | __main__:on_train_batch_end:39 - Epoch 0, Step 1463: train_loss = 5.2360
2025-06-23 15:36:09.699 | INFO     | __main__:on_train_batch_end:39 - Epoch 0, Step 1464: train_loss = 8.2377
2025-06-23 15:36:09.962 | INFO     | __main__:on_train_batch_end:39 - Epoch 0, Step 1465: train_loss = 7.5243
2025-06-23 15:36:10.222 | INFO     | __main__:on_train_batch_end:39 - Epoch 0, Step 1466: train_loss = 3.5337
2025-06-23 15:36:10.485 | INFO     | __main__:on_train_batch_end:39 - Epoch 0, Step 1467: train_loss = 6.5908
2025-06-23 15:36:10.747 | INFO     | __main__:on_train_batch_end:39 - Epoch 0, Step 1468: train_loss = 6.2390
2025-06-23 15:36:11.011 | INFO     | __main__:on_train_batch_end:39 - Epoch 0, Step 1469: train_loss = 4.9991
2025-06-23 15:36:11.270 | INFO     | __main__:on_train_batch_end:39 - Epoch 0, Step 1470: train_loss = 3.9349
2025-06-23 15:36:11.531 | INFO     | __main__:on_train_batch_end:39 - Epoch 0, Step 1471: train_loss = 4.8612
2025-06-23 15:36:11.794 | INFO     | __main__:on_train_batch_end:39 - Epoch 0, Step 1472: train_loss = 26.6530
2025-06-23 15:36:12.055 | INFO     | __main__:on_train_batch_end:39 - Epoch 0, Step 1473: train_loss = 21.4682
2025-06-23 15:36:12.322 | INFO     | __main__:on_train_batch_end:39 - Epoch 0, Step 1474: train_loss = 4.1668
2025-06-23 15:36:12.583 | INFO     | __main__:on_train_batch_end:39 - Epoch 0, Step 1475: train_loss = 3.8769
2025-06-23 15:36:12.843 | INFO     | __main__:on_train_batch_end:39 - Epoch 0, Step 1476: train_loss = 4.2713
2025-06-23 15:36:13.105 | INFO     | __main__:on_train_batch_end:39 - Epoch 0, Step 1477: train_loss = 3.8844
2025-06-23 15:36:13.366 | INFO     | __main__:on_train_batch_end:39 - Epoch 0, Step 1478: train_loss = 16.1103
2025-06-23 15:36:13.629 | INFO     | __main__:on_train_batch_end:39 - Epoch 0, Step 1479: train_loss = 3.8959
2025-06-23 15:36:13.890 | INFO     | __main__:on_train_batch_end:39 - Epoch 0, Step 1480: train_loss = 5.8368
2025-06-23 15:36:14.152 | INFO     | __main__:on_train_batch_end:39 - Epoch 0, Step 1481: train_loss = 4.2450
2025-06-23 15:36:14.413 | INFO     | __main__:on_train_batch_end:39 - Epoch 0, Step 1482: train_loss = 3.7443
2025-06-23 15:36:14.674 | INFO     | __main__:on_train_batch_end:39 - Epoch 0, Step 1483: train_loss = 4.8938
2025-06-23 15:36:14.936 | INFO     | __main__:on_train_batch_end:39 - Epoch 0, Step 1484: train_loss = 17.3575
2025-06-23 15:36:15.198 | INFO     | __main__:on_train_batch_end:39 - Epoch 0, Step 1485: train_loss = 23.2542
2025-06-23 15:36:15.463 | INFO     | __main__:on_train_batch_end:39 - Epoch 0, Step 1486: train_loss = 8.9625
2025-06-23 15:36:15.725 | INFO     | __main__:on_train_batch_end:39 - Epoch 0, Step 1487: train_loss = 20.5027
2025-06-23 15:36:15.988 | INFO     | __main__:on_train_batch_end:39 - Epoch 0, Step 1488: train_loss = 4.7353
2025-06-23 15:36:16.249 | INFO     | __main__:on_train_batch_end:39 - Epoch 0, Step 1489: train_loss = 3.7931
2025-06-23 15:36:16.510 | INFO     | __main__:on_train_batch_end:39 - Epoch 0, Step 1490: train_loss = 6.1066
2025-06-23 15:36:16.772 | INFO     | __main__:on_train_batch_end:39 - Epoch 0, Step 1491: train_loss = 11.2210
2025-06-23 15:36:17.032 | INFO     | __main__:on_train_batch_end:39 - Epoch 0, Step 1492: train_loss = 3.5035
2025-06-23 15:36:17.295 | INFO     | __main__:on_train_batch_end:39 - Epoch 0, Step 1493: train_loss = 9.2894
2025-06-23 15:36:17.558 | INFO     | __main__:on_train_batch_end:39 - Epoch 0, Step 1494: train_loss = 5.6318
2025-06-23 15:36:17.818 | INFO     | __main__:on_train_batch_end:39 - Epoch 0, Step 1495: train_loss = 4.2588
2025-06-23 15:36:18.080 | INFO     | __main__:on_train_batch_end:39 - Epoch 0, Step 1496: train_loss = 9.6606
2025-06-23 15:36:18.343 | INFO     | __main__:on_train_batch_end:39 - Epoch 0, Step 1497: train_loss = 4.1529
2025-06-23 15:36:18.606 | INFO     | __main__:on_train_batch_end:39 - Epoch 0, Step 1498: train_loss = 10.7019
2025-06-23 15:36:18.867 | INFO     | __main__:on_train_batch_end:39 - Epoch 0, Step 1499: train_loss = 4.1733
2025-06-23 15:36:19.127 | INFO     | __main__:on_train_batch_end:39 - Epoch 0, Step 1500: train_loss = 4.2462
2025-06-23 15:36:19.397 | INFO     | __main__:on_train_batch_end:39 - Epoch 0, Step 1501: train_loss = 4.0813
2025-06-23 15:36:19.659 | INFO     | __main__:on_train_batch_end:39 - Epoch 0, Step 1502: train_loss = 5.1732
2025-06-23 15:36:19.921 | INFO     | __main__:on_train_batch_end:39 - Epoch 0, Step 1503: train_loss = 10.5359
2025-06-23 15:36:20.185 | INFO     | __main__:on_train_batch_end:39 - Epoch 0, Step 1504: train_loss = 5.3367
2025-06-23 15:36:20.445 | INFO     | __main__:on_train_batch_end:39 - Epoch 0, Step 1505: train_loss = 5.6611
2025-06-23 15:36:20.708 | INFO     | __main__:on_train_batch_end:39 - Epoch 0, Step 1506: train_loss = 10.0029
2025-06-23 15:36:20.971 | INFO     | __main__:on_train_batch_end:39 - Epoch 0, Step 1507: train_loss = 7.6318
2025-06-23 15:36:21.235 | INFO     | __main__:on_train_batch_end:39 - Epoch 0, Step 1508: train_loss = 5.1847
2025-06-23 15:36:21.501 | INFO     | __main__:on_train_batch_end:39 - Epoch 0, Step 1509: train_loss = 16.1394
2025-06-23 15:36:21.762 | INFO     | __main__:on_train_batch_end:39 - Epoch 0, Step 1510: train_loss = 4.6382
2025-06-23 15:36:22.025 | INFO     | __main__:on_train_batch_end:39 - Epoch 0, Step 1511: train_loss = 5.3553
2025-06-23 15:36:22.287 | INFO     | __main__:on_train_batch_end:39 - Epoch 0, Step 1512: train_loss = 4.8606
2025-06-23 15:36:22.549 | INFO     | __main__:on_train_batch_end:39 - Epoch 0, Step 1513: train_loss = 14.7010
2025-06-23 15:36:22.814 | INFO     | __main__:on_train_batch_end:39 - Epoch 0, Step 1514: train_loss = 15.6041
2025-06-23 15:36:23.077 | INFO     | __main__:on_train_batch_end:39 - Epoch 0, Step 1515: train_loss = 6.6506
2025-06-23 15:36:23.338 | INFO     | __main__:on_train_batch_end:39 - Epoch 0, Step 1516: train_loss = 4.3118
2025-06-23 15:36:23.601 | INFO     | __main__:on_train_batch_end:39 - Epoch 0, Step 1517: train_loss = 26.9736
2025-06-23 15:36:23.860 | INFO     | __main__:on_train_batch_end:39 - Epoch 0, Step 1518: train_loss = 4.2430
2025-06-23 15:36:24.121 | INFO     | __main__:on_train_batch_end:39 - Epoch 0, Step 1519: train_loss = 12.9040
2025-06-23 15:36:24.390 | INFO     | __main__:on_train_batch_end:39 - Epoch 0, Step 1520: train_loss = 4.3627
2025-06-23 15:36:24.655 | INFO     | __main__:on_train_batch_end:39 - Epoch 0, Step 1521: train_loss = 3.9476
2025-06-23 15:36:24.919 | INFO     | __main__:on_train_batch_end:39 - Epoch 0, Step 1522: train_loss = 4.0465
2025-06-23 15:36:25.178 | INFO     | __main__:on_train_batch_end:39 - Epoch 0, Step 1523: train_loss = 4.0136
2025-06-23 15:36:25.439 | INFO     | __main__:on_train_batch_end:39 - Epoch 0, Step 1524: train_loss = 6.3407
2025-06-23 15:36:25.699 | INFO     | __main__:on_train_batch_end:39 - Epoch 0, Step 1525: train_loss = 14.9247
2025-06-23 15:36:25.961 | INFO     | __main__:on_train_batch_end:39 - Epoch 0, Step 1526: train_loss = 3.8147
2025-06-23 15:36:26.223 | INFO     | __main__:on_train_batch_end:39 - Epoch 0, Step 1527: train_loss = 25.6636
2025-06-23 15:36:26.485 | INFO     | __main__:on_train_batch_end:39 - Epoch 0, Step 1528: train_loss = 6.7285
2025-06-23 15:36:26.749 | INFO     | __main__:on_train_batch_end:39 - Epoch 0, Step 1529: train_loss = 15.7394
2025-06-23 15:36:27.009 | INFO     | __main__:on_train_batch_end:39 - Epoch 0, Step 1530: train_loss = 6.0176
2025-06-23 15:36:27.277 | INFO     | __main__:on_train_batch_end:39 - Epoch 0, Step 1531: train_loss = 17.5444
2025-06-23 15:36:27.540 | INFO     | __main__:on_train_batch_end:39 - Epoch 0, Step 1532: train_loss = 8.7847
2025-06-23 15:36:27.801 | INFO     | __main__:on_train_batch_end:39 - Epoch 0, Step 1533: train_loss = 3.5727
2025-06-23 15:36:28.061 | INFO     | __main__:on_train_batch_end:39 - Epoch 0, Step 1534: train_loss = 3.6960
2025-06-23 15:36:28.323 | INFO     | __main__:on_train_batch_end:39 - Epoch 0, Step 1535: train_loss = 4.4365
2025-06-23 15:36:28.584 | INFO     | __main__:on_train_batch_end:39 - Epoch 0, Step 1536: train_loss = 7.9838
2025-06-23 15:36:28.856 | INFO     | __main__:on_train_batch_end:39 - Epoch 0, Step 1537: train_loss = 6.0813
2025-06-23 15:36:29.117 | INFO     | __main__:on_train_batch_end:39 - Epoch 0, Step 1538: train_loss = 7.6333
2025-06-23 15:36:29.387 | INFO     | __main__:on_train_batch_end:39 - Epoch 0, Step 1539: train_loss = 6.8750
2025-06-23 15:36:29.649 | INFO     | __main__:on_train_batch_end:39 - Epoch 0, Step 1540: train_loss = 14.5372
2025-06-23 15:36:29.910 | INFO     | __main__:on_train_batch_end:39 - Epoch 0, Step 1541: train_loss = 5.3429
2025-06-23 15:36:30.170 | INFO     | __main__:on_train_batch_end:39 - Epoch 0, Step 1542: train_loss = 3.9478
2025-06-23 15:36:30.436 | INFO     | __main__:on_train_batch_end:39 - Epoch 0, Step 1543: train_loss = 7.9905
2025-06-23 15:36:30.698 | INFO     | __main__:on_train_batch_end:39 - Epoch 0, Step 1544: train_loss = 4.0783
2025-06-23 15:36:30.963 | INFO     | __main__:on_train_batch_end:39 - Epoch 0, Step 1545: train_loss = 7.5744
2025-06-23 15:36:31.226 | INFO     | __main__:on_train_batch_end:39 - Epoch 0, Step 1546: train_loss = 22.5029
2025-06-23 15:36:31.487 | INFO     | __main__:on_train_batch_end:39 - Epoch 0, Step 1547: train_loss = 17.6249
2025-06-23 15:36:31.749 | INFO     | __main__:on_train_batch_end:39 - Epoch 0, Step 1548: train_loss = 10.5199
2025-06-23 15:36:32.009 | INFO     | __main__:on_train_batch_end:39 - Epoch 0, Step 1549: train_loss = 5.2505
2025-06-23 15:36:32.270 | INFO     | __main__:on_train_batch_end:39 - Epoch 0, Step 1550: train_loss = 3.5285
2025-06-23 15:36:32.530 | INFO     | __main__:on_train_batch_end:39 - Epoch 0, Step 1551: train_loss = 3.8855
2025-06-23 15:36:32.792 | INFO     | __main__:on_train_batch_end:39 - Epoch 0, Step 1552: train_loss = 8.7157
2025-06-23 15:36:33.055 | INFO     | __main__:on_train_batch_end:39 - Epoch 0, Step 1553: train_loss = 3.8065
2025-06-23 15:36:33.336 | INFO     | __main__:on_train_batch_end:39 - Epoch 0, Step 1554: train_loss = 7.7811
2025-06-23 15:36:33.597 | INFO     | __main__:on_train_batch_end:39 - Epoch 0, Step 1555: train_loss = 7.6713
2025-06-23 15:36:33.856 | INFO     | __main__:on_train_batch_end:39 - Epoch 0, Step 1556: train_loss = 5.1329
2025-06-23 15:36:34.117 | INFO     | __main__:on_train_batch_end:39 - Epoch 0, Step 1557: train_loss = 6.1427
2025-06-23 15:36:34.378 | INFO     | __main__:on_train_batch_end:39 - Epoch 0, Step 1558: train_loss = 12.5369
2025-06-23 15:36:34.641 | INFO     | __main__:on_train_batch_end:39 - Epoch 0, Step 1559: train_loss = 6.1221
2025-06-23 15:36:34.905 | INFO     | __main__:on_train_batch_end:39 - Epoch 0, Step 1560: train_loss = 7.9041
2025-06-23 15:36:35.168 | INFO     | __main__:on_train_batch_end:39 - Epoch 0, Step 1561: train_loss = 5.6991
2025-06-23 15:36:35.431 | INFO     | __main__:on_train_batch_end:39 - Epoch 0, Step 1562: train_loss = 10.6850
2025-06-23 15:36:35.693 | INFO     | __main__:on_train_batch_end:39 - Epoch 0, Step 1563: train_loss = 4.0319
2025-06-23 15:36:35.956 | INFO     | __main__:on_train_batch_end:39 - Epoch 0, Step 1564: train_loss = 5.1228
2025-06-23 15:36:36.226 | INFO     | __main__:on_train_batch_end:39 - Epoch 0, Step 1565: train_loss = 4.1304
2025-06-23 15:36:36.599 | INFO     | __main__:on_train_batch_end:39 - Epoch 0, Step 1566: train_loss = 3.6967
2025-06-23 15:36:36.858 | INFO     | __main__:on_train_batch_end:39 - Epoch 0, Step 1567: train_loss = 3.6472
2025-06-23 15:36:37.120 | INFO     | __main__:on_train_batch_end:39 - Epoch 0, Step 1568: train_loss = 4.7409
2025-06-23 15:36:37.382 | INFO     | __main__:on_train_batch_end:39 - Epoch 0, Step 1569: train_loss = 4.6431
2025-06-23 15:36:37.645 | INFO     | __main__:on_train_batch_end:39 - Epoch 0, Step 1570: train_loss = 4.7428
2025-06-23 15:36:37.906 | INFO     | __main__:on_train_batch_end:39 - Epoch 0, Step 1571: train_loss = 10.0863
2025-06-23 15:36:38.166 | INFO     | __main__:on_train_batch_end:39 - Epoch 0, Step 1572: train_loss = 3.5823
2025-06-23 15:36:38.426 | INFO     | __main__:on_train_batch_end:39 - Epoch 0, Step 1573: train_loss = 5.1087
2025-06-23 15:36:38.688 | INFO     | __main__:on_train_batch_end:39 - Epoch 0, Step 1574: train_loss = 14.8547
2025-06-23 15:36:38.949 | INFO     | __main__:on_train_batch_end:39 - Epoch 0, Step 1575: train_loss = 6.5314
2025-06-23 15:36:39.211 | INFO     | __main__:on_train_batch_end:39 - Epoch 0, Step 1576: train_loss = 4.3521
2025-06-23 15:36:39.475 | INFO     | __main__:on_train_batch_end:39 - Epoch 0, Step 1577: train_loss = 3.6919
2025-06-23 15:36:39.737 | INFO     | __main__:on_train_batch_end:39 - Epoch 0, Step 1578: train_loss = 19.7325
2025-06-23 15:36:39.999 | INFO     | __main__:on_train_batch_end:39 - Epoch 0, Step 1579: train_loss = 7.8263
2025-06-23 15:36:40.262 | INFO     | __main__:on_train_batch_end:39 - Epoch 0, Step 1580: train_loss = 4.3762
2025-06-23 15:36:40.524 | INFO     | __main__:on_train_batch_end:39 - Epoch 0, Step 1581: train_loss = 4.0500
2025-06-23 15:36:40.786 | INFO     | __main__:on_train_batch_end:39 - Epoch 0, Step 1582: train_loss = 6.6499
2025-06-23 15:36:41.047 | INFO     | __main__:on_train_batch_end:39 - Epoch 0, Step 1583: train_loss = 25.3959
2025-06-23 15:36:41.309 | INFO     | __main__:on_train_batch_end:39 - Epoch 0, Step 1584: train_loss = 4.0011
2025-06-23 15:36:41.570 | INFO     | __main__:on_train_batch_end:39 - Epoch 0, Step 1585: train_loss = 3.8845
2025-06-23 15:36:41.833 | INFO     | __main__:on_train_batch_end:39 - Epoch 0, Step 1586: train_loss = 19.0146
2025-06-23 15:36:42.095 | INFO     | __main__:on_train_batch_end:39 - Epoch 0, Step 1587: train_loss = 8.2757
2025-06-23 15:36:42.362 | INFO     | __main__:on_train_batch_end:39 - Epoch 0, Step 1588: train_loss = 3.7735
2025-06-23 15:36:42.625 | INFO     | __main__:on_train_batch_end:39 - Epoch 0, Step 1589: train_loss = 5.9261
2025-06-23 15:36:42.887 | INFO     | __main__:on_train_batch_end:39 - Epoch 0, Step 1590: train_loss = 20.1560
2025-06-23 15:36:43.148 | INFO     | __main__:on_train_batch_end:39 - Epoch 0, Step 1591: train_loss = 13.7471
2025-06-23 15:36:43.410 | INFO     | __main__:on_train_batch_end:39 - Epoch 0, Step 1592: train_loss = 10.4729
2025-06-23 15:36:43.673 | INFO     | __main__:on_train_batch_end:39 - Epoch 0, Step 1593: train_loss = 4.0645
2025-06-23 15:36:43.935 | INFO     | __main__:on_train_batch_end:39 - Epoch 0, Step 1594: train_loss = 3.7202
2025-06-23 15:36:44.196 | INFO     | __main__:on_train_batch_end:39 - Epoch 0, Step 1595: train_loss = 4.0279
2025-06-23 15:36:44.458 | INFO     | __main__:on_train_batch_end:39 - Epoch 0, Step 1596: train_loss = 20.2634
2025-06-23 15:36:44.724 | INFO     | __main__:on_train_batch_end:39 - Epoch 0, Step 1597: train_loss = 6.6915
2025-06-23 15:36:44.985 | INFO     | __main__:on_train_batch_end:39 - Epoch 0, Step 1598: train_loss = 4.9202
2025-06-23 15:36:45.249 | INFO     | __main__:on_train_batch_end:39 - Epoch 0, Step 1599: train_loss = 4.4386
2025-06-23 15:36:45.515 | INFO     | __main__:on_train_batch_end:39 - Epoch 0, Step 1600: train_loss = 3.8400
2025-06-23 15:36:45.779 | INFO     | __main__:on_train_batch_end:39 - Epoch 0, Step 1601: train_loss = 6.0593
2025-06-23 15:36:46.043 | INFO     | __main__:on_train_batch_end:39 - Epoch 0, Step 1602: train_loss = 4.8101
2025-06-23 15:36:46.307 | INFO     | __main__:on_train_batch_end:39 - Epoch 0, Step 1603: train_loss = 3.6681
2025-06-23 15:36:46.577 | INFO     | __main__:on_train_batch_end:39 - Epoch 0, Step 1604: train_loss = 4.3395
2025-06-23 15:36:46.844 | INFO     | __main__:on_train_batch_end:39 - Epoch 0, Step 1605: train_loss = 24.5510
2025-06-23 15:36:47.105 | INFO     | __main__:on_train_batch_end:39 - Epoch 0, Step 1606: train_loss = 6.6163
2025-06-23 15:36:47.375 | INFO     | __main__:on_train_batch_end:39 - Epoch 0, Step 1607: train_loss = 3.8389
2025-06-23 15:36:47.662 | INFO     | __main__:on_train_batch_end:39 - Epoch 0, Step 1608: train_loss = 10.4422
2025-06-23 15:36:47.936 | INFO     | __main__:on_train_batch_end:39 - Epoch 0, Step 1609: train_loss = 9.5701
2025-06-23 15:36:48.202 | INFO     | __main__:on_train_batch_end:39 - Epoch 0, Step 1610: train_loss = 10.9097
2025-06-23 15:36:48.467 | INFO     | __main__:on_train_batch_end:39 - Epoch 0, Step 1611: train_loss = 5.3056
2025-06-23 15:36:48.730 | INFO     | __main__:on_train_batch_end:39 - Epoch 0, Step 1612: train_loss = 10.3953
2025-06-23 15:36:49.002 | INFO     | __main__:on_train_batch_end:39 - Epoch 0, Step 1613: train_loss = 14.8695
2025-06-23 15:36:49.276 | INFO     | __main__:on_train_batch_end:39 - Epoch 0, Step 1614: train_loss = 4.0293
2025-06-23 15:36:49.540 | INFO     | __main__:on_train_batch_end:39 - Epoch 0, Step 1615: train_loss = 9.4381
2025-06-23 15:36:49.804 | INFO     | __main__:on_train_batch_end:39 - Epoch 0, Step 1616: train_loss = 8.0036
2025-06-23 15:36:50.078 | INFO     | __main__:on_train_batch_end:39 - Epoch 0, Step 1617: train_loss = 7.0658
2025-06-23 15:36:50.351 | INFO     | __main__:on_train_batch_end:39 - Epoch 0, Step 1618: train_loss = 5.8986
2025-06-23 15:36:50.623 | INFO     | __main__:on_train_batch_end:39 - Epoch 0, Step 1619: train_loss = 7.6171
2025-06-23 15:36:50.900 | INFO     | __main__:on_train_batch_end:39 - Epoch 0, Step 1620: train_loss = 13.4093
2025-06-23 15:36:51.170 | INFO     | __main__:on_train_batch_end:39 - Epoch 0, Step 1621: train_loss = 7.6716
2025-06-23 15:36:51.437 | INFO     | __main__:on_train_batch_end:39 - Epoch 0, Step 1622: train_loss = 3.8651
2025-06-23 15:36:51.701 | INFO     | __main__:on_train_batch_end:39 - Epoch 0, Step 1623: train_loss = 6.7577
2025-06-23 15:36:51.975 | INFO     | __main__:on_train_batch_end:39 - Epoch 0, Step 1624: train_loss = 8.7680
2025-06-23 15:36:52.244 | INFO     | __main__:on_train_batch_end:39 - Epoch 0, Step 1625: train_loss = 8.0869
2025-06-23 15:36:52.524 | INFO     | __main__:on_train_batch_end:39 - Epoch 0, Step 1626: train_loss = 10.0273
2025-06-23 15:36:52.807 | INFO     | __main__:on_train_batch_end:39 - Epoch 0, Step 1627: train_loss = 5.2994
2025-06-23 15:36:53.079 | INFO     | __main__:on_train_batch_end:39 - Epoch 0, Step 1628: train_loss = 9.2383
2025-06-23 15:36:53.361 | INFO     | __main__:on_train_batch_end:39 - Epoch 0, Step 1629: train_loss = 12.4134
2025-06-23 15:36:53.639 | INFO     | __main__:on_train_batch_end:39 - Epoch 0, Step 1630: train_loss = 7.5920
2025-06-23 15:36:53.912 | INFO     | __main__:on_train_batch_end:39 - Epoch 0, Step 1631: train_loss = 17.0846
2025-06-23 15:36:54.182 | INFO     | __main__:on_train_batch_end:39 - Epoch 0, Step 1632: train_loss = 5.6165
2025-06-23 15:36:54.465 | INFO     | __main__:on_train_batch_end:39 - Epoch 0, Step 1633: train_loss = 22.1499
2025-06-23 15:36:54.737 | INFO     | __main__:on_train_batch_end:39 - Epoch 0, Step 1634: train_loss = 21.6913
2025-06-23 15:36:55.007 | INFO     | __main__:on_train_batch_end:39 - Epoch 0, Step 1635: train_loss = 8.4116
2025-06-23 15:36:55.277 | INFO     | __main__:on_train_batch_end:39 - Epoch 0, Step 1636: train_loss = 18.3501
2025-06-23 15:36:55.550 | INFO     | __main__:on_train_batch_end:39 - Epoch 0, Step 1637: train_loss = 37.9031
2025-06-23 15:36:55.819 | INFO     | __main__:on_train_batch_end:39 - Epoch 0, Step 1638: train_loss = 7.9257
2025-06-23 15:36:56.083 | INFO     | __main__:on_train_batch_end:39 - Epoch 0, Step 1639: train_loss = 5.9417
2025-06-23 15:36:56.343 | INFO     | __main__:on_train_batch_end:39 - Epoch 0, Step 1640: train_loss = 4.0060
2025-06-23 15:36:56.608 | INFO     | __main__:on_train_batch_end:39 - Epoch 0, Step 1641: train_loss = 26.6091
2025-06-23 15:36:56.869 | INFO     | __main__:on_train_batch_end:39 - Epoch 0, Step 1642: train_loss = 10.6713
2025-06-23 15:36:57.138 | INFO     | __main__:on_train_batch_end:39 - Epoch 0, Step 1643: train_loss = 4.0185
2025-06-23 15:36:57.404 | INFO     | __main__:on_train_batch_end:39 - Epoch 0, Step 1644: train_loss = 5.6774
2025-06-23 15:36:57.667 | INFO     | __main__:on_train_batch_end:39 - Epoch 0, Step 1645: train_loss = 19.7810
2025-06-23 15:36:57.936 | INFO     | __main__:on_train_batch_end:39 - Epoch 0, Step 1646: train_loss = 7.5097
2025-06-23 15:36:58.197 | INFO     | __main__:on_train_batch_end:39 - Epoch 0, Step 1647: train_loss = 3.7545
2025-06-23 15:36:58.466 | INFO     | __main__:on_train_batch_end:39 - Epoch 0, Step 1648: train_loss = 16.0118
2025-06-23 15:36:58.733 | INFO     | __main__:on_train_batch_end:39 - Epoch 0, Step 1649: train_loss = 10.2290
2025-06-23 15:36:58.997 | INFO     | __main__:on_train_batch_end:39 - Epoch 0, Step 1650: train_loss = 5.2513
2025-06-23 15:36:59.263 | INFO     | __main__:on_train_batch_end:39 - Epoch 0, Step 1651: train_loss = 3.6234
2025-06-23 15:36:59.531 | INFO     | __main__:on_train_batch_end:39 - Epoch 0, Step 1652: train_loss = 10.9799
2025-06-23 15:36:59.804 | INFO     | __main__:on_train_batch_end:39 - Epoch 0, Step 1653: train_loss = 12.5444
2025-06-23 15:37:00.084 | INFO     | __main__:on_train_batch_end:39 - Epoch 0, Step 1654: train_loss = 16.5321
2025-06-23 15:37:00.349 | INFO     | __main__:on_train_batch_end:39 - Epoch 0, Step 1655: train_loss = 6.7524
2025-06-23 15:37:00.619 | INFO     | __main__:on_train_batch_end:39 - Epoch 0, Step 1656: train_loss = 4.1291
2025-06-23 15:37:00.898 | INFO     | __main__:on_train_batch_end:39 - Epoch 0, Step 1657: train_loss = 4.7371
2025-06-23 15:37:01.162 | INFO     | __main__:on_train_batch_end:39 - Epoch 0, Step 1658: train_loss = 4.4851
2025-06-23 15:37:01.423 | INFO     | __main__:on_train_batch_end:39 - Epoch 0, Step 1659: train_loss = 21.7719
2025-06-23 15:37:01.687 | INFO     | __main__:on_train_batch_end:39 - Epoch 0, Step 1660: train_loss = 4.2146
2025-06-23 15:37:01.970 | INFO     | __main__:on_train_batch_end:39 - Epoch 0, Step 1661: train_loss = 5.8363
2025-06-23 15:37:02.258 | INFO     | __main__:on_train_batch_end:39 - Epoch 0, Step 1662: train_loss = 20.2607
2025-06-23 15:37:02.538 | INFO     | __main__:on_train_batch_end:39 - Epoch 0, Step 1663: train_loss = 3.6345
2025-06-23 15:37:02.804 | INFO     | __main__:on_train_batch_end:39 - Epoch 0, Step 1664: train_loss = 3.7229
2025-06-23 15:37:03.070 | INFO     | __main__:on_train_batch_end:39 - Epoch 0, Step 1665: train_loss = 7.4880
2025-06-23 15:37:03.342 | INFO     | __main__:on_train_batch_end:39 - Epoch 0, Step 1666: train_loss = 5.3184
2025-06-23 15:37:03.615 | INFO     | __main__:on_train_batch_end:39 - Epoch 0, Step 1667: train_loss = 9.1736
2025-06-23 15:37:03.889 | INFO     | __main__:on_train_batch_end:39 - Epoch 0, Step 1668: train_loss = 5.9155
2025-06-23 15:37:04.162 | INFO     | __main__:on_train_batch_end:39 - Epoch 0, Step 1669: train_loss = 12.3610
2025-06-23 15:37:04.431 | INFO     | __main__:on_train_batch_end:39 - Epoch 0, Step 1670: train_loss = 4.0651
2025-06-23 15:37:04.699 | INFO     | __main__:on_train_batch_end:39 - Epoch 0, Step 1671: train_loss = 4.9653
2025-06-23 15:37:04.966 | INFO     | __main__:on_train_batch_end:39 - Epoch 0, Step 1672: train_loss = 6.9373
2025-06-23 15:37:05.237 | INFO     | __main__:on_train_batch_end:39 - Epoch 0, Step 1673: train_loss = 4.0299
2025-06-23 15:37:05.505 | INFO     | __main__:on_train_batch_end:39 - Epoch 0, Step 1674: train_loss = 14.1626
2025-06-23 15:37:05.774 | INFO     | __main__:on_train_batch_end:39 - Epoch 0, Step 1675: train_loss = 4.3629
2025-06-23 15:37:06.039 | INFO     | __main__:on_train_batch_end:39 - Epoch 0, Step 1676: train_loss = 6.1167
2025-06-23 15:37:06.307 | INFO     | __main__:on_train_batch_end:39 - Epoch 0, Step 1677: train_loss = 11.5590
2025-06-23 15:37:06.571 | INFO     | __main__:on_train_batch_end:39 - Epoch 0, Step 1678: train_loss = 13.1235
2025-06-23 15:37:06.834 | INFO     | __main__:on_train_batch_end:39 - Epoch 0, Step 1679: train_loss = 6.8696
2025-06-23 15:37:07.111 | INFO     | __main__:on_train_batch_end:39 - Epoch 0, Step 1680: train_loss = 3.6425
2025-06-23 15:37:07.372 | INFO     | __main__:on_train_batch_end:39 - Epoch 0, Step 1681: train_loss = 6.7642
2025-06-23 15:37:07.634 | INFO     | __main__:on_train_batch_end:39 - Epoch 0, Step 1682: train_loss = 16.8086
2025-06-23 15:37:07.896 | INFO     | __main__:on_train_batch_end:39 - Epoch 0, Step 1683: train_loss = 3.7486
2025-06-23 15:37:08.157 | INFO     | __main__:on_train_batch_end:39 - Epoch 0, Step 1684: train_loss = 4.0481
2025-06-23 15:37:08.417 | INFO     | __main__:on_train_batch_end:39 - Epoch 0, Step 1685: train_loss = 3.6223
2025-06-23 15:37:08.772 | INFO     | __main__:on_train_batch_end:39 - Epoch 0, Step 1686: train_loss = 3.6209
2025-06-23 15:37:09.034 | INFO     | __main__:on_train_batch_end:39 - Epoch 0, Step 1687: train_loss = 11.9572
2025-06-23 15:37:09.300 | INFO     | __main__:on_train_batch_end:39 - Epoch 0, Step 1688: train_loss = 7.8995
2025-06-23 15:37:09.561 | INFO     | __main__:on_train_batch_end:39 - Epoch 0, Step 1689: train_loss = 6.5343
2025-06-23 15:37:09.823 | INFO     | __main__:on_train_batch_end:39 - Epoch 0, Step 1690: train_loss = 8.7126
2025-06-23 15:37:10.085 | INFO     | __main__:on_train_batch_end:39 - Epoch 0, Step 1691: train_loss = 7.0965
2025-06-23 15:37:10.348 | INFO     | __main__:on_train_batch_end:39 - Epoch 0, Step 1692: train_loss = 6.7327
2025-06-23 15:37:10.610 | INFO     | __main__:on_train_batch_end:39 - Epoch 0, Step 1693: train_loss = 10.5277
2025-06-23 15:37:10.872 | INFO     | __main__:on_train_batch_end:39 - Epoch 0, Step 1694: train_loss = 10.8873
2025-06-23 15:37:11.134 | INFO     | __main__:on_train_batch_end:39 - Epoch 0, Step 1695: train_loss = 3.9922
2025-06-23 15:37:11.396 | INFO     | __main__:on_train_batch_end:39 - Epoch 0, Step 1696: train_loss = 7.3811
2025-06-23 15:37:11.657 | INFO     | __main__:on_train_batch_end:39 - Epoch 0, Step 1697: train_loss = 6.0378
2025-06-23 15:37:11.919 | INFO     | __main__:on_train_batch_end:39 - Epoch 0, Step 1698: train_loss = 6.9999
2025-06-23 15:37:12.181 | INFO     | __main__:on_train_batch_end:39 - Epoch 0, Step 1699: train_loss = 6.4891
2025-06-23 15:37:12.446 | INFO     | __main__:on_train_batch_end:39 - Epoch 0, Step 1700: train_loss = 3.7115
2025-06-23 15:37:12.708 | INFO     | __main__:on_train_batch_end:39 - Epoch 0, Step 1701: train_loss = 4.2457
2025-06-23 15:37:12.970 | INFO     | __main__:on_train_batch_end:39 - Epoch 0, Step 1702: train_loss = 17.6669
2025-06-23 15:37:13.233 | INFO     | __main__:on_train_batch_end:39 - Epoch 0, Step 1703: train_loss = 10.4832
2025-06-23 15:37:13.504 | INFO     | __main__:on_train_batch_end:39 - Epoch 0, Step 1704: train_loss = 6.6002
2025-06-23 15:37:13.788 | INFO     | __main__:on_train_batch_end:39 - Epoch 0, Step 1705: train_loss = 20.1132
2025-06-23 15:37:14.054 | INFO     | __main__:on_train_batch_end:39 - Epoch 0, Step 1706: train_loss = 3.9521
2025-06-23 15:37:14.316 | INFO     | __main__:on_train_batch_end:39 - Epoch 0, Step 1707: train_loss = 3.6041
2025-06-23 15:37:14.587 | INFO     | __main__:on_train_batch_end:39 - Epoch 0, Step 1708: train_loss = 5.7294
2025-06-23 15:37:14.857 | INFO     | __main__:on_train_batch_end:39 - Epoch 0, Step 1709: train_loss = 6.1912
2025-06-23 15:37:15.118 | INFO     | __main__:on_train_batch_end:39 - Epoch 0, Step 1710: train_loss = 4.2407
2025-06-23 15:37:15.383 | INFO     | __main__:on_train_batch_end:39 - Epoch 0, Step 1711: train_loss = 3.5846
2025-06-23 15:37:15.647 | INFO     | __main__:on_train_batch_end:39 - Epoch 0, Step 1712: train_loss = 4.2293
2025-06-23 15:37:15.911 | INFO     | __main__:on_train_batch_end:39 - Epoch 0, Step 1713: train_loss = 14.4731
2025-06-23 15:37:16.172 | INFO     | __main__:on_train_batch_end:39 - Epoch 0, Step 1714: train_loss = 4.4936
2025-06-23 15:37:16.434 | INFO     | __main__:on_train_batch_end:39 - Epoch 0, Step 1715: train_loss = 16.3742
2025-06-23 15:37:16.704 | INFO     | __main__:on_train_batch_end:39 - Epoch 0, Step 1716: train_loss = 23.1285
2025-06-23 15:37:16.967 | INFO     | __main__:on_train_batch_end:39 - Epoch 0, Step 1717: train_loss = 3.9046
2025-06-23 15:37:17.230 | INFO     | __main__:on_train_batch_end:39 - Epoch 0, Step 1718: train_loss = 5.1185
2025-06-23 15:37:17.491 | INFO     | __main__:on_train_batch_end:39 - Epoch 0, Step 1719: train_loss = 9.5916
2025-06-23 15:37:17.758 | INFO     | __main__:on_train_batch_end:39 - Epoch 0, Step 1720: train_loss = 6.0827
2025-06-23 15:37:18.023 | INFO     | __main__:on_train_batch_end:39 - Epoch 0, Step 1721: train_loss = 4.8068
2025-06-23 15:37:18.291 | INFO     | __main__:on_train_batch_end:39 - Epoch 0, Step 1722: train_loss = 3.9631
2025-06-23 15:37:18.566 | INFO     | __main__:on_train_batch_end:39 - Epoch 0, Step 1723: train_loss = 7.3765
2025-06-23 15:37:18.840 | INFO     | __main__:on_train_batch_end:39 - Epoch 0, Step 1724: train_loss = 7.0372
2025-06-23 15:37:19.102 | INFO     | __main__:on_train_batch_end:39 - Epoch 0, Step 1725: train_loss = 17.4087
2025-06-23 15:37:19.367 | INFO     | __main__:on_train_batch_end:39 - Epoch 0, Step 1726: train_loss = 3.7387
2025-06-23 15:37:19.640 | INFO     | __main__:on_train_batch_end:39 - Epoch 0, Step 1727: train_loss = 4.7438
2025-06-23 15:37:19.901 | INFO     | __main__:on_train_batch_end:39 - Epoch 0, Step 1728: train_loss = 3.6429
2025-06-23 15:37:20.162 | INFO     | __main__:on_train_batch_end:39 - Epoch 0, Step 1729: train_loss = 5.0760
2025-06-23 15:37:20.421 | INFO     | __main__:on_train_batch_end:39 - Epoch 0, Step 1730: train_loss = 7.0518
2025-06-23 15:37:20.685 | INFO     | __main__:on_train_batch_end:39 - Epoch 0, Step 1731: train_loss = 6.3708
2025-06-23 15:37:20.950 | INFO     | __main__:on_train_batch_end:39 - Epoch 0, Step 1732: train_loss = 23.5040
2025-06-23 15:37:21.211 | INFO     | __main__:on_train_batch_end:39 - Epoch 0, Step 1733: train_loss = 6.3843
2025-06-23 15:37:21.475 | INFO     | __main__:on_train_batch_end:39 - Epoch 0, Step 1734: train_loss = 5.6681
2025-06-23 15:37:21.736 | INFO     | __main__:on_train_batch_end:39 - Epoch 0, Step 1735: train_loss = 30.2544
2025-06-23 15:37:21.997 | INFO     | __main__:on_train_batch_end:39 - Epoch 0, Step 1736: train_loss = 3.8236
2025-06-23 15:37:22.264 | INFO     | __main__:on_train_batch_end:39 - Epoch 0, Step 1737: train_loss = 3.8127
2025-06-23 15:37:22.525 | INFO     | __main__:on_train_batch_end:39 - Epoch 0, Step 1738: train_loss = 14.5927
2025-06-23 15:37:22.786 | INFO     | __main__:on_train_batch_end:39 - Epoch 0, Step 1739: train_loss = 4.4042
2025-06-23 15:37:23.057 | INFO     | __main__:on_train_batch_end:39 - Epoch 0, Step 1740: train_loss = 7.5567
2025-06-23 15:37:23.331 | INFO     | __main__:on_train_batch_end:39 - Epoch 0, Step 1741: train_loss = 5.1211
2025-06-23 15:37:23.595 | INFO     | __main__:on_train_batch_end:39 - Epoch 0, Step 1742: train_loss = 29.5109
2025-06-23 15:37:23.855 | INFO     | __main__:on_train_batch_end:39 - Epoch 0, Step 1743: train_loss = 3.5264
2025-06-23 15:37:24.116 | INFO     | __main__:on_train_batch_end:39 - Epoch 0, Step 1744: train_loss = 13.9517
2025-06-23 15:37:24.382 | INFO     | __main__:on_train_batch_end:39 - Epoch 0, Step 1745: train_loss = 6.1006
2025-06-23 15:37:24.644 | INFO     | __main__:on_train_batch_end:39 - Epoch 0, Step 1746: train_loss = 14.9058
2025-06-23 15:37:24.916 | INFO     | __main__:on_train_batch_end:39 - Epoch 0, Step 1747: train_loss = 4.5323
2025-06-23 15:37:25.187 | INFO     | __main__:on_train_batch_end:39 - Epoch 0, Step 1748: train_loss = 3.7611
2025-06-23 15:37:25.449 | INFO     | __main__:on_train_batch_end:39 - Epoch 0, Step 1749: train_loss = 12.8580
2025-06-23 15:37:25.718 | INFO     | __main__:on_train_batch_end:39 - Epoch 0, Step 1750: train_loss = 4.5035
2025-06-23 15:37:25.995 | INFO     | __main__:on_train_batch_end:39 - Epoch 0, Step 1751: train_loss = 14.2202
2025-06-23 15:37:26.264 | INFO     | __main__:on_train_batch_end:39 - Epoch 0, Step 1752: train_loss = 4.0345
2025-06-23 15:37:26.532 | INFO     | __main__:on_train_batch_end:39 - Epoch 0, Step 1753: train_loss = 6.6563
2025-06-23 15:37:26.795 | INFO     | __main__:on_train_batch_end:39 - Epoch 0, Step 1754: train_loss = 4.9138
2025-06-23 15:37:27.055 | INFO     | __main__:on_train_batch_end:39 - Epoch 0, Step 1755: train_loss = 4.0394
2025-06-23 15:37:27.322 | INFO     | __main__:on_train_batch_end:39 - Epoch 0, Step 1756: train_loss = 9.0518
2025-06-23 15:37:27.583 | INFO     | __main__:on_train_batch_end:39 - Epoch 0, Step 1757: train_loss = 6.2212
2025-06-23 15:37:27.845 | INFO     | __main__:on_train_batch_end:39 - Epoch 0, Step 1758: train_loss = 4.3114
2025-06-23 15:37:28.107 | INFO     | __main__:on_train_batch_end:39 - Epoch 0, Step 1759: train_loss = 5.8085
2025-06-23 15:37:28.370 | INFO     | __main__:on_train_batch_end:39 - Epoch 0, Step 1760: train_loss = 5.7807
2025-06-23 15:37:28.631 | INFO     | __main__:on_train_batch_end:39 - Epoch 0, Step 1761: train_loss = 20.0934
2025-06-23 15:37:28.892 | INFO     | __main__:on_train_batch_end:39 - Epoch 0, Step 1762: train_loss = 8.6996
2025-06-23 15:37:29.155 | INFO     | __main__:on_train_batch_end:39 - Epoch 0, Step 1763: train_loss = 3.9951
2025-06-23 15:37:29.418 | INFO     | __main__:on_train_batch_end:39 - Epoch 0, Step 1764: train_loss = 5.3560
2025-06-23 15:37:29.678 | INFO     | __main__:on_train_batch_end:39 - Epoch 0, Step 1765: train_loss = 6.1637
2025-06-23 15:37:29.945 | INFO     | __main__:on_train_batch_end:39 - Epoch 0, Step 1766: train_loss = 13.9967
2025-06-23 15:37:30.207 | INFO     | __main__:on_train_batch_end:39 - Epoch 0, Step 1767: train_loss = 18.3394
2025-06-23 15:37:30.471 | INFO     | __main__:on_train_batch_end:39 - Epoch 0, Step 1768: train_loss = 6.3828
2025-06-23 15:37:30.746 | INFO     | __main__:on_train_batch_end:39 - Epoch 0, Step 1769: train_loss = 4.0183
2025-06-23 15:37:31.022 | INFO     | __main__:on_train_batch_end:39 - Epoch 0, Step 1770: train_loss = 3.8986
2025-06-23 15:37:31.298 | INFO     | __main__:on_train_batch_end:39 - Epoch 0, Step 1771: train_loss = 4.8311
2025-06-23 15:37:31.572 | INFO     | __main__:on_train_batch_end:39 - Epoch 0, Step 1772: train_loss = 3.6355
2025-06-23 15:37:31.854 | INFO     | __main__:on_train_batch_end:39 - Epoch 0, Step 1773: train_loss = 18.9263
2025-06-23 15:37:32.123 | INFO     | __main__:on_train_batch_end:39 - Epoch 0, Step 1774: train_loss = 13.8777
2025-06-23 15:37:32.384 | INFO     | __main__:on_train_batch_end:39 - Epoch 0, Step 1775: train_loss = 4.1109
2025-06-23 15:37:32.647 | INFO     | __main__:on_train_batch_end:39 - Epoch 0, Step 1776: train_loss = 3.5944
2025-06-23 15:37:32.935 | INFO     | __main__:on_train_batch_end:39 - Epoch 0, Step 1777: train_loss = 6.9622
2025-06-23 15:37:33.213 | INFO     | __main__:on_train_batch_end:39 - Epoch 0, Step 1778: train_loss = 3.6752
2025-06-23 15:37:33.483 | INFO     | __main__:on_train_batch_end:39 - Epoch 0, Step 1779: train_loss = 15.4637
2025-06-23 15:37:33.761 | INFO     | __main__:on_train_batch_end:39 - Epoch 0, Step 1780: train_loss = 4.9491
2025-06-23 15:37:34.036 | INFO     | __main__:on_train_batch_end:39 - Epoch 0, Step 1781: train_loss = 3.9487
2025-06-23 15:37:34.307 | INFO     | __main__:on_train_batch_end:39 - Epoch 0, Step 1782: train_loss = 14.4674
2025-06-23 15:37:34.576 | INFO     | __main__:on_train_batch_end:39 - Epoch 0, Step 1783: train_loss = 4.0489
2025-06-23 15:37:34.849 | INFO     | __main__:on_train_batch_end:39 - Epoch 0, Step 1784: train_loss = 5.5644
2025-06-23 15:37:35.125 | INFO     | __main__:on_train_batch_end:39 - Epoch 0, Step 1785: train_loss = 4.9744
2025-06-23 15:37:35.397 | INFO     | __main__:on_train_batch_end:39 - Epoch 0, Step 1786: train_loss = 4.5152
2025-06-23 15:37:35.701 | INFO     | __main__:on_train_batch_end:39 - Epoch 0, Step 1787: train_loss = 18.7164
2025-06-23 15:37:35.985 | INFO     | __main__:on_train_batch_end:39 - Epoch 0, Step 1788: train_loss = 7.1986
2025-06-23 15:37:36.255 | INFO     | __main__:on_train_batch_end:39 - Epoch 0, Step 1789: train_loss = 3.9816
2025-06-23 15:37:36.534 | INFO     | __main__:on_train_batch_end:39 - Epoch 0, Step 1790: train_loss = 4.1386
2025-06-23 15:37:36.811 | INFO     | __main__:on_train_batch_end:39 - Epoch 0, Step 1791: train_loss = 13.6138
2025-06-23 15:37:37.084 | INFO     | __main__:on_train_batch_end:39 - Epoch 0, Step 1792: train_loss = 16.8477
2025-06-23 15:37:37.356 | INFO     | __main__:on_train_batch_end:39 - Epoch 0, Step 1793: train_loss = 8.5461
2025-06-23 15:37:37.634 | INFO     | __main__:on_train_batch_end:39 - Epoch 0, Step 1794: train_loss = 6.8882
2025-06-23 15:37:37.913 | INFO     | __main__:on_train_batch_end:39 - Epoch 0, Step 1795: train_loss = 23.5796
2025-06-23 15:37:38.195 | INFO     | __main__:on_train_batch_end:39 - Epoch 0, Step 1796: train_loss = 6.2370
2025-06-23 15:37:38.468 | INFO     | __main__:on_train_batch_end:39 - Epoch 0, Step 1797: train_loss = 23.9369
2025-06-23 15:37:38.744 | INFO     | __main__:on_train_batch_end:39 - Epoch 0, Step 1798: train_loss = 4.1600
2025-06-23 15:37:39.022 | INFO     | __main__:on_train_batch_end:39 - Epoch 0, Step 1799: train_loss = 3.8920
2025-06-23 15:37:39.302 | INFO     | __main__:on_train_batch_end:39 - Epoch 0, Step 1800: train_loss = 5.7883
2025-06-23 15:37:39.570 | INFO     | __main__:on_train_batch_end:39 - Epoch 0, Step 1801: train_loss = 5.3636
2025-06-23 15:37:39.834 | INFO     | __main__:on_train_batch_end:39 - Epoch 0, Step 1802: train_loss = 5.0401
2025-06-23 15:37:40.108 | INFO     | __main__:on_train_batch_end:39 - Epoch 0, Step 1803: train_loss = 15.5492
2025-06-23 15:37:40.384 | INFO     | __main__:on_train_batch_end:39 - Epoch 0, Step 1804: train_loss = 4.5975
2025-06-23 15:37:40.661 | INFO     | __main__:on_train_batch_end:39 - Epoch 0, Step 1805: train_loss = 18.7904
2025-06-23 15:37:41.028 | INFO     | __main__:on_train_batch_end:39 - Epoch 0, Step 1806: train_loss = 4.1722
2025-06-23 15:37:41.303 | INFO     | __main__:on_train_batch_end:39 - Epoch 0, Step 1807: train_loss = 15.8111
2025-06-23 15:37:41.579 | INFO     | __main__:on_train_batch_end:39 - Epoch 0, Step 1808: train_loss = 3.5988
2025-06-23 15:37:41.855 | INFO     | __main__:on_train_batch_end:39 - Epoch 0, Step 1809: train_loss = 8.3190
2025-06-23 15:37:42.139 | INFO     | __main__:on_train_batch_end:39 - Epoch 0, Step 1810: train_loss = 5.8190
2025-06-23 15:37:42.423 | INFO     | __main__:on_train_batch_end:39 - Epoch 0, Step 1811: train_loss = 12.3915
2025-06-23 15:37:42.684 | INFO     | __main__:on_train_batch_end:39 - Epoch 0, Step 1812: train_loss = 3.5868
2025-06-23 15:37:42.946 | INFO     | __main__:on_train_batch_end:39 - Epoch 0, Step 1813: train_loss = 3.6554
2025-06-23 15:37:43.207 | INFO     | __main__:on_train_batch_end:39 - Epoch 0, Step 1814: train_loss = 4.9804
2025-06-23 15:37:43.470 | INFO     | __main__:on_train_batch_end:39 - Epoch 0, Step 1815: train_loss = 4.2679
2025-06-23 15:37:43.733 | INFO     | __main__:on_train_batch_end:39 - Epoch 0, Step 1816: train_loss = 5.1744
2025-06-23 15:37:44.000 | INFO     | __main__:on_train_batch_end:39 - Epoch 0, Step 1817: train_loss = 3.8451
2025-06-23 15:37:44.265 | INFO     | __main__:on_train_batch_end:39 - Epoch 0, Step 1818: train_loss = 6.6666
2025-06-23 15:37:44.527 | INFO     | __main__:on_train_batch_end:39 - Epoch 0, Step 1819: train_loss = 15.6215
2025-06-23 15:37:44.788 | INFO     | __main__:on_train_batch_end:39 - Epoch 0, Step 1820: train_loss = 9.0791
2025-06-23 15:37:45.051 | INFO     | __main__:on_train_batch_end:39 - Epoch 0, Step 1821: train_loss = 6.4046
2025-06-23 15:37:45.324 | INFO     | __main__:on_train_batch_end:39 - Epoch 0, Step 1822: train_loss = 6.2659
2025-06-23 15:37:45.586 | INFO     | __main__:on_train_batch_end:39 - Epoch 0, Step 1823: train_loss = 13.7239
2025-06-23 15:37:45.854 | INFO     | __main__:on_train_batch_end:39 - Epoch 0, Step 1824: train_loss = 15.5341
2025-06-23 15:37:46.133 | INFO     | __main__:on_train_batch_end:39 - Epoch 0, Step 1825: train_loss = 15.9496
2025-06-23 15:37:46.400 | INFO     | __main__:on_train_batch_end:39 - Epoch 0, Step 1826: train_loss = 7.8916
2025-06-23 15:37:46.661 | INFO     | __main__:on_train_batch_end:39 - Epoch 0, Step 1827: train_loss = 5.6567
2025-06-23 15:37:46.921 | INFO     | __main__:on_train_batch_end:39 - Epoch 0, Step 1828: train_loss = 4.8241
2025-06-23 15:37:47.184 | INFO     | __main__:on_train_batch_end:39 - Epoch 0, Step 1829: train_loss = 13.9595
2025-06-23 15:37:47.454 | INFO     | __main__:on_train_batch_end:39 - Epoch 0, Step 1830: train_loss = 3.8436
2025-06-23 15:37:47.726 | INFO     | __main__:on_train_batch_end:39 - Epoch 0, Step 1831: train_loss = 3.5851
2025-06-23 15:37:47.987 | INFO     | __main__:on_train_batch_end:39 - Epoch 0, Step 1832: train_loss = 3.6949
2025-06-23 15:37:48.250 | INFO     | __main__:on_train_batch_end:39 - Epoch 0, Step 1833: train_loss = 10.3022
2025-06-23 15:37:48.519 | INFO     | __main__:on_train_batch_end:39 - Epoch 0, Step 1834: train_loss = 4.7110
2025-06-23 15:37:48.781 | INFO     | __main__:on_train_batch_end:39 - Epoch 0, Step 1835: train_loss = 12.0913
2025-06-23 15:37:49.042 | INFO     | __main__:on_train_batch_end:39 - Epoch 0, Step 1836: train_loss = 3.7690
2025-06-23 15:37:49.305 | INFO     | __main__:on_train_batch_end:39 - Epoch 0, Step 1837: train_loss = 13.2841
2025-06-23 15:37:49.567 | INFO     | __main__:on_train_batch_end:39 - Epoch 0, Step 1838: train_loss = 5.9493
2025-06-23 15:37:49.828 | INFO     | __main__:on_train_batch_end:39 - Epoch 0, Step 1839: train_loss = 12.5301
2025-06-23 15:37:50.090 | INFO     | __main__:on_train_batch_end:39 - Epoch 0, Step 1840: train_loss = 6.4442
2025-06-23 15:37:50.354 | INFO     | __main__:on_train_batch_end:39 - Epoch 0, Step 1841: train_loss = 9.3798
2025-06-23 15:37:50.614 | INFO     | __main__:on_train_batch_end:39 - Epoch 0, Step 1842: train_loss = 9.9162
2025-06-23 15:37:50.874 | INFO     | __main__:on_train_batch_end:39 - Epoch 0, Step 1843: train_loss = 5.4117
2025-06-23 15:37:51.136 | INFO     | __main__:on_train_batch_end:39 - Epoch 0, Step 1844: train_loss = 16.0000
2025-06-23 15:37:51.404 | INFO     | __main__:on_train_batch_end:39 - Epoch 0, Step 1845: train_loss = 9.1676
2025-06-23 15:37:51.667 | INFO     | __main__:on_train_batch_end:39 - Epoch 0, Step 1846: train_loss = 6.3124
2025-06-23 15:37:51.929 | INFO     | __main__:on_train_batch_end:39 - Epoch 0, Step 1847: train_loss = 3.4846
2025-06-23 15:37:52.191 | INFO     | __main__:on_train_batch_end:39 - Epoch 0, Step 1848: train_loss = 6.4684
2025-06-23 15:37:52.454 | INFO     | __main__:on_train_batch_end:39 - Epoch 0, Step 1849: train_loss = 4.1871
2025-06-23 15:37:52.717 | INFO     | __main__:on_train_batch_end:39 - Epoch 0, Step 1850: train_loss = 22.2033
2025-06-23 15:37:52.983 | INFO     | __main__:on_train_batch_end:39 - Epoch 0, Step 1851: train_loss = 14.5333
2025-06-23 15:37:53.247 | INFO     | __main__:on_train_batch_end:39 - Epoch 0, Step 1852: train_loss = 9.3790
2025-06-23 15:37:53.506 | INFO     | __main__:on_train_batch_end:39 - Epoch 0, Step 1853: train_loss = 4.0361
2025-06-23 15:37:53.769 | INFO     | __main__:on_train_batch_end:39 - Epoch 0, Step 1854: train_loss = 3.9349
2025-06-23 15:37:54.029 | INFO     | __main__:on_train_batch_end:39 - Epoch 0, Step 1855: train_loss = 9.9099
2025-06-23 15:37:54.300 | INFO     | __main__:on_train_batch_end:39 - Epoch 0, Step 1856: train_loss = 7.5010
2025-06-23 15:37:54.560 | INFO     | __main__:on_train_batch_end:39 - Epoch 0, Step 1857: train_loss = 4.2693
2025-06-23 15:37:54.822 | INFO     | __main__:on_train_batch_end:39 - Epoch 0, Step 1858: train_loss = 7.1679
2025-06-23 15:37:55.084 | INFO     | __main__:on_train_batch_end:39 - Epoch 0, Step 1859: train_loss = 5.9509
2025-06-23 15:37:55.346 | INFO     | __main__:on_train_batch_end:39 - Epoch 0, Step 1860: train_loss = 4.5996
2025-06-23 15:37:55.607 | INFO     | __main__:on_train_batch_end:39 - Epoch 0, Step 1861: train_loss = 3.9168
2025-06-23 15:37:55.870 | INFO     | __main__:on_train_batch_end:39 - Epoch 0, Step 1862: train_loss = 3.8300
2025-06-23 15:37:56.130 | INFO     | __main__:on_train_batch_end:39 - Epoch 0, Step 1863: train_loss = 3.9579
2025-06-23 15:37:56.398 | INFO     | __main__:on_train_batch_end:39 - Epoch 0, Step 1864: train_loss = 17.5889
2025-06-23 15:37:56.660 | INFO     | __main__:on_train_batch_end:39 - Epoch 0, Step 1865: train_loss = 4.4459
2025-06-23 15:37:56.921 | INFO     | __main__:on_train_batch_end:39 - Epoch 0, Step 1866: train_loss = 15.8843
2025-06-23 15:37:57.195 | INFO     | __main__:on_train_batch_end:39 - Epoch 0, Step 1867: train_loss = 9.2221
2025-06-23 15:37:57.458 | INFO     | __main__:on_train_batch_end:39 - Epoch 0, Step 1868: train_loss = 5.0120
2025-06-23 15:37:57.720 | INFO     | __main__:on_train_batch_end:39 - Epoch 0, Step 1869: train_loss = 8.1818
2025-06-23 15:37:57.982 | INFO     | __main__:on_train_batch_end:39 - Epoch 0, Step 1870: train_loss = 3.6145
2025-06-23 15:37:58.243 | INFO     | __main__:on_train_batch_end:39 - Epoch 0, Step 1871: train_loss = 6.0189
2025-06-23 15:37:58.505 | INFO     | __main__:on_train_batch_end:39 - Epoch 0, Step 1872: train_loss = 3.7782
2025-06-23 15:37:58.766 | INFO     | __main__:on_train_batch_end:39 - Epoch 0, Step 1873: train_loss = 5.4961
2025-06-23 15:37:59.027 | INFO     | __main__:on_train_batch_end:39 - Epoch 0, Step 1874: train_loss = 8.4005
2025-06-23 15:37:59.288 | INFO     | __main__:on_train_batch_end:39 - Epoch 0, Step 1875: train_loss = 8.6662
2025-06-23 15:37:59.553 | INFO     | __main__:on_train_batch_end:39 - Epoch 0, Step 1876: train_loss = 3.9266
2025-06-23 15:37:59.818 | INFO     | __main__:on_train_batch_end:39 - Epoch 0, Step 1877: train_loss = 10.4165
2025-06-23 15:38:00.083 | INFO     | __main__:on_train_batch_end:39 - Epoch 0, Step 1878: train_loss = 7.3772
2025-06-23 15:38:00.350 | INFO     | __main__:on_train_batch_end:39 - Epoch 0, Step 1879: train_loss = 7.5730
2025-06-23 15:38:00.613 | INFO     | __main__:on_train_batch_end:39 - Epoch 0, Step 1880: train_loss = 9.1578
2025-06-23 15:38:00.875 | INFO     | __main__:on_train_batch_end:39 - Epoch 0, Step 1881: train_loss = 9.0892
2025-06-23 15:38:01.137 | INFO     | __main__:on_train_batch_end:39 - Epoch 0, Step 1882: train_loss = 5.3832
2025-06-23 15:38:01.399 | INFO     | __main__:on_train_batch_end:39 - Epoch 0, Step 1883: train_loss = 18.6386
2025-06-23 15:38:01.661 | INFO     | __main__:on_train_batch_end:39 - Epoch 0, Step 1884: train_loss = 16.8519
2025-06-23 15:38:01.921 | INFO     | __main__:on_train_batch_end:39 - Epoch 0, Step 1885: train_loss = 5.7538
2025-06-23 15:38:02.183 | INFO     | __main__:on_train_batch_end:39 - Epoch 0, Step 1886: train_loss = 4.3103
2025-06-23 15:38:02.443 | INFO     | __main__:on_train_batch_end:39 - Epoch 0, Step 1887: train_loss = 16.1412
2025-06-23 15:38:02.705 | INFO     | __main__:on_train_batch_end:39 - Epoch 0, Step 1888: train_loss = 7.6188
2025-06-23 15:38:02.967 | INFO     | __main__:on_train_batch_end:39 - Epoch 0, Step 1889: train_loss = 3.5698
2025-06-23 15:38:03.231 | INFO     | __main__:on_train_batch_end:39 - Epoch 0, Step 1890: train_loss = 8.5440
2025-06-23 15:38:03.496 | INFO     | __main__:on_train_batch_end:39 - Epoch 0, Step 1891: train_loss = 6.8791
2025-06-23 15:38:03.757 | INFO     | __main__:on_train_batch_end:39 - Epoch 0, Step 1892: train_loss = 6.4542
2025-06-23 15:38:04.018 | INFO     | __main__:on_train_batch_end:39 - Epoch 0, Step 1893: train_loss = 6.2887
2025-06-23 15:38:04.283 | INFO     | __main__:on_train_batch_end:39 - Epoch 0, Step 1894: train_loss = 7.4007
2025-06-23 15:38:04.547 | INFO     | __main__:on_train_batch_end:39 - Epoch 0, Step 1895: train_loss = 4.3716
2025-06-23 15:38:04.809 | INFO     | __main__:on_train_batch_end:39 - Epoch 0, Step 1896: train_loss = 14.7389
2025-06-23 15:38:05.071 | INFO     | __main__:on_train_batch_end:39 - Epoch 0, Step 1897: train_loss = 21.5275
2025-06-23 15:38:05.333 | INFO     | __main__:on_train_batch_end:39 - Epoch 0, Step 1898: train_loss = 7.0105
2025-06-23 15:38:05.594 | INFO     | __main__:on_train_batch_end:39 - Epoch 0, Step 1899: train_loss = 15.6026
2025-06-23 15:38:05.854 | INFO     | __main__:on_train_batch_end:39 - Epoch 0, Step 1900: train_loss = 9.9345
2025-06-23 15:38:06.118 | INFO     | __main__:on_train_batch_end:39 - Epoch 0, Step 1901: train_loss = 3.5605
2025-06-23 15:38:06.388 | INFO     | __main__:on_train_batch_end:39 - Epoch 0, Step 1902: train_loss = 4.6747
2025-06-23 15:38:06.652 | INFO     | __main__:on_train_batch_end:39 - Epoch 0, Step 1903: train_loss = 8.4607
2025-06-23 15:38:06.933 | INFO     | __main__:on_train_batch_end:39 - Epoch 0, Step 1904: train_loss = 3.9440
2025-06-23 15:38:07.202 | INFO     | __main__:on_train_batch_end:39 - Epoch 0, Step 1905: train_loss = 6.0877
2025-06-23 15:38:07.473 | INFO     | __main__:on_train_batch_end:39 - Epoch 0, Step 1906: train_loss = 9.2981
2025-06-23 15:38:07.735 | INFO     | __main__:on_train_batch_end:39 - Epoch 0, Step 1907: train_loss = 5.9456
2025-06-23 15:38:08.011 | INFO     | __main__:on_train_batch_end:39 - Epoch 0, Step 1908: train_loss = 11.0193
2025-06-23 15:38:08.279 | INFO     | __main__:on_train_batch_end:39 - Epoch 0, Step 1909: train_loss = 4.1362
2025-06-23 15:38:08.552 | INFO     | __main__:on_train_batch_end:39 - Epoch 0, Step 1910: train_loss = 4.3193
2025-06-23 15:38:08.826 | INFO     | __main__:on_train_batch_end:39 - Epoch 0, Step 1911: train_loss = 6.2272
2025-06-23 15:38:09.091 | INFO     | __main__:on_train_batch_end:39 - Epoch 0, Step 1912: train_loss = 5.5538
2025-06-23 15:38:09.368 | INFO     | __main__:on_train_batch_end:39 - Epoch 0, Step 1913: train_loss = 5.8284
2025-06-23 15:38:09.637 | INFO     | __main__:on_train_batch_end:39 - Epoch 0, Step 1914: train_loss = 4.8378
2025-06-23 15:38:09.904 | INFO     | __main__:on_train_batch_end:39 - Epoch 0, Step 1915: train_loss = 4.0176
2025-06-23 15:38:10.172 | INFO     | __main__:on_train_batch_end:39 - Epoch 0, Step 1916: train_loss = 3.8429
2025-06-23 15:38:10.440 | INFO     | __main__:on_train_batch_end:39 - Epoch 0, Step 1917: train_loss = 5.9778
2025-06-23 15:38:10.711 | INFO     | __main__:on_train_batch_end:39 - Epoch 0, Step 1918: train_loss = 24.3189
2025-06-23 15:38:10.984 | INFO     | __main__:on_train_batch_end:39 - Epoch 0, Step 1919: train_loss = 3.8291
2025-06-23 15:38:11.254 | INFO     | __main__:on_train_batch_end:39 - Epoch 0, Step 1920: train_loss = 3.6621
2025-06-23 15:38:11.515 | INFO     | __main__:on_train_batch_end:39 - Epoch 0, Step 1921: train_loss = 4.0984
2025-06-23 15:38:11.778 | INFO     | __main__:on_train_batch_end:39 - Epoch 0, Step 1922: train_loss = 7.1851
2025-06-23 15:38:12.040 | INFO     | __main__:on_train_batch_end:39 - Epoch 0, Step 1923: train_loss = 34.9039
2025-06-23 15:38:12.312 | INFO     | __main__:on_train_batch_end:39 - Epoch 0, Step 1924: train_loss = 7.4541
2025-06-23 15:38:12.585 | INFO     | __main__:on_train_batch_end:39 - Epoch 0, Step 1925: train_loss = 6.5231
2025-06-23 15:38:12.941 | INFO     | __main__:on_train_batch_end:39 - Epoch 0, Step 1926: train_loss = 3.7910
2025-06-23 15:38:13.206 | INFO     | __main__:on_train_batch_end:39 - Epoch 0, Step 1927: train_loss = 4.6666
2025-06-23 15:38:13.468 | INFO     | __main__:on_train_batch_end:39 - Epoch 0, Step 1928: train_loss = 6.3313
2025-06-23 15:38:13.732 | INFO     | __main__:on_train_batch_end:39 - Epoch 0, Step 1929: train_loss = 6.7824
2025-06-23 15:38:13.993 | INFO     | __main__:on_train_batch_end:39 - Epoch 0, Step 1930: train_loss = 3.7856
2025-06-23 15:38:14.257 | INFO     | __main__:on_train_batch_end:39 - Epoch 0, Step 1931: train_loss = 4.6740
2025-06-23 15:38:14.520 | INFO     | __main__:on_train_batch_end:39 - Epoch 0, Step 1932: train_loss = 16.7917
2025-06-23 15:38:14.782 | INFO     | __main__:on_train_batch_end:39 - Epoch 0, Step 1933: train_loss = 15.8033
2025-06-23 15:38:15.047 | INFO     | __main__:on_train_batch_end:39 - Epoch 0, Step 1934: train_loss = 20.7470
2025-06-23 15:38:15.313 | INFO     | __main__:on_train_batch_end:39 - Epoch 0, Step 1935: train_loss = 13.7586
2025-06-23 15:38:15.587 | INFO     | __main__:on_train_batch_end:39 - Epoch 0, Step 1936: train_loss = 11.7002
2025-06-23 15:38:15.864 | INFO     | __main__:on_train_batch_end:39 - Epoch 0, Step 1937: train_loss = 11.0204
2025-06-23 15:38:16.126 | INFO     | __main__:on_train_batch_end:39 - Epoch 0, Step 1938: train_loss = 7.6185
2025-06-23 15:38:16.392 | INFO     | __main__:on_train_batch_end:39 - Epoch 0, Step 1939: train_loss = 4.7971
2025-06-23 15:38:16.655 | INFO     | __main__:on_train_batch_end:39 - Epoch 0, Step 1940: train_loss = 32.0277
2025-06-23 15:38:16.917 | INFO     | __main__:on_train_batch_end:39 - Epoch 0, Step 1941: train_loss = 5.2775
2025-06-23 15:38:17.181 | INFO     | __main__:on_train_batch_end:39 - Epoch 0, Step 1942: train_loss = 3.9034
2025-06-23 15:38:17.444 | INFO     | __main__:on_train_batch_end:39 - Epoch 0, Step 1943: train_loss = 6.9869
2025-06-23 15:38:17.704 | INFO     | __main__:on_train_batch_end:39 - Epoch 0, Step 1944: train_loss = 7.4875
2025-06-23 15:38:17.965 | INFO     | __main__:on_train_batch_end:39 - Epoch 0, Step 1945: train_loss = 3.6151
2025-06-23 15:38:18.228 | INFO     | __main__:on_train_batch_end:39 - Epoch 0, Step 1946: train_loss = 5.1570
2025-06-23 15:38:18.496 | INFO     | __main__:on_train_batch_end:39 - Epoch 0, Step 1947: train_loss = 4.1447
2025-06-23 15:38:18.758 | INFO     | __main__:on_train_batch_end:39 - Epoch 0, Step 1948: train_loss = 13.0691
2025-06-23 15:38:19.021 | INFO     | __main__:on_train_batch_end:39 - Epoch 0, Step 1949: train_loss = 9.7797
2025-06-23 15:38:19.287 | INFO     | __main__:on_train_batch_end:39 - Epoch 0, Step 1950: train_loss = 11.0496
2025-06-23 15:38:19.552 | INFO     | __main__:on_train_batch_end:39 - Epoch 0, Step 1951: train_loss = 13.3312
2025-06-23 15:38:19.815 | INFO     | __main__:on_train_batch_end:39 - Epoch 0, Step 1952: train_loss = 7.2393
2025-06-23 15:38:20.078 | INFO     | __main__:on_train_batch_end:39 - Epoch 0, Step 1953: train_loss = 11.7899
2025-06-23 15:38:20.339 | INFO     | __main__:on_train_batch_end:39 - Epoch 0, Step 1954: train_loss = 6.5265
2025-06-23 15:38:20.601 | INFO     | __main__:on_train_batch_end:39 - Epoch 0, Step 1955: train_loss = 13.6632
2025-06-23 15:38:20.863 | INFO     | __main__:on_train_batch_end:39 - Epoch 0, Step 1956: train_loss = 4.9107
2025-06-23 15:38:21.124 | INFO     | __main__:on_train_batch_end:39 - Epoch 0, Step 1957: train_loss = 11.1386
2025-06-23 15:38:21.394 | INFO     | __main__:on_train_batch_end:39 - Epoch 0, Step 1958: train_loss = 5.3736
2025-06-23 15:38:21.656 | INFO     | __main__:on_train_batch_end:39 - Epoch 0, Step 1959: train_loss = 9.7485
2025-06-23 15:38:21.922 | INFO     | __main__:on_train_batch_end:39 - Epoch 0, Step 1960: train_loss = 8.3720
2025-06-23 15:38:22.187 | INFO     | __main__:on_train_batch_end:39 - Epoch 0, Step 1961: train_loss = 4.0427
2025-06-23 15:38:22.457 | INFO     | __main__:on_train_batch_end:39 - Epoch 0, Step 1962: train_loss = 4.3824
2025-06-23 15:38:22.722 | INFO     | __main__:on_train_batch_end:39 - Epoch 0, Step 1963: train_loss = 12.5850
2025-06-23 15:38:22.984 | INFO     | __main__:on_train_batch_end:39 - Epoch 0, Step 1964: train_loss = 8.7995
2025-06-23 15:38:23.245 | INFO     | __main__:on_train_batch_end:39 - Epoch 0, Step 1965: train_loss = 7.4077
2025-06-23 15:38:23.509 | INFO     | __main__:on_train_batch_end:39 - Epoch 0, Step 1966: train_loss = 4.6469
2025-06-23 15:38:23.770 | INFO     | __main__:on_train_batch_end:39 - Epoch 0, Step 1967: train_loss = 3.5854
2025-06-23 15:38:24.030 | INFO     | __main__:on_train_batch_end:39 - Epoch 0, Step 1968: train_loss = 4.0978
2025-06-23 15:38:24.297 | INFO     | __main__:on_train_batch_end:39 - Epoch 0, Step 1969: train_loss = 12.5722
2025-06-23 15:38:24.557 | INFO     | __main__:on_train_batch_end:39 - Epoch 0, Step 1970: train_loss = 7.4593
2025-06-23 15:38:24.820 | INFO     | __main__:on_train_batch_end:39 - Epoch 0, Step 1971: train_loss = 16.2584
2025-06-23 15:38:25.082 | INFO     | __main__:on_train_batch_end:39 - Epoch 0, Step 1972: train_loss = 3.7728
2025-06-23 15:38:25.341 | INFO     | __main__:on_train_batch_end:39 - Epoch 0, Step 1973: train_loss = 3.6044
2025-06-23 15:38:25.603 | INFO     | __main__:on_train_batch_end:39 - Epoch 0, Step 1974: train_loss = 6.1805
2025-06-23 15:38:25.866 | INFO     | __main__:on_train_batch_end:39 - Epoch 0, Step 1975: train_loss = 5.5051
2025-06-23 15:38:26.127 | INFO     | __main__:on_train_batch_end:39 - Epoch 0, Step 1976: train_loss = 3.7151
2025-06-23 15:38:26.390 | INFO     | __main__:on_train_batch_end:39 - Epoch 0, Step 1977: train_loss = 28.3198
2025-06-23 15:38:26.653 | INFO     | __main__:on_train_batch_end:39 - Epoch 0, Step 1978: train_loss = 4.1172
2025-06-23 15:38:26.914 | INFO     | __main__:on_train_batch_end:39 - Epoch 0, Step 1979: train_loss = 4.0839
2025-06-23 15:38:27.174 | INFO     | __main__:on_train_batch_end:39 - Epoch 0, Step 1980: train_loss = 5.0759
2025-06-23 15:38:27.440 | INFO     | __main__:on_train_batch_end:39 - Epoch 0, Step 1981: train_loss = 3.5839
2025-06-23 15:38:27.712 | INFO     | __main__:on_train_batch_end:39 - Epoch 0, Step 1982: train_loss = 7.6235
2025-06-23 15:38:27.974 | INFO     | __main__:on_train_batch_end:39 - Epoch 0, Step 1983: train_loss = 5.8652
2025-06-23 15:38:28.237 | INFO     | __main__:on_train_batch_end:39 - Epoch 0, Step 1984: train_loss = 4.6453
2025-06-23 15:38:28.499 | INFO     | __main__:on_train_batch_end:39 - Epoch 0, Step 1985: train_loss = 4.7119
2025-06-23 15:38:28.763 | INFO     | __main__:on_train_batch_end:39 - Epoch 0, Step 1986: train_loss = 5.9159
2025-06-23 15:38:29.026 | INFO     | __main__:on_train_batch_end:39 - Epoch 0, Step 1987: train_loss = 7.0223
2025-06-23 15:38:29.289 | INFO     | __main__:on_train_batch_end:39 - Epoch 0, Step 1988: train_loss = 6.2511
2025-06-23 15:38:29.551 | INFO     | __main__:on_train_batch_end:39 - Epoch 0, Step 1989: train_loss = 12.9935
2025-06-23 15:38:29.812 | INFO     | __main__:on_train_batch_end:39 - Epoch 0, Step 1990: train_loss = 5.6958
2025-06-23 15:38:30.074 | INFO     | __main__:on_train_batch_end:39 - Epoch 0, Step 1991: train_loss = 3.8521
2025-06-23 15:38:30.342 | INFO     | __main__:on_train_batch_end:39 - Epoch 0, Step 1992: train_loss = 3.9862
2025-06-23 15:38:30.603 | INFO     | __main__:on_train_batch_end:39 - Epoch 0, Step 1993: train_loss = 4.1519
2025-06-23 15:38:30.868 | INFO     | __main__:on_train_batch_end:39 - Epoch 0, Step 1994: train_loss = 3.6776
2025-06-23 15:38:31.128 | INFO     | __main__:on_train_batch_end:39 - Epoch 0, Step 1995: train_loss = 3.6072
2025-06-23 15:38:31.390 | INFO     | __main__:on_train_batch_end:39 - Epoch 0, Step 1996: train_loss = 6.0067
2025-06-23 15:38:31.651 | INFO     | __main__:on_train_batch_end:39 - Epoch 0, Step 1997: train_loss = 7.1301
2025-06-23 15:38:31.913 | INFO     | __main__:on_train_batch_end:39 - Epoch 0, Step 1998: train_loss = 4.2879
2025-06-23 15:38:32.175 | INFO     | __main__:on_train_batch_end:39 - Epoch 0, Step 1999: train_loss = 4.4121
2025-06-23 15:38:32.437 | INFO     | __main__:on_train_batch_end:39 - Epoch 0, Step 2000: train_loss = 6.7142
2025-06-23 15:38:32.700 | INFO     | __main__:on_train_batch_end:39 - Epoch 0, Step 2001: train_loss = 12.0475
2025-06-23 15:38:32.961 | INFO     | __main__:on_train_batch_end:39 - Epoch 0, Step 2002: train_loss = 11.7747
2025-06-23 15:38:33.221 | INFO     | __main__:on_train_batch_end:39 - Epoch 0, Step 2003: train_loss = 4.2997
2025-06-23 15:38:33.485 | INFO     | __main__:on_train_batch_end:39 - Epoch 0, Step 2004: train_loss = 5.8859
2025-06-23 15:38:33.747 | INFO     | __main__:on_train_batch_end:39 - Epoch 0, Step 2005: train_loss = 3.4917
2025-06-23 15:38:34.009 | INFO     | __main__:on_train_batch_end:39 - Epoch 0, Step 2006: train_loss = 5.6744
2025-06-23 15:38:34.271 | INFO     | __main__:on_train_batch_end:39 - Epoch 0, Step 2007: train_loss = 9.7864
2025-06-23 15:38:34.531 | INFO     | __main__:on_train_batch_end:39 - Epoch 0, Step 2008: train_loss = 4.3769
2025-06-23 15:38:34.793 | INFO     | __main__:on_train_batch_end:39 - Epoch 0, Step 2009: train_loss = 6.7840
2025-06-23 15:38:35.053 | INFO     | __main__:on_train_batch_end:39 - Epoch 0, Step 2010: train_loss = 3.9421
2025-06-23 15:38:35.318 | INFO     | __main__:on_train_batch_end:39 - Epoch 0, Step 2011: train_loss = 15.4716
2025-06-23 15:38:35.587 | INFO     | __main__:on_train_batch_end:39 - Epoch 0, Step 2012: train_loss = 7.6675
2025-06-23 15:38:35.849 | INFO     | __main__:on_train_batch_end:39 - Epoch 0, Step 2013: train_loss = 12.6639
2025-06-23 15:38:36.110 | INFO     | __main__:on_train_batch_end:39 - Epoch 0, Step 2014: train_loss = 4.4047
2025-06-23 15:38:36.374 | INFO     | __main__:on_train_batch_end:39 - Epoch 0, Step 2015: train_loss = 7.8101
2025-06-23 15:38:36.636 | INFO     | __main__:on_train_batch_end:39 - Epoch 0, Step 2016: train_loss = 4.4769
2025-06-23 15:38:36.897 | INFO     | __main__:on_train_batch_end:39 - Epoch 0, Step 2017: train_loss = 15.0534
2025-06-23 15:38:37.159 | INFO     | __main__:on_train_batch_end:39 - Epoch 0, Step 2018: train_loss = 3.9272
2025-06-23 15:38:37.434 | INFO     | __main__:on_train_batch_end:39 - Epoch 0, Step 2019: train_loss = 10.5696
2025-06-23 15:38:37.711 | INFO     | __main__:on_train_batch_end:39 - Epoch 0, Step 2020: train_loss = 28.7789
2025-06-23 15:38:37.986 | INFO     | __main__:on_train_batch_end:39 - Epoch 0, Step 2021: train_loss = 3.7510
2025-06-23 15:38:38.257 | INFO     | __main__:on_train_batch_end:39 - Epoch 0, Step 2022: train_loss = 6.1336
2025-06-23 15:38:38.519 | INFO     | __main__:on_train_batch_end:39 - Epoch 0, Step 2023: train_loss = 9.7010
2025-06-23 15:38:38.790 | INFO     | __main__:on_train_batch_end:39 - Epoch 0, Step 2024: train_loss = 15.0048
2025-06-23 15:38:39.067 | INFO     | __main__:on_train_batch_end:39 - Epoch 0, Step 2025: train_loss = 4.2430
2025-06-23 15:38:39.334 | INFO     | __main__:on_train_batch_end:39 - Epoch 0, Step 2026: train_loss = 7.3476
2025-06-23 15:38:39.597 | INFO     | __main__:on_train_batch_end:39 - Epoch 0, Step 2027: train_loss = 9.5421
2025-06-23 15:38:39.860 | INFO     | __main__:on_train_batch_end:39 - Epoch 0, Step 2028: train_loss = 26.1952
2025-06-23 15:38:40.125 | INFO     | __main__:on_train_batch_end:39 - Epoch 0, Step 2029: train_loss = 7.5744
2025-06-23 15:38:40.386 | INFO     | __main__:on_train_batch_end:39 - Epoch 0, Step 2030: train_loss = 7.0758
2025-06-23 15:38:40.649 | INFO     | __main__:on_train_batch_end:39 - Epoch 0, Step 2031: train_loss = 4.0798
2025-06-23 15:38:40.918 | INFO     | __main__:on_train_batch_end:39 - Epoch 0, Step 2032: train_loss = 6.0913
2025-06-23 15:38:41.187 | INFO     | __main__:on_train_batch_end:39 - Epoch 0, Step 2033: train_loss = 6.4176
2025-06-23 15:38:41.448 | INFO     | __main__:on_train_batch_end:39 - Epoch 0, Step 2034: train_loss = 3.9228
2025-06-23 15:38:41.711 | INFO     | __main__:on_train_batch_end:39 - Epoch 0, Step 2035: train_loss = 17.6272
2025-06-23 15:38:41.971 | INFO     | __main__:on_train_batch_end:39 - Epoch 0, Step 2036: train_loss = 21.5471
2025-06-23 15:38:42.235 | INFO     | __main__:on_train_batch_end:39 - Epoch 0, Step 2037: train_loss = 3.8839
2025-06-23 15:38:42.501 | INFO     | __main__:on_train_batch_end:39 - Epoch 0, Step 2038: train_loss = 4.1118
2025-06-23 15:38:42.762 | INFO     | __main__:on_train_batch_end:39 - Epoch 0, Step 2039: train_loss = 6.0576
2025-06-23 15:38:43.023 | INFO     | __main__:on_train_batch_end:39 - Epoch 0, Step 2040: train_loss = 5.4202
2025-06-23 15:38:43.288 | INFO     | __main__:on_train_batch_end:39 - Epoch 0, Step 2041: train_loss = 11.0140
2025-06-23 15:38:43.550 | INFO     | __main__:on_train_batch_end:39 - Epoch 0, Step 2042: train_loss = 5.7575
2025-06-23 15:38:43.814 | INFO     | __main__:on_train_batch_end:39 - Epoch 0, Step 2043: train_loss = 7.1661
2025-06-23 15:38:44.075 | INFO     | __main__:on_train_batch_end:39 - Epoch 0, Step 2044: train_loss = 6.3849
2025-06-23 15:38:44.340 | INFO     | __main__:on_train_batch_end:39 - Epoch 0, Step 2045: train_loss = 10.4603
2025-06-23 15:38:44.705 | INFO     | __main__:on_train_batch_end:39 - Epoch 0, Step 2046: train_loss = 6.3141
2025-06-23 15:38:44.969 | INFO     | __main__:on_train_batch_end:39 - Epoch 0, Step 2047: train_loss = 13.0835
2025-06-23 15:38:45.235 | INFO     | __main__:on_train_batch_end:39 - Epoch 0, Step 2048: train_loss = 5.8460
2025-06-23 15:38:45.500 | INFO     | __main__:on_train_batch_end:39 - Epoch 0, Step 2049: train_loss = 4.0388
2025-06-23 15:38:45.761 | INFO     | __main__:on_train_batch_end:39 - Epoch 0, Step 2050: train_loss = 4.3424
2025-06-23 15:38:46.022 | INFO     | __main__:on_train_batch_end:39 - Epoch 0, Step 2051: train_loss = 5.4157
2025-06-23 15:38:46.285 | INFO     | __main__:on_train_batch_end:39 - Epoch 0, Step 2052: train_loss = 6.0367
2025-06-23 15:38:46.547 | INFO     | __main__:on_train_batch_end:39 - Epoch 0, Step 2053: train_loss = 22.2410
2025-06-23 15:38:46.810 | INFO     | __main__:on_train_batch_end:39 - Epoch 0, Step 2054: train_loss = 5.0421
2025-06-23 15:38:47.072 | INFO     | __main__:on_train_batch_end:39 - Epoch 0, Step 2055: train_loss = 5.6182
2025-06-23 15:38:47.336 | INFO     | __main__:on_train_batch_end:39 - Epoch 0, Step 2056: train_loss = 18.0409
2025-06-23 15:38:47.597 | INFO     | __main__:on_train_batch_end:39 - Epoch 0, Step 2057: train_loss = 4.7014
2025-06-23 15:38:47.857 | INFO     | __main__:on_train_batch_end:39 - Epoch 0, Step 2058: train_loss = 5.9096
2025-06-23 15:38:48.122 | INFO     | __main__:on_train_batch_end:39 - Epoch 0, Step 2059: train_loss = 3.9342
2025-06-23 15:38:48.388 | INFO     | __main__:on_train_batch_end:39 - Epoch 0, Step 2060: train_loss = 4.5189
2025-06-23 15:38:48.650 | INFO     | __main__:on_train_batch_end:39 - Epoch 0, Step 2061: train_loss = 6.7686
2025-06-23 15:38:48.913 | INFO     | __main__:on_train_batch_end:39 - Epoch 0, Step 2062: train_loss = 3.5707
2025-06-23 15:38:49.174 | INFO     | __main__:on_train_batch_end:39 - Epoch 0, Step 2063: train_loss = 11.2234
2025-06-23 15:38:49.434 | INFO     | __main__:on_train_batch_end:39 - Epoch 0, Step 2064: train_loss = 3.6341
2025-06-23 15:38:49.697 | INFO     | __main__:on_train_batch_end:39 - Epoch 0, Step 2065: train_loss = 6.8008
2025-06-23 15:38:49.958 | INFO     | __main__:on_train_batch_end:39 - Epoch 0, Step 2066: train_loss = 3.7799
2025-06-23 15:38:50.225 | INFO     | __main__:on_train_batch_end:39 - Epoch 0, Step 2067: train_loss = 10.1787
2025-06-23 15:38:50.491 | INFO     | __main__:on_train_batch_end:39 - Epoch 0, Step 2068: train_loss = 4.9644
2025-06-23 15:38:50.752 | INFO     | __main__:on_train_batch_end:39 - Epoch 0, Step 2069: train_loss = 6.5260
2025-06-23 15:38:51.012 | INFO     | __main__:on_train_batch_end:39 - Epoch 0, Step 2070: train_loss = 4.0132
2025-06-23 15:38:51.274 | INFO     | __main__:on_train_batch_end:39 - Epoch 0, Step 2071: train_loss = 7.3398
2025-06-23 15:38:51.538 | INFO     | __main__:on_train_batch_end:39 - Epoch 0, Step 2072: train_loss = 4.6064
2025-06-23 15:38:51.801 | INFO     | __main__:on_train_batch_end:39 - Epoch 0, Step 2073: train_loss = 9.4324
2025-06-23 15:38:52.063 | INFO     | __main__:on_train_batch_end:39 - Epoch 0, Step 2074: train_loss = 9.0159
2025-06-23 15:38:52.318 | INFO     | __main__:on_train_batch_end:39 - Epoch 0, Step 2075: train_loss = 3.6348
2025-06-23 15:38:52.575 | INFO     | __main__:on_train_batch_end:39 - Epoch 0, Step 2076: train_loss = 4.6993
2025-06-23 15:38:52.830 | INFO     | __main__:on_train_batch_end:39 - Epoch 0, Step 2077: train_loss = 3.5743
2025-06-23 15:38:53.084 | INFO     | __main__:on_train_batch_end:39 - Epoch 0, Step 2078: train_loss = 8.1732
2025-06-23 15:38:53.340 | INFO     | __main__:on_train_batch_end:39 - Epoch 0, Step 2079: train_loss = 6.1358
2025-06-23 15:38:53.600 | INFO     | __main__:on_train_batch_end:39 - Epoch 0, Step 2080: train_loss = 11.2166
2025-06-23 15:38:53.856 | INFO     | __main__:on_train_batch_end:39 - Epoch 0, Step 2081: train_loss = 6.0855
2025-06-23 15:38:54.112 | INFO     | __main__:on_train_batch_end:39 - Epoch 0, Step 2082: train_loss = 4.5960
2025-06-23 15:41:27.995 | INFO     | __main__:on_train_end:58 - Training finished. Saving final model weights to finetune_of_noise/weights/dpflow-sintel-noisy.pth
2025-06-23 15:41:27.998 | INFO     | __main__:on_train_end:70 - Successfully saved weights to finetune_of_noise/weights/dpflow-sintel-noisy.pth
2025-06-23 15:41:28.244 | INFO     | __main__:main:262 - Training completed successfully!
