2025-06-23 16:11:23.490 | INFO     | __main__:main:186 - Logs for this run will be saved to finetune_of_noise/logs/train_noisy_20250623-161123.log
2025-06-23 16:11:23.490 | INFO     | __main__:main:206 - Loading model: dpflow
2025-06-23 16:11:23.580 | INFO     | ptlflow.models.dpflow.dpflow:__init__:158 - DPFlow: --model.pyramid_levels is not set, the number of pyramid levels will be inferred from the input size.
2025-06-23 16:11:23.771 | INFO     | ptlflow:restore_model:283 - Restored model state from checkpoint: things
2025-06-23 16:11:23.771 | INFO     | __main__:main:215 - Loading dataset: sintel
2025-06-23 16:11:23.772 | INFO     | __main__:main:246 - Setting up trainer.
2025-06-23 16:11:23.776 | INFO     | __main__:main:267 - Starting training.
2025-06-23 16:11:23.802 | INFO     | __main__:_patched_load_dataset_paths:239 - --- Applying monkey-patch to populate dataset_paths ---
2025-06-23 16:11:23.816 | WARNING  | ptlflow.data.flow_datamodule:_get_sintel_dataset:715 - --train_crop_size is not set. It will be set as (368, 768).
2025-06-23 16:11:23.921 | INFO     | ptlflow.data.datasets:_log_status:257 - Loading 2082 samples from Sintel_clean_final dataset.
2025-06-23 16:11:23.922 | INFO     | ptlflow.models.base_model.base_model:configure_optimizers:532 - --trainer.max_steps is not provided. max_steps will be set as 104100 (50 epochs * 2082 steps per epoch / 1 devices / 1 accumulate grad steps)
2025-06-23 16:11:23.922 | WARNING  | ptlflow.models.base_model.base_model:configure_optimizers:548 - --model.wdecay is not set. It will be set as 0.0001
2025-06-23 16:11:23.972 | INFO     | ptlflow.data.datasets:_log_status:257 - Loading 2082 samples from Sintel_clean_final dataset.
2025-06-23 16:11:24.035 | INFO     | ptlflow.models.dpflow.dpflow:forward_flow:366 - DPFlow: Detected change in input size. The number of pyramid levels will change to 3, corresponding to output stride 32.
2025-06-23 16:11:24.389 | INFO     | ptlflow.models.base_model.base_model:on_validation_epoch_end:449 - main_val_metric is tracking the metric sintel_clean_final-trainval/val/epe
2025-06-23 16:11:24.418 | INFO     | ptlflow.data.datasets:_log_status:257 - Loading 2082 samples from Sintel_clean_final dataset.
2025-06-23 16:11:25.090 | INFO     | __main__:on_train_batch_end:39 - Epoch 0, Step 1: train_loss = 32.6457
2025-06-23 16:11:25.359 | INFO     | __main__:on_train_batch_end:39 - Epoch 0, Step 2: train_loss = 7.3209
2025-06-23 16:11:25.615 | INFO     | __main__:on_train_batch_end:39 - Epoch 0, Step 3: train_loss = 24.1719
2025-06-23 16:11:25.872 | INFO     | __main__:on_train_batch_end:39 - Epoch 0, Step 4: train_loss = 15.2064
2025-06-23 16:11:26.127 | INFO     | __main__:on_train_batch_end:39 - Epoch 0, Step 5: train_loss = 6.2211
2025-06-23 16:11:26.382 | INFO     | __main__:on_train_batch_end:39 - Epoch 0, Step 6: train_loss = 4.6131
2025-06-23 16:11:26.639 | INFO     | __main__:on_train_batch_end:39 - Epoch 0, Step 7: train_loss = 7.1399
2025-06-23 16:11:26.894 | INFO     | __main__:on_train_batch_end:39 - Epoch 0, Step 8: train_loss = 48.2101
2025-06-23 16:11:27.152 | INFO     | __main__:on_train_batch_end:39 - Epoch 0, Step 9: train_loss = 12.7189
2025-06-23 16:11:27.408 | INFO     | __main__:on_train_batch_end:39 - Epoch 0, Step 10: train_loss = 7.9805
2025-06-23 16:11:27.666 | INFO     | __main__:on_train_batch_end:39 - Epoch 0, Step 11: train_loss = 14.4875
2025-06-23 16:11:27.923 | INFO     | __main__:on_train_batch_end:39 - Epoch 0, Step 12: train_loss = 26.6572
2025-06-23 16:11:28.180 | INFO     | __main__:on_train_batch_end:39 - Epoch 0, Step 13: train_loss = 29.1368
2025-06-23 16:11:28.437 | INFO     | __main__:on_train_batch_end:39 - Epoch 0, Step 14: train_loss = 8.2997
2025-06-23 16:11:28.692 | INFO     | __main__:on_train_batch_end:39 - Epoch 0, Step 15: train_loss = 4.2670
2025-06-23 16:11:28.949 | INFO     | __main__:on_train_batch_end:39 - Epoch 0, Step 16: train_loss = 5.1859
2025-06-23 16:11:29.206 | INFO     | __main__:on_train_batch_end:39 - Epoch 0, Step 17: train_loss = 3.8336
2025-06-23 16:11:29.573 | INFO     | __main__:on_train_batch_end:39 - Epoch 0, Step 18: train_loss = 6.6506
2025-06-23 16:11:29.829 | INFO     | __main__:on_train_batch_end:39 - Epoch 0, Step 19: train_loss = 5.0097
2025-06-23 16:11:30.084 | INFO     | __main__:on_train_batch_end:39 - Epoch 0, Step 20: train_loss = 4.7298
2025-06-23 16:11:30.343 | INFO     | __main__:on_train_batch_end:39 - Epoch 0, Step 21: train_loss = 19.7428
2025-06-23 16:11:30.600 | INFO     | __main__:on_train_batch_end:39 - Epoch 0, Step 22: train_loss = 6.8270
2025-06-23 16:11:30.858 | INFO     | __main__:on_train_batch_end:39 - Epoch 0, Step 23: train_loss = 16.8333
2025-06-23 16:11:31.115 | INFO     | __main__:on_train_batch_end:39 - Epoch 0, Step 24: train_loss = 15.6305
2025-06-23 16:11:31.376 | INFO     | __main__:on_train_batch_end:39 - Epoch 0, Step 25: train_loss = 3.9942
2025-06-23 16:11:31.632 | INFO     | __main__:on_train_batch_end:39 - Epoch 0, Step 26: train_loss = 3.6715
2025-06-23 16:11:31.891 | INFO     | __main__:on_train_batch_end:39 - Epoch 0, Step 27: train_loss = 6.0391
2025-06-23 16:11:32.148 | INFO     | __main__:on_train_batch_end:39 - Epoch 0, Step 28: train_loss = 5.6515
2025-06-23 16:11:32.408 | INFO     | __main__:on_train_batch_end:39 - Epoch 0, Step 29: train_loss = 13.2478
2025-06-23 16:11:32.669 | INFO     | __main__:on_train_batch_end:39 - Epoch 0, Step 30: train_loss = 5.4245
2025-06-23 16:11:32.928 | INFO     | __main__:on_train_batch_end:39 - Epoch 0, Step 31: train_loss = 7.5387
2025-06-23 16:11:33.187 | INFO     | __main__:on_train_batch_end:39 - Epoch 0, Step 32: train_loss = 4.2747
2025-06-23 16:11:33.447 | INFO     | __main__:on_train_batch_end:39 - Epoch 0, Step 33: train_loss = 8.2493
2025-06-23 16:11:33.717 | INFO     | __main__:on_train_batch_end:39 - Epoch 0, Step 34: train_loss = 54.7411
2025-06-23 16:11:33.997 | INFO     | __main__:on_train_batch_end:39 - Epoch 0, Step 35: train_loss = 5.1977
2025-06-23 16:11:34.269 | INFO     | __main__:on_train_batch_end:39 - Epoch 0, Step 36: train_loss = 17.4190
2025-06-23 16:11:34.540 | INFO     | __main__:on_train_batch_end:39 - Epoch 0, Step 37: train_loss = 19.8305
2025-06-23 16:11:34.798 | INFO     | __main__:on_train_batch_end:39 - Epoch 0, Step 38: train_loss = 4.4693
2025-06-23 16:11:35.058 | INFO     | __main__:on_train_batch_end:39 - Epoch 0, Step 39: train_loss = 5.5917
2025-06-23 16:11:35.314 | INFO     | __main__:on_train_batch_end:39 - Epoch 0, Step 40: train_loss = 4.6076
2025-06-23 16:11:35.573 | INFO     | __main__:on_train_batch_end:39 - Epoch 0, Step 41: train_loss = 16.8136
2025-06-23 16:11:35.830 | INFO     | __main__:on_train_batch_end:39 - Epoch 0, Step 42: train_loss = 5.3542
2025-06-23 16:11:36.089 | INFO     | __main__:on_train_batch_end:39 - Epoch 0, Step 43: train_loss = 5.8931
2025-06-23 16:11:36.347 | INFO     | __main__:on_train_batch_end:39 - Epoch 0, Step 44: train_loss = 26.7852
2025-06-23 16:11:36.610 | INFO     | __main__:on_train_batch_end:39 - Epoch 0, Step 45: train_loss = 8.4333
2025-06-23 16:11:36.873 | INFO     | __main__:on_train_batch_end:39 - Epoch 0, Step 46: train_loss = 11.1361
2025-06-23 16:11:37.133 | INFO     | __main__:on_train_batch_end:39 - Epoch 0, Step 47: train_loss = 12.9231
2025-06-23 16:11:37.393 | INFO     | __main__:on_train_batch_end:39 - Epoch 0, Step 48: train_loss = 9.2732
2025-06-23 16:11:37.653 | INFO     | __main__:on_train_batch_end:39 - Epoch 0, Step 49: train_loss = 3.8551
2025-06-23 16:11:37.915 | INFO     | __main__:on_train_batch_end:39 - Epoch 0, Step 50: train_loss = 17.7686
2025-06-23 16:11:38.178 | INFO     | __main__:on_train_batch_end:39 - Epoch 0, Step 51: train_loss = 3.6262
2025-06-23 16:11:38.441 | INFO     | __main__:on_train_batch_end:39 - Epoch 0, Step 52: train_loss = 5.0329
2025-06-23 16:11:38.701 | INFO     | __main__:on_train_batch_end:39 - Epoch 0, Step 53: train_loss = 14.6668
2025-06-23 16:11:38.963 | INFO     | __main__:on_train_batch_end:39 - Epoch 0, Step 54: train_loss = 21.3070
2025-06-23 16:11:39.225 | INFO     | __main__:on_train_batch_end:39 - Epoch 0, Step 55: train_loss = 4.7936
2025-06-23 16:11:39.484 | INFO     | __main__:on_train_batch_end:39 - Epoch 0, Step 56: train_loss = 4.2313
2025-06-23 16:11:39.750 | INFO     | __main__:on_train_batch_end:39 - Epoch 0, Step 57: train_loss = 25.6855
2025-06-23 16:11:40.012 | INFO     | __main__:on_train_batch_end:39 - Epoch 0, Step 58: train_loss = 4.0004
2025-06-23 16:11:40.276 | INFO     | __main__:on_train_batch_end:39 - Epoch 0, Step 59: train_loss = 6.9289
2025-06-23 16:11:40.538 | INFO     | __main__:on_train_batch_end:39 - Epoch 0, Step 60: train_loss = 11.7010
2025-06-23 16:11:40.798 | INFO     | __main__:on_train_batch_end:39 - Epoch 0, Step 61: train_loss = 4.0454
2025-06-23 16:11:41.059 | INFO     | __main__:on_train_batch_end:39 - Epoch 0, Step 62: train_loss = 22.6904
2025-06-23 16:11:41.334 | INFO     | __main__:on_train_batch_end:39 - Epoch 0, Step 63: train_loss = 3.5908
2025-06-23 16:11:41.609 | INFO     | __main__:on_train_batch_end:39 - Epoch 0, Step 64: train_loss = 4.9012
2025-06-23 16:11:41.887 | INFO     | __main__:on_train_batch_end:39 - Epoch 0, Step 65: train_loss = 18.6812
2025-06-23 16:11:42.187 | INFO     | __main__:on_train_batch_end:39 - Epoch 0, Step 66: train_loss = 4.1788
2025-06-23 16:11:42.452 | INFO     | __main__:on_train_batch_end:39 - Epoch 0, Step 67: train_loss = 4.9385
2025-06-23 16:11:42.720 | INFO     | __main__:on_train_batch_end:39 - Epoch 0, Step 68: train_loss = 9.5524
2025-06-23 16:11:42.982 | INFO     | __main__:on_train_batch_end:39 - Epoch 0, Step 69: train_loss = 5.9288
2025-06-23 16:11:43.246 | INFO     | __main__:on_train_batch_end:39 - Epoch 0, Step 70: train_loss = 5.9499
2025-06-23 16:11:43.515 | INFO     | __main__:on_train_batch_end:39 - Epoch 0, Step 71: train_loss = 5.5149
2025-06-23 16:11:43.792 | INFO     | __main__:on_train_batch_end:39 - Epoch 0, Step 72: train_loss = 12.4348
2025-06-23 16:11:44.070 | INFO     | __main__:on_train_batch_end:39 - Epoch 0, Step 73: train_loss = 18.7129
2025-06-23 16:11:44.335 | INFO     | __main__:on_train_batch_end:39 - Epoch 0, Step 74: train_loss = 9.9300
2025-06-23 16:11:44.605 | INFO     | __main__:on_train_batch_end:39 - Epoch 0, Step 75: train_loss = 14.2548
2025-06-23 16:11:44.895 | INFO     | __main__:on_train_batch_end:39 - Epoch 0, Step 76: train_loss = 8.3102
2025-06-23 16:11:45.158 | INFO     | __main__:on_train_batch_end:39 - Epoch 0, Step 77: train_loss = 5.9216
2025-06-23 16:11:45.418 | INFO     | __main__:on_train_batch_end:39 - Epoch 0, Step 78: train_loss = 8.6243
2025-06-23 16:11:45.674 | INFO     | __main__:on_train_batch_end:39 - Epoch 0, Step 79: train_loss = 9.5049
2025-06-23 16:11:45.948 | INFO     | __main__:on_train_batch_end:39 - Epoch 0, Step 80: train_loss = 4.9989
2025-06-23 16:11:46.207 | INFO     | __main__:on_train_batch_end:39 - Epoch 0, Step 81: train_loss = 8.0605
2025-06-23 16:11:46.465 | INFO     | __main__:on_train_batch_end:39 - Epoch 0, Step 82: train_loss = 7.7610
2025-06-23 16:11:46.727 | INFO     | __main__:on_train_batch_end:39 - Epoch 0, Step 83: train_loss = 5.2105
2025-06-23 16:11:46.986 | INFO     | __main__:on_train_batch_end:39 - Epoch 0, Step 84: train_loss = 5.8037
2025-06-23 16:11:47.246 | INFO     | __main__:on_train_batch_end:39 - Epoch 0, Step 85: train_loss = 10.6165
2025-06-23 16:11:47.504 | INFO     | __main__:on_train_batch_end:39 - Epoch 0, Step 86: train_loss = 8.0787
2025-06-23 16:11:47.763 | INFO     | __main__:on_train_batch_end:39 - Epoch 0, Step 87: train_loss = 7.7798
2025-06-23 16:11:48.021 | INFO     | __main__:on_train_batch_end:39 - Epoch 0, Step 88: train_loss = 3.8744
2025-06-23 16:11:48.281 | INFO     | __main__:on_train_batch_end:39 - Epoch 0, Step 89: train_loss = 6.6618
2025-06-23 16:11:48.540 | INFO     | __main__:on_train_batch_end:39 - Epoch 0, Step 90: train_loss = 3.8118
2025-06-23 16:11:48.807 | INFO     | __main__:on_train_batch_end:39 - Epoch 0, Step 91: train_loss = 16.9459
2025-06-23 16:11:49.070 | INFO     | __main__:on_train_batch_end:39 - Epoch 0, Step 92: train_loss = 16.6548
2025-06-23 16:11:49.330 | INFO     | __main__:on_train_batch_end:39 - Epoch 0, Step 93: train_loss = 11.0795
2025-06-23 16:11:49.590 | INFO     | __main__:on_train_batch_end:39 - Epoch 0, Step 94: train_loss = 19.8220
2025-06-23 16:11:49.850 | INFO     | __main__:on_train_batch_end:39 - Epoch 0, Step 95: train_loss = 23.6876
2025-06-23 16:11:50.111 | INFO     | __main__:on_train_batch_end:39 - Epoch 0, Step 96: train_loss = 6.5702
2025-06-23 16:11:50.373 | INFO     | __main__:on_train_batch_end:39 - Epoch 0, Step 97: train_loss = 14.1823
2025-06-23 16:11:50.634 | INFO     | __main__:on_train_batch_end:39 - Epoch 0, Step 98: train_loss = 13.8798
2025-06-23 16:11:50.894 | INFO     | __main__:on_train_batch_end:39 - Epoch 0, Step 99: train_loss = 10.0083
2025-06-23 16:11:51.155 | INFO     | __main__:on_train_batch_end:39 - Epoch 0, Step 100: train_loss = 43.1820
2025-06-23 16:11:51.417 | INFO     | __main__:on_train_batch_end:39 - Epoch 0, Step 101: train_loss = 13.4816
2025-06-23 16:11:51.680 | INFO     | __main__:on_train_batch_end:39 - Epoch 0, Step 102: train_loss = 12.7757
2025-06-23 16:11:51.941 | INFO     | __main__:on_train_batch_end:39 - Epoch 0, Step 103: train_loss = 6.2712
2025-06-23 16:11:52.201 | INFO     | __main__:on_train_batch_end:39 - Epoch 0, Step 104: train_loss = 4.3212
2025-06-23 16:11:52.460 | INFO     | __main__:on_train_batch_end:39 - Epoch 0, Step 105: train_loss = 11.3384
2025-06-23 16:11:52.721 | INFO     | __main__:on_train_batch_end:39 - Epoch 0, Step 106: train_loss = 5.0154
2025-06-23 16:11:52.980 | INFO     | __main__:on_train_batch_end:39 - Epoch 0, Step 107: train_loss = 16.1030
2025-06-23 16:11:53.242 | INFO     | __main__:on_train_batch_end:39 - Epoch 0, Step 108: train_loss = 12.3849
2025-06-23 16:11:53.502 | INFO     | __main__:on_train_batch_end:39 - Epoch 0, Step 109: train_loss = 7.4818
2025-06-23 16:11:53.761 | INFO     | __main__:on_train_batch_end:39 - Epoch 0, Step 110: train_loss = 3.7524
2025-06-23 16:11:54.022 | INFO     | __main__:on_train_batch_end:39 - Epoch 0, Step 111: train_loss = 8.3501
2025-06-23 16:11:54.283 | INFO     | __main__:on_train_batch_end:39 - Epoch 0, Step 112: train_loss = 3.6414
2025-06-23 16:11:54.543 | INFO     | __main__:on_train_batch_end:39 - Epoch 0, Step 113: train_loss = 4.9129
2025-06-23 16:11:54.809 | INFO     | __main__:on_train_batch_end:39 - Epoch 0, Step 114: train_loss = 6.5180
2025-06-23 16:11:55.071 | INFO     | __main__:on_train_batch_end:39 - Epoch 0, Step 115: train_loss = 3.9967
2025-06-23 16:11:55.331 | INFO     | __main__:on_train_batch_end:39 - Epoch 0, Step 116: train_loss = 4.2749
2025-06-23 16:11:55.592 | INFO     | __main__:on_train_batch_end:39 - Epoch 0, Step 117: train_loss = 33.0761
2025-06-23 16:11:55.854 | INFO     | __main__:on_train_batch_end:39 - Epoch 0, Step 118: train_loss = 24.7499
2025-06-23 16:11:56.113 | INFO     | __main__:on_train_batch_end:39 - Epoch 0, Step 119: train_loss = 6.3958
2025-06-23 16:11:56.374 | INFO     | __main__:on_train_batch_end:39 - Epoch 0, Step 120: train_loss = 4.8200
2025-06-23 16:11:56.643 | INFO     | __main__:on_train_batch_end:39 - Epoch 0, Step 121: train_loss = 7.2492
2025-06-23 16:11:56.903 | INFO     | __main__:on_train_batch_end:39 - Epoch 0, Step 122: train_loss = 7.8489
2025-06-23 16:11:57.164 | INFO     | __main__:on_train_batch_end:39 - Epoch 0, Step 123: train_loss = 8.4462
2025-06-23 16:11:57.424 | INFO     | __main__:on_train_batch_end:39 - Epoch 0, Step 124: train_loss = 6.5490
2025-06-23 16:11:57.688 | INFO     | __main__:on_train_batch_end:39 - Epoch 0, Step 125: train_loss = 15.7095
2025-06-23 16:11:57.948 | INFO     | __main__:on_train_batch_end:39 - Epoch 0, Step 126: train_loss = 5.9040
2025-06-23 16:11:58.208 | INFO     | __main__:on_train_batch_end:39 - Epoch 0, Step 127: train_loss = 4.1848
2025-06-23 16:11:58.468 | INFO     | __main__:on_train_batch_end:39 - Epoch 0, Step 128: train_loss = 7.7259
2025-06-23 16:11:58.728 | INFO     | __main__:on_train_batch_end:39 - Epoch 0, Step 129: train_loss = 4.4239
2025-06-23 16:11:58.988 | INFO     | __main__:on_train_batch_end:39 - Epoch 0, Step 130: train_loss = 4.7187
2025-06-23 16:11:59.245 | INFO     | __main__:on_train_batch_end:39 - Epoch 0, Step 131: train_loss = 8.9573
2025-06-23 16:11:59.508 | INFO     | __main__:on_train_batch_end:39 - Epoch 0, Step 132: train_loss = 12.1063
2025-06-23 16:11:59.768 | INFO     | __main__:on_train_batch_end:39 - Epoch 0, Step 133: train_loss = 7.1543
2025-06-23 16:12:00.028 | INFO     | __main__:on_train_batch_end:39 - Epoch 0, Step 134: train_loss = 7.2549
2025-06-23 16:12:00.288 | INFO     | __main__:on_train_batch_end:39 - Epoch 0, Step 135: train_loss = 7.1099
2025-06-23 16:12:00.549 | INFO     | __main__:on_train_batch_end:39 - Epoch 0, Step 136: train_loss = 10.3409
2025-06-23 16:12:00.813 | INFO     | __main__:on_train_batch_end:39 - Epoch 0, Step 137: train_loss = 4.3240
2025-06-23 16:12:01.073 | INFO     | __main__:on_train_batch_end:39 - Epoch 0, Step 138: train_loss = 6.1972
2025-06-23 16:12:01.332 | INFO     | __main__:on_train_batch_end:39 - Epoch 0, Step 139: train_loss = 7.4308
2025-06-23 16:12:01.593 | INFO     | __main__:on_train_batch_end:39 - Epoch 0, Step 140: train_loss = 8.1272
2025-06-23 16:12:01.856 | INFO     | __main__:on_train_batch_end:39 - Epoch 0, Step 141: train_loss = 14.8935
2025-06-23 16:12:02.117 | INFO     | __main__:on_train_batch_end:39 - Epoch 0, Step 142: train_loss = 10.0108
2025-06-23 16:12:02.375 | INFO     | __main__:on_train_batch_end:39 - Epoch 0, Step 143: train_loss = 5.4105
2025-06-23 16:12:02.635 | INFO     | __main__:on_train_batch_end:39 - Epoch 0, Step 144: train_loss = 3.4944
2025-06-23 16:12:02.900 | INFO     | __main__:on_train_batch_end:39 - Epoch 0, Step 145: train_loss = 4.2405
2025-06-23 16:12:03.158 | INFO     | __main__:on_train_batch_end:39 - Epoch 0, Step 146: train_loss = 6.9971
2025-06-23 16:12:03.419 | INFO     | __main__:on_train_batch_end:39 - Epoch 0, Step 147: train_loss = 11.7157
2025-06-23 16:12:03.684 | INFO     | __main__:on_train_batch_end:39 - Epoch 0, Step 148: train_loss = 23.8638
2025-06-23 16:12:03.946 | INFO     | __main__:on_train_batch_end:39 - Epoch 0, Step 149: train_loss = 6.1798
2025-06-23 16:12:04.206 | INFO     | __main__:on_train_batch_end:39 - Epoch 0, Step 150: train_loss = 21.4532
2025-06-23 16:12:04.468 | INFO     | __main__:on_train_batch_end:39 - Epoch 0, Step 151: train_loss = 11.8087
2025-06-23 16:12:04.728 | INFO     | __main__:on_train_batch_end:39 - Epoch 0, Step 152: train_loss = 14.1060
2025-06-23 16:12:04.988 | INFO     | __main__:on_train_batch_end:39 - Epoch 0, Step 153: train_loss = 6.2068
2025-06-23 16:12:05.249 | INFO     | __main__:on_train_batch_end:39 - Epoch 0, Step 154: train_loss = 5.1477
2025-06-23 16:12:05.510 | INFO     | __main__:on_train_batch_end:39 - Epoch 0, Step 155: train_loss = 30.2174
2025-06-23 16:12:05.774 | INFO     | __main__:on_train_batch_end:39 - Epoch 0, Step 156: train_loss = 8.3406
2025-06-23 16:12:06.034 | INFO     | __main__:on_train_batch_end:39 - Epoch 0, Step 157: train_loss = 5.6786
2025-06-23 16:12:06.293 | INFO     | __main__:on_train_batch_end:39 - Epoch 0, Step 158: train_loss = 30.1645
2025-06-23 16:12:06.567 | INFO     | __main__:on_train_batch_end:39 - Epoch 0, Step 159: train_loss = 7.4518
2025-06-23 16:12:06.830 | INFO     | __main__:on_train_batch_end:39 - Epoch 0, Step 160: train_loss = 4.1475
2025-06-23 16:12:07.094 | INFO     | __main__:on_train_batch_end:39 - Epoch 0, Step 161: train_loss = 17.0713
2025-06-23 16:12:07.351 | INFO     | __main__:on_train_batch_end:39 - Epoch 0, Step 162: train_loss = 4.0729
2025-06-23 16:12:07.615 | INFO     | __main__:on_train_batch_end:39 - Epoch 0, Step 163: train_loss = 4.8478
2025-06-23 16:12:07.874 | INFO     | __main__:on_train_batch_end:39 - Epoch 0, Step 164: train_loss = 3.8466
2025-06-23 16:12:08.133 | INFO     | __main__:on_train_batch_end:39 - Epoch 0, Step 165: train_loss = 18.8972
2025-06-23 16:12:08.393 | INFO     | __main__:on_train_batch_end:39 - Epoch 0, Step 166: train_loss = 22.9861
2025-06-23 16:12:08.663 | INFO     | __main__:on_train_batch_end:39 - Epoch 0, Step 167: train_loss = 4.0275
2025-06-23 16:12:08.924 | INFO     | __main__:on_train_batch_end:39 - Epoch 0, Step 168: train_loss = 16.9415
2025-06-23 16:12:09.183 | INFO     | __main__:on_train_batch_end:39 - Epoch 0, Step 169: train_loss = 7.7642
2025-06-23 16:12:09.443 | INFO     | __main__:on_train_batch_end:39 - Epoch 0, Step 170: train_loss = 27.3622
2025-06-23 16:12:09.707 | INFO     | __main__:on_train_batch_end:39 - Epoch 0, Step 171: train_loss = 16.2073
2025-06-23 16:12:09.968 | INFO     | __main__:on_train_batch_end:39 - Epoch 0, Step 172: train_loss = 19.6422
2025-06-23 16:12:10.227 | INFO     | __main__:on_train_batch_end:39 - Epoch 0, Step 173: train_loss = 4.6427
2025-06-23 16:12:10.490 | INFO     | __main__:on_train_batch_end:39 - Epoch 0, Step 174: train_loss = 15.9512
2025-06-23 16:12:10.752 | INFO     | __main__:on_train_batch_end:39 - Epoch 0, Step 175: train_loss = 18.6312
2025-06-23 16:12:11.013 | INFO     | __main__:on_train_batch_end:39 - Epoch 0, Step 176: train_loss = 16.6100
2025-06-23 16:12:11.274 | INFO     | __main__:on_train_batch_end:39 - Epoch 0, Step 177: train_loss = 17.1853
2025-06-23 16:12:11.535 | INFO     | __main__:on_train_batch_end:39 - Epoch 0, Step 178: train_loss = 9.1842
2025-06-23 16:12:11.795 | INFO     | __main__:on_train_batch_end:39 - Epoch 0, Step 179: train_loss = 4.5478
2025-06-23 16:12:12.055 | INFO     | __main__:on_train_batch_end:39 - Epoch 0, Step 180: train_loss = 5.8428
2025-06-23 16:12:12.313 | INFO     | __main__:on_train_batch_end:39 - Epoch 0, Step 181: train_loss = 19.3601
2025-06-23 16:12:12.575 | INFO     | __main__:on_train_batch_end:39 - Epoch 0, Step 182: train_loss = 13.9047
2025-06-23 16:12:12.842 | INFO     | __main__:on_train_batch_end:39 - Epoch 0, Step 183: train_loss = 3.8877
2025-06-23 16:12:13.102 | INFO     | __main__:on_train_batch_end:39 - Epoch 0, Step 184: train_loss = 34.7936
2025-06-23 16:12:13.365 | INFO     | __main__:on_train_batch_end:39 - Epoch 0, Step 185: train_loss = 4.0036
2025-06-23 16:12:13.625 | INFO     | __main__:on_train_batch_end:39 - Epoch 0, Step 186: train_loss = 8.3963
2025-06-23 16:12:13.884 | INFO     | __main__:on_train_batch_end:39 - Epoch 0, Step 187: train_loss = 4.0649
2025-06-23 16:12:14.144 | INFO     | __main__:on_train_batch_end:39 - Epoch 0, Step 188: train_loss = 4.3514
2025-06-23 16:12:14.405 | INFO     | __main__:on_train_batch_end:39 - Epoch 0, Step 189: train_loss = 4.1346
2025-06-23 16:12:14.769 | INFO     | __main__:on_train_batch_end:39 - Epoch 0, Step 190: train_loss = 3.9560
2025-06-23 16:12:15.028 | INFO     | __main__:on_train_batch_end:39 - Epoch 0, Step 191: train_loss = 4.2879
2025-06-23 16:12:15.287 | INFO     | __main__:on_train_batch_end:39 - Epoch 0, Step 192: train_loss = 3.6486
2025-06-23 16:12:15.549 | INFO     | __main__:on_train_batch_end:39 - Epoch 0, Step 193: train_loss = 13.0025
2025-06-23 16:12:15.813 | INFO     | __main__:on_train_batch_end:39 - Epoch 0, Step 194: train_loss = 4.8081
2025-06-23 16:12:16.074 | INFO     | __main__:on_train_batch_end:39 - Epoch 0, Step 195: train_loss = 18.0275
2025-06-23 16:12:16.335 | INFO     | __main__:on_train_batch_end:39 - Epoch 0, Step 196: train_loss = 16.9160
2025-06-23 16:12:16.594 | INFO     | __main__:on_train_batch_end:39 - Epoch 0, Step 197: train_loss = 4.7336
2025-06-23 16:12:16.855 | INFO     | __main__:on_train_batch_end:39 - Epoch 0, Step 198: train_loss = 20.4749
2025-06-23 16:12:17.113 | INFO     | __main__:on_train_batch_end:39 - Epoch 0, Step 199: train_loss = 12.2569
2025-06-23 16:12:17.373 | INFO     | __main__:on_train_batch_end:39 - Epoch 0, Step 200: train_loss = 3.9344
2025-06-23 16:12:17.635 | INFO     | __main__:on_train_batch_end:39 - Epoch 0, Step 201: train_loss = 12.1802
2025-06-23 16:12:17.896 | INFO     | __main__:on_train_batch_end:39 - Epoch 0, Step 202: train_loss = 19.6496
2025-06-23 16:12:18.156 | INFO     | __main__:on_train_batch_end:39 - Epoch 0, Step 203: train_loss = 20.8888
2025-06-23 16:12:18.417 | INFO     | __main__:on_train_batch_end:39 - Epoch 0, Step 204: train_loss = 27.2160
2025-06-23 16:12:18.683 | INFO     | __main__:on_train_batch_end:39 - Epoch 0, Step 205: train_loss = 8.7069
2025-06-23 16:12:18.942 | INFO     | __main__:on_train_batch_end:39 - Epoch 0, Step 206: train_loss = 16.3240
2025-06-23 16:12:19.205 | INFO     | __main__:on_train_batch_end:39 - Epoch 0, Step 207: train_loss = 3.6331
2025-06-23 16:12:19.466 | INFO     | __main__:on_train_batch_end:39 - Epoch 0, Step 208: train_loss = 5.1241
2025-06-23 16:12:19.726 | INFO     | __main__:on_train_batch_end:39 - Epoch 0, Step 209: train_loss = 5.4056
2025-06-23 16:12:19.986 | INFO     | __main__:on_train_batch_end:39 - Epoch 0, Step 210: train_loss = 5.8716
2025-06-23 16:12:20.249 | INFO     | __main__:on_train_batch_end:39 - Epoch 0, Step 211: train_loss = 15.7734
2025-06-23 16:12:20.511 | INFO     | __main__:on_train_batch_end:39 - Epoch 0, Step 212: train_loss = 8.1096
2025-06-23 16:12:20.769 | INFO     | __main__:on_train_batch_end:39 - Epoch 0, Step 213: train_loss = 7.1098
2025-06-23 16:12:21.027 | INFO     | __main__:on_train_batch_end:39 - Epoch 0, Step 214: train_loss = 9.7445
2025-06-23 16:12:21.287 | INFO     | __main__:on_train_batch_end:39 - Epoch 0, Step 215: train_loss = 4.1538
2025-06-23 16:12:21.548 | INFO     | __main__:on_train_batch_end:39 - Epoch 0, Step 216: train_loss = 26.3279
2025-06-23 16:12:21.812 | INFO     | __main__:on_train_batch_end:39 - Epoch 0, Step 217: train_loss = 4.5786
2025-06-23 16:12:22.073 | INFO     | __main__:on_train_batch_end:39 - Epoch 0, Step 218: train_loss = 15.6611
2025-06-23 16:12:22.332 | INFO     | __main__:on_train_batch_end:39 - Epoch 0, Step 219: train_loss = 9.7266
2025-06-23 16:12:22.591 | INFO     | __main__:on_train_batch_end:39 - Epoch 0, Step 220: train_loss = 16.5454
2025-06-23 16:12:22.851 | INFO     | __main__:on_train_batch_end:39 - Epoch 0, Step 221: train_loss = 13.4679
2025-06-23 16:12:23.110 | INFO     | __main__:on_train_batch_end:39 - Epoch 0, Step 222: train_loss = 3.9511
2025-06-23 16:12:23.370 | INFO     | __main__:on_train_batch_end:39 - Epoch 0, Step 223: train_loss = 18.0188
2025-06-23 16:12:23.631 | INFO     | __main__:on_train_batch_end:39 - Epoch 0, Step 224: train_loss = 12.0785
2025-06-23 16:12:23.891 | INFO     | __main__:on_train_batch_end:39 - Epoch 0, Step 225: train_loss = 5.8047
2025-06-23 16:12:24.150 | INFO     | __main__:on_train_batch_end:39 - Epoch 0, Step 226: train_loss = 6.2652
2025-06-23 16:12:24.411 | INFO     | __main__:on_train_batch_end:39 - Epoch 0, Step 227: train_loss = 6.1527
2025-06-23 16:12:24.672 | INFO     | __main__:on_train_batch_end:39 - Epoch 0, Step 228: train_loss = 5.6370
2025-06-23 16:12:24.933 | INFO     | __main__:on_train_batch_end:39 - Epoch 0, Step 229: train_loss = 3.7760
2025-06-23 16:12:25.194 | INFO     | __main__:on_train_batch_end:39 - Epoch 0, Step 230: train_loss = 11.4381
2025-06-23 16:12:25.453 | INFO     | __main__:on_train_batch_end:39 - Epoch 0, Step 231: train_loss = 4.6879
2025-06-23 16:12:25.712 | INFO     | __main__:on_train_batch_end:39 - Epoch 0, Step 232: train_loss = 3.7367
2025-06-23 16:12:25.974 | INFO     | __main__:on_train_batch_end:39 - Epoch 0, Step 233: train_loss = 13.4983
2025-06-23 16:12:26.230 | INFO     | __main__:on_train_batch_end:39 - Epoch 0, Step 234: train_loss = 3.8590
2025-06-23 16:12:26.490 | INFO     | __main__:on_train_batch_end:39 - Epoch 0, Step 235: train_loss = 4.0047
2025-06-23 16:12:26.747 | INFO     | __main__:on_train_batch_end:39 - Epoch 0, Step 236: train_loss = 7.2965
2025-06-23 16:12:27.010 | INFO     | __main__:on_train_batch_end:39 - Epoch 0, Step 237: train_loss = 3.8326
2025-06-23 16:12:27.270 | INFO     | __main__:on_train_batch_end:39 - Epoch 0, Step 238: train_loss = 5.0389
2025-06-23 16:12:27.530 | INFO     | __main__:on_train_batch_end:39 - Epoch 0, Step 239: train_loss = 26.5946
2025-06-23 16:12:27.795 | INFO     | __main__:on_train_batch_end:39 - Epoch 0, Step 240: train_loss = 3.8454
2025-06-23 16:12:28.054 | INFO     | __main__:on_train_batch_end:39 - Epoch 0, Step 241: train_loss = 5.4912
2025-06-23 16:12:28.314 | INFO     | __main__:on_train_batch_end:39 - Epoch 0, Step 242: train_loss = 13.3109
2025-06-23 16:12:28.574 | INFO     | __main__:on_train_batch_end:39 - Epoch 0, Step 243: train_loss = 9.4654
2025-06-23 16:12:28.833 | INFO     | __main__:on_train_batch_end:39 - Epoch 0, Step 244: train_loss = 7.2469
2025-06-23 16:12:29.094 | INFO     | __main__:on_train_batch_end:39 - Epoch 0, Step 245: train_loss = 7.9525
2025-06-23 16:12:29.354 | INFO     | __main__:on_train_batch_end:39 - Epoch 0, Step 246: train_loss = 24.9122
2025-06-23 16:12:29.615 | INFO     | __main__:on_train_batch_end:39 - Epoch 0, Step 247: train_loss = 11.7835
2025-06-23 16:12:29.874 | INFO     | __main__:on_train_batch_end:39 - Epoch 0, Step 248: train_loss = 23.5560
2025-06-23 16:12:30.137 | INFO     | __main__:on_train_batch_end:39 - Epoch 0, Step 249: train_loss = 7.8460
2025-06-23 16:12:30.397 | INFO     | __main__:on_train_batch_end:39 - Epoch 0, Step 250: train_loss = 5.2612
2025-06-23 16:12:30.659 | INFO     | __main__:on_train_batch_end:39 - Epoch 0, Step 251: train_loss = 6.6817
2025-06-23 16:12:30.926 | INFO     | __main__:on_train_batch_end:39 - Epoch 0, Step 252: train_loss = 15.3557
2025-06-23 16:12:31.186 | INFO     | __main__:on_train_batch_end:39 - Epoch 0, Step 253: train_loss = 10.4516
2025-06-23 16:12:31.443 | INFO     | __main__:on_train_batch_end:39 - Epoch 0, Step 254: train_loss = 4.0900
2025-06-23 16:12:31.703 | INFO     | __main__:on_train_batch_end:39 - Epoch 0, Step 255: train_loss = 10.2818
2025-06-23 16:12:31.960 | INFO     | __main__:on_train_batch_end:39 - Epoch 0, Step 256: train_loss = 4.0007
2025-06-23 16:12:32.221 | INFO     | __main__:on_train_batch_end:39 - Epoch 0, Step 257: train_loss = 4.5615
2025-06-23 16:12:32.482 | INFO     | __main__:on_train_batch_end:39 - Epoch 0, Step 258: train_loss = 12.5110
2025-06-23 16:12:32.742 | INFO     | __main__:on_train_batch_end:39 - Epoch 0, Step 259: train_loss = 14.3433
2025-06-23 16:12:33.001 | INFO     | __main__:on_train_batch_end:39 - Epoch 0, Step 260: train_loss = 5.4058
2025-06-23 16:12:33.260 | INFO     | __main__:on_train_batch_end:39 - Epoch 0, Step 261: train_loss = 5.3445
2025-06-23 16:12:33.520 | INFO     | __main__:on_train_batch_end:39 - Epoch 0, Step 262: train_loss = 47.3989
2025-06-23 16:12:33.786 | INFO     | __main__:on_train_batch_end:39 - Epoch 0, Step 263: train_loss = 11.8417
2025-06-23 16:12:34.047 | INFO     | __main__:on_train_batch_end:39 - Epoch 0, Step 264: train_loss = 6.8459
2025-06-23 16:12:34.307 | INFO     | __main__:on_train_batch_end:39 - Epoch 0, Step 265: train_loss = 8.6450
2025-06-23 16:12:34.566 | INFO     | __main__:on_train_batch_end:39 - Epoch 0, Step 266: train_loss = 4.9273
2025-06-23 16:12:34.824 | INFO     | __main__:on_train_batch_end:39 - Epoch 0, Step 267: train_loss = 5.6668
2025-06-23 16:12:35.085 | INFO     | __main__:on_train_batch_end:39 - Epoch 0, Step 268: train_loss = 15.0609
2025-06-23 16:12:35.344 | INFO     | __main__:on_train_batch_end:39 - Epoch 0, Step 269: train_loss = 4.1477
2025-06-23 16:12:35.603 | INFO     | __main__:on_train_batch_end:39 - Epoch 0, Step 270: train_loss = 3.5844
2025-06-23 16:12:35.863 | INFO     | __main__:on_train_batch_end:39 - Epoch 0, Step 271: train_loss = 4.7055
2025-06-23 16:12:36.130 | INFO     | __main__:on_train_batch_end:39 - Epoch 0, Step 272: train_loss = 5.2935
2025-06-23 16:12:36.393 | INFO     | __main__:on_train_batch_end:39 - Epoch 0, Step 273: train_loss = 21.0992
2025-06-23 16:12:36.655 | INFO     | __main__:on_train_batch_end:39 - Epoch 0, Step 274: train_loss = 6.1294
2025-06-23 16:12:36.917 | INFO     | __main__:on_train_batch_end:39 - Epoch 0, Step 275: train_loss = 3.9632
2025-06-23 16:12:37.178 | INFO     | __main__:on_train_batch_end:39 - Epoch 0, Step 276: train_loss = 13.7812
2025-06-23 16:12:37.438 | INFO     | __main__:on_train_batch_end:39 - Epoch 0, Step 277: train_loss = 5.0926
2025-06-23 16:12:37.698 | INFO     | __main__:on_train_batch_end:39 - Epoch 0, Step 278: train_loss = 11.4057
2025-06-23 16:12:37.957 | INFO     | __main__:on_train_batch_end:39 - Epoch 0, Step 279: train_loss = 10.4111
2025-06-23 16:12:38.217 | INFO     | __main__:on_train_batch_end:39 - Epoch 0, Step 280: train_loss = 3.5898
2025-06-23 16:12:38.482 | INFO     | __main__:on_train_batch_end:39 - Epoch 0, Step 281: train_loss = 9.7953
2025-06-23 16:12:38.741 | INFO     | __main__:on_train_batch_end:39 - Epoch 0, Step 282: train_loss = 4.5038
2025-06-23 16:12:39.010 | INFO     | __main__:on_train_batch_end:39 - Epoch 0, Step 283: train_loss = 7.1535
2025-06-23 16:12:39.268 | INFO     | __main__:on_train_batch_end:39 - Epoch 0, Step 284: train_loss = 15.3542
2025-06-23 16:12:39.528 | INFO     | __main__:on_train_batch_end:39 - Epoch 0, Step 285: train_loss = 6.1743
2025-06-23 16:12:39.792 | INFO     | __main__:on_train_batch_end:39 - Epoch 0, Step 286: train_loss = 3.6774
2025-06-23 16:12:40.051 | INFO     | __main__:on_train_batch_end:39 - Epoch 0, Step 287: train_loss = 3.5721
2025-06-23 16:12:40.308 | INFO     | __main__:on_train_batch_end:39 - Epoch 0, Step 288: train_loss = 5.3955
2025-06-23 16:12:40.566 | INFO     | __main__:on_train_batch_end:39 - Epoch 0, Step 289: train_loss = 5.5134
2025-06-23 16:12:40.827 | INFO     | __main__:on_train_batch_end:39 - Epoch 0, Step 290: train_loss = 7.6253
2025-06-23 16:12:41.085 | INFO     | __main__:on_train_batch_end:39 - Epoch 0, Step 291: train_loss = 7.2636
2025-06-23 16:12:41.345 | INFO     | __main__:on_train_batch_end:39 - Epoch 0, Step 292: train_loss = 14.4469
2025-06-23 16:12:41.605 | INFO     | __main__:on_train_batch_end:39 - Epoch 0, Step 293: train_loss = 7.8881
2025-06-23 16:12:41.864 | INFO     | __main__:on_train_batch_end:39 - Epoch 0, Step 294: train_loss = 5.3160
2025-06-23 16:12:42.122 | INFO     | __main__:on_train_batch_end:39 - Epoch 0, Step 295: train_loss = 4.5369
2025-06-23 16:12:42.382 | INFO     | __main__:on_train_batch_end:39 - Epoch 0, Step 296: train_loss = 4.8356
2025-06-23 16:12:42.641 | INFO     | __main__:on_train_batch_end:39 - Epoch 0, Step 297: train_loss = 9.8301
2025-06-23 16:12:42.905 | INFO     | __main__:on_train_batch_end:39 - Epoch 0, Step 298: train_loss = 5.5370
2025-06-23 16:12:43.164 | INFO     | __main__:on_train_batch_end:39 - Epoch 0, Step 299: train_loss = 8.0341
2025-06-23 16:12:43.425 | INFO     | __main__:on_train_batch_end:39 - Epoch 0, Step 300: train_loss = 4.6245
2025-06-23 16:12:43.686 | INFO     | __main__:on_train_batch_end:39 - Epoch 0, Step 301: train_loss = 9.3051
2025-06-23 16:12:43.946 | INFO     | __main__:on_train_batch_end:39 - Epoch 0, Step 302: train_loss = 25.8396
2025-06-23 16:12:44.207 | INFO     | __main__:on_train_batch_end:39 - Epoch 0, Step 303: train_loss = 26.8699
2025-06-23 16:12:44.471 | INFO     | __main__:on_train_batch_end:39 - Epoch 0, Step 304: train_loss = 32.2220
2025-06-23 16:12:44.730 | INFO     | __main__:on_train_batch_end:39 - Epoch 0, Step 305: train_loss = 3.8982
2025-06-23 16:12:44.992 | INFO     | __main__:on_train_batch_end:39 - Epoch 0, Step 306: train_loss = 5.5174
2025-06-23 16:12:45.254 | INFO     | __main__:on_train_batch_end:39 - Epoch 0, Step 307: train_loss = 10.9034
2025-06-23 16:12:45.514 | INFO     | __main__:on_train_batch_end:39 - Epoch 0, Step 308: train_loss = 6.2264
2025-06-23 16:12:45.778 | INFO     | __main__:on_train_batch_end:39 - Epoch 0, Step 309: train_loss = 7.1009
2025-06-23 16:12:46.040 | INFO     | __main__:on_train_batch_end:39 - Epoch 0, Step 310: train_loss = 6.4270
2025-06-23 16:12:46.299 | INFO     | __main__:on_train_batch_end:39 - Epoch 0, Step 311: train_loss = 5.3876
2025-06-23 16:12:46.562 | INFO     | __main__:on_train_batch_end:39 - Epoch 0, Step 312: train_loss = 3.9000
2025-06-23 16:12:46.823 | INFO     | __main__:on_train_batch_end:39 - Epoch 0, Step 313: train_loss = 4.6845
2025-06-23 16:12:47.085 | INFO     | __main__:on_train_batch_end:39 - Epoch 0, Step 314: train_loss = 7.5545
2025-06-23 16:12:47.346 | INFO     | __main__:on_train_batch_end:39 - Epoch 0, Step 315: train_loss = 12.4324
2025-06-23 16:12:47.605 | INFO     | __main__:on_train_batch_end:39 - Epoch 0, Step 316: train_loss = 3.8735
2025-06-23 16:12:47.865 | INFO     | __main__:on_train_batch_end:39 - Epoch 0, Step 317: train_loss = 4.3694
2025-06-23 16:12:48.125 | INFO     | __main__:on_train_batch_end:39 - Epoch 0, Step 318: train_loss = 27.0936
2025-06-23 16:12:48.385 | INFO     | __main__:on_train_batch_end:39 - Epoch 0, Step 319: train_loss = 11.2195
2025-06-23 16:12:48.646 | INFO     | __main__:on_train_batch_end:39 - Epoch 0, Step 320: train_loss = 6.2187
2025-06-23 16:12:48.908 | INFO     | __main__:on_train_batch_end:39 - Epoch 0, Step 321: train_loss = 4.2163
2025-06-23 16:12:49.168 | INFO     | __main__:on_train_batch_end:39 - Epoch 0, Step 322: train_loss = 3.5933
2025-06-23 16:12:49.428 | INFO     | __main__:on_train_batch_end:39 - Epoch 0, Step 323: train_loss = 7.7422
2025-06-23 16:12:49.687 | INFO     | __main__:on_train_batch_end:39 - Epoch 0, Step 324: train_loss = 3.8982
2025-06-23 16:12:49.947 | INFO     | __main__:on_train_batch_end:39 - Epoch 0, Step 325: train_loss = 15.6749
2025-06-23 16:12:50.207 | INFO     | __main__:on_train_batch_end:39 - Epoch 0, Step 326: train_loss = 8.5759
2025-06-23 16:12:50.469 | INFO     | __main__:on_train_batch_end:39 - Epoch 0, Step 327: train_loss = 7.5199
2025-06-23 16:12:50.729 | INFO     | __main__:on_train_batch_end:39 - Epoch 0, Step 328: train_loss = 5.0679
2025-06-23 16:12:50.989 | INFO     | __main__:on_train_batch_end:39 - Epoch 0, Step 329: train_loss = 24.9705
2025-06-23 16:12:51.249 | INFO     | __main__:on_train_batch_end:39 - Epoch 0, Step 330: train_loss = 6.1031
2025-06-23 16:12:51.511 | INFO     | __main__:on_train_batch_end:39 - Epoch 0, Step 331: train_loss = 5.2816
2025-06-23 16:12:51.774 | INFO     | __main__:on_train_batch_end:39 - Epoch 0, Step 332: train_loss = 4.7316
2025-06-23 16:12:52.034 | INFO     | __main__:on_train_batch_end:39 - Epoch 0, Step 333: train_loss = 11.6371
2025-06-23 16:12:52.293 | INFO     | __main__:on_train_batch_end:39 - Epoch 0, Step 334: train_loss = 6.1723
2025-06-23 16:12:52.555 | INFO     | __main__:on_train_batch_end:39 - Epoch 0, Step 335: train_loss = 11.2562
2025-06-23 16:12:52.814 | INFO     | __main__:on_train_batch_end:39 - Epoch 0, Step 336: train_loss = 3.9189
2025-06-23 16:12:53.075 | INFO     | __main__:on_train_batch_end:39 - Epoch 0, Step 337: train_loss = 7.4538
2025-06-23 16:12:53.334 | INFO     | __main__:on_train_batch_end:39 - Epoch 0, Step 338: train_loss = 3.5962
2025-06-23 16:12:53.594 | INFO     | __main__:on_train_batch_end:39 - Epoch 0, Step 339: train_loss = 6.8910
2025-06-23 16:12:53.856 | INFO     | __main__:on_train_batch_end:39 - Epoch 0, Step 340: train_loss = 8.2545
2025-06-23 16:12:54.117 | INFO     | __main__:on_train_batch_end:39 - Epoch 0, Step 341: train_loss = 4.2485
2025-06-23 16:12:54.376 | INFO     | __main__:on_train_batch_end:39 - Epoch 0, Step 342: train_loss = 14.8760
2025-06-23 16:12:54.637 | INFO     | __main__:on_train_batch_end:39 - Epoch 0, Step 343: train_loss = 5.5231
2025-06-23 16:12:54.897 | INFO     | __main__:on_train_batch_end:39 - Epoch 0, Step 344: train_loss = 4.0922
2025-06-23 16:12:55.157 | INFO     | __main__:on_train_batch_end:39 - Epoch 0, Step 345: train_loss = 17.0250
2025-06-23 16:12:55.417 | INFO     | __main__:on_train_batch_end:39 - Epoch 0, Step 346: train_loss = 11.9309
2025-06-23 16:12:55.676 | INFO     | __main__:on_train_batch_end:39 - Epoch 0, Step 347: train_loss = 5.9717
2025-06-23 16:12:55.935 | INFO     | __main__:on_train_batch_end:39 - Epoch 0, Step 348: train_loss = 4.0687
2025-06-23 16:12:56.194 | INFO     | __main__:on_train_batch_end:39 - Epoch 0, Step 349: train_loss = 3.8404
2025-06-23 16:12:56.455 | INFO     | __main__:on_train_batch_end:39 - Epoch 0, Step 350: train_loss = 3.5347
2025-06-23 16:12:56.717 | INFO     | __main__:on_train_batch_end:39 - Epoch 0, Step 351: train_loss = 6.5317
2025-06-23 16:12:56.978 | INFO     | __main__:on_train_batch_end:39 - Epoch 0, Step 352: train_loss = 6.6868
2025-06-23 16:12:57.238 | INFO     | __main__:on_train_batch_end:39 - Epoch 0, Step 353: train_loss = 10.1704
2025-06-23 16:12:57.498 | INFO     | __main__:on_train_batch_end:39 - Epoch 0, Step 354: train_loss = 4.6023
2025-06-23 16:12:57.762 | INFO     | __main__:on_train_batch_end:39 - Epoch 0, Step 355: train_loss = 5.7075
2025-06-23 16:12:58.022 | INFO     | __main__:on_train_batch_end:39 - Epoch 0, Step 356: train_loss = 6.4000
2025-06-23 16:12:58.281 | INFO     | __main__:on_train_batch_end:39 - Epoch 0, Step 357: train_loss = 5.7726
2025-06-23 16:12:58.542 | INFO     | __main__:on_train_batch_end:39 - Epoch 0, Step 358: train_loss = 15.8626
2025-06-23 16:12:58.800 | INFO     | __main__:on_train_batch_end:39 - Epoch 0, Step 359: train_loss = 11.7363
2025-06-23 16:12:59.059 | INFO     | __main__:on_train_batch_end:39 - Epoch 0, Step 360: train_loss = 3.9989
2025-06-23 16:12:59.319 | INFO     | __main__:on_train_batch_end:39 - Epoch 0, Step 361: train_loss = 5.4619
2025-06-23 16:12:59.676 | INFO     | __main__:on_train_batch_end:39 - Epoch 0, Step 362: train_loss = 4.7834
2025-06-23 16:12:59.937 | INFO     | __main__:on_train_batch_end:39 - Epoch 0, Step 363: train_loss = 10.3948
2025-06-23 16:13:00.198 | INFO     | __main__:on_train_batch_end:39 - Epoch 0, Step 364: train_loss = 7.9518
2025-06-23 16:13:00.459 | INFO     | __main__:on_train_batch_end:39 - Epoch 0, Step 365: train_loss = 8.4971
2025-06-23 16:13:00.724 | INFO     | __main__:on_train_batch_end:39 - Epoch 0, Step 366: train_loss = 21.8697
2025-06-23 16:13:00.984 | INFO     | __main__:on_train_batch_end:39 - Epoch 0, Step 367: train_loss = 17.0196
2025-06-23 16:13:01.246 | INFO     | __main__:on_train_batch_end:39 - Epoch 0, Step 368: train_loss = 16.9222
2025-06-23 16:13:01.507 | INFO     | __main__:on_train_batch_end:39 - Epoch 0, Step 369: train_loss = 4.5394
2025-06-23 16:13:01.769 | INFO     | __main__:on_train_batch_end:39 - Epoch 0, Step 370: train_loss = 10.7442
2025-06-23 16:13:02.027 | INFO     | __main__:on_train_batch_end:39 - Epoch 0, Step 371: train_loss = 4.0296
2025-06-23 16:13:02.288 | INFO     | __main__:on_train_batch_end:39 - Epoch 0, Step 372: train_loss = 18.0899
2025-06-23 16:13:02.550 | INFO     | __main__:on_train_batch_end:39 - Epoch 0, Step 373: train_loss = 21.7573
2025-06-23 16:13:02.809 | INFO     | __main__:on_train_batch_end:39 - Epoch 0, Step 374: train_loss = 10.7994
2025-06-23 16:13:03.068 | INFO     | __main__:on_train_batch_end:39 - Epoch 0, Step 375: train_loss = 14.1790
2025-06-23 16:13:03.329 | INFO     | __main__:on_train_batch_end:39 - Epoch 0, Step 376: train_loss = 8.8581
2025-06-23 16:13:03.588 | INFO     | __main__:on_train_batch_end:39 - Epoch 0, Step 377: train_loss = 3.5532
2025-06-23 16:13:03.854 | INFO     | __main__:on_train_batch_end:39 - Epoch 0, Step 378: train_loss = 12.3911
2025-06-23 16:13:04.119 | INFO     | __main__:on_train_batch_end:39 - Epoch 0, Step 379: train_loss = 9.9012
2025-06-23 16:13:04.378 | INFO     | __main__:on_train_batch_end:39 - Epoch 0, Step 380: train_loss = 3.9359
2025-06-23 16:13:04.638 | INFO     | __main__:on_train_batch_end:39 - Epoch 0, Step 381: train_loss = 6.1536
2025-06-23 16:13:04.898 | INFO     | __main__:on_train_batch_end:39 - Epoch 0, Step 382: train_loss = 16.7495
2025-06-23 16:13:05.159 | INFO     | __main__:on_train_batch_end:39 - Epoch 0, Step 383: train_loss = 13.9739
2025-06-23 16:13:05.418 | INFO     | __main__:on_train_batch_end:39 - Epoch 0, Step 384: train_loss = 4.1970
2025-06-23 16:13:05.679 | INFO     | __main__:on_train_batch_end:39 - Epoch 0, Step 385: train_loss = 3.9471
2025-06-23 16:13:05.943 | INFO     | __main__:on_train_batch_end:39 - Epoch 0, Step 386: train_loss = 15.9123
2025-06-23 16:13:06.204 | INFO     | __main__:on_train_batch_end:39 - Epoch 0, Step 387: train_loss = 7.3836
2025-06-23 16:13:06.464 | INFO     | __main__:on_train_batch_end:39 - Epoch 0, Step 388: train_loss = 5.1319
2025-06-23 16:13:06.726 | INFO     | __main__:on_train_batch_end:39 - Epoch 0, Step 389: train_loss = 14.4624
2025-06-23 16:13:06.987 | INFO     | __main__:on_train_batch_end:39 - Epoch 0, Step 390: train_loss = 4.5706
2025-06-23 16:13:07.249 | INFO     | __main__:on_train_batch_end:39 - Epoch 0, Step 391: train_loss = 15.0394
2025-06-23 16:13:07.510 | INFO     | __main__:on_train_batch_end:39 - Epoch 0, Step 392: train_loss = 7.4955
2025-06-23 16:13:07.770 | INFO     | __main__:on_train_batch_end:39 - Epoch 0, Step 393: train_loss = 6.2707
2025-06-23 16:13:08.044 | INFO     | __main__:on_train_batch_end:39 - Epoch 0, Step 394: train_loss = 34.2855
2025-06-23 16:13:08.301 | INFO     | __main__:on_train_batch_end:39 - Epoch 0, Step 395: train_loss = 4.4696
2025-06-23 16:13:08.560 | INFO     | __main__:on_train_batch_end:39 - Epoch 0, Step 396: train_loss = 24.2095
2025-06-23 16:13:08.822 | INFO     | __main__:on_train_batch_end:39 - Epoch 0, Step 397: train_loss = 39.8081
2025-06-23 16:13:09.080 | INFO     | __main__:on_train_batch_end:39 - Epoch 0, Step 398: train_loss = 5.3603
2025-06-23 16:13:09.340 | INFO     | __main__:on_train_batch_end:39 - Epoch 0, Step 399: train_loss = 16.5170
2025-06-23 16:13:09.601 | INFO     | __main__:on_train_batch_end:39 - Epoch 0, Step 400: train_loss = 6.1949
2025-06-23 16:13:09.880 | INFO     | __main__:on_train_batch_end:39 - Epoch 0, Step 401: train_loss = 12.0506
2025-06-23 16:13:10.141 | INFO     | __main__:on_train_batch_end:39 - Epoch 0, Step 402: train_loss = 20.9552
2025-06-23 16:13:10.402 | INFO     | __main__:on_train_batch_end:39 - Epoch 0, Step 403: train_loss = 22.6608
2025-06-23 16:13:10.661 | INFO     | __main__:on_train_batch_end:39 - Epoch 0, Step 404: train_loss = 5.8644
2025-06-23 16:13:10.923 | INFO     | __main__:on_train_batch_end:39 - Epoch 0, Step 405: train_loss = 3.8430
2025-06-23 16:13:11.185 | INFO     | __main__:on_train_batch_end:39 - Epoch 0, Step 406: train_loss = 24.6534
2025-06-23 16:13:11.446 | INFO     | __main__:on_train_batch_end:39 - Epoch 0, Step 407: train_loss = 4.1208
2025-06-23 16:13:11.707 | INFO     | __main__:on_train_batch_end:39 - Epoch 0, Step 408: train_loss = 15.3603
2025-06-23 16:13:11.968 | INFO     | __main__:on_train_batch_end:39 - Epoch 0, Step 409: train_loss = 7.9986
2025-06-23 16:13:12.231 | INFO     | __main__:on_train_batch_end:39 - Epoch 0, Step 410: train_loss = 4.7060
2025-06-23 16:13:12.492 | INFO     | __main__:on_train_batch_end:39 - Epoch 0, Step 411: train_loss = 3.7937
2025-06-23 16:13:12.757 | INFO     | __main__:on_train_batch_end:39 - Epoch 0, Step 412: train_loss = 6.6795
2025-06-23 16:13:13.017 | INFO     | __main__:on_train_batch_end:39 - Epoch 0, Step 413: train_loss = 4.5979
2025-06-23 16:13:13.275 | INFO     | __main__:on_train_batch_end:39 - Epoch 0, Step 414: train_loss = 7.1703
2025-06-23 16:13:13.537 | INFO     | __main__:on_train_batch_end:39 - Epoch 0, Step 415: train_loss = 4.5376
2025-06-23 16:13:13.798 | INFO     | __main__:on_train_batch_end:39 - Epoch 0, Step 416: train_loss = 5.4085
2025-06-23 16:13:14.063 | INFO     | __main__:on_train_batch_end:39 - Epoch 0, Step 417: train_loss = 4.2040
2025-06-23 16:13:14.325 | INFO     | __main__:on_train_batch_end:39 - Epoch 0, Step 418: train_loss = 5.4751
2025-06-23 16:13:14.585 | INFO     | __main__:on_train_batch_end:39 - Epoch 0, Step 419: train_loss = 6.6423
2025-06-23 16:13:14.843 | INFO     | __main__:on_train_batch_end:39 - Epoch 0, Step 420: train_loss = 3.9036
2025-06-23 16:13:15.103 | INFO     | __main__:on_train_batch_end:39 - Epoch 0, Step 421: train_loss = 22.9677
2025-06-23 16:13:15.361 | INFO     | __main__:on_train_batch_end:39 - Epoch 0, Step 422: train_loss = 8.0373
2025-06-23 16:13:15.621 | INFO     | __main__:on_train_batch_end:39 - Epoch 0, Step 423: train_loss = 8.0394
2025-06-23 16:13:15.883 | INFO     | __main__:on_train_batch_end:39 - Epoch 0, Step 424: train_loss = 5.8994
2025-06-23 16:13:16.145 | INFO     | __main__:on_train_batch_end:39 - Epoch 0, Step 425: train_loss = 15.6745
2025-06-23 16:13:16.407 | INFO     | __main__:on_train_batch_end:39 - Epoch 0, Step 426: train_loss = 6.6193
2025-06-23 16:13:16.669 | INFO     | __main__:on_train_batch_end:39 - Epoch 0, Step 427: train_loss = 6.4639
2025-06-23 16:13:16.929 | INFO     | __main__:on_train_batch_end:39 - Epoch 0, Step 428: train_loss = 29.5228
2025-06-23 16:13:17.189 | INFO     | __main__:on_train_batch_end:39 - Epoch 0, Step 429: train_loss = 4.0690
2025-06-23 16:13:17.450 | INFO     | __main__:on_train_batch_end:39 - Epoch 0, Step 430: train_loss = 4.4904
2025-06-23 16:13:17.711 | INFO     | __main__:on_train_batch_end:39 - Epoch 0, Step 431: train_loss = 29.2739
2025-06-23 16:13:17.971 | INFO     | __main__:on_train_batch_end:39 - Epoch 0, Step 432: train_loss = 3.9548
2025-06-23 16:13:18.232 | INFO     | __main__:on_train_batch_end:39 - Epoch 0, Step 433: train_loss = 19.6705
2025-06-23 16:13:18.496 | INFO     | __main__:on_train_batch_end:39 - Epoch 0, Step 434: train_loss = 34.3306
2025-06-23 16:13:18.762 | INFO     | __main__:on_train_batch_end:39 - Epoch 0, Step 435: train_loss = 7.8003
2025-06-23 16:13:19.020 | INFO     | __main__:on_train_batch_end:39 - Epoch 0, Step 436: train_loss = 6.3230
2025-06-23 16:13:19.280 | INFO     | __main__:on_train_batch_end:39 - Epoch 0, Step 437: train_loss = 14.8419
2025-06-23 16:13:19.538 | INFO     | __main__:on_train_batch_end:39 - Epoch 0, Step 438: train_loss = 3.7921
2025-06-23 16:13:19.799 | INFO     | __main__:on_train_batch_end:39 - Epoch 0, Step 439: train_loss = 3.7604
2025-06-23 16:13:20.060 | INFO     | __main__:on_train_batch_end:39 - Epoch 0, Step 440: train_loss = 15.6231
2025-06-23 16:13:20.318 | INFO     | __main__:on_train_batch_end:39 - Epoch 0, Step 441: train_loss = 4.4561
2025-06-23 16:13:20.581 | INFO     | __main__:on_train_batch_end:39 - Epoch 0, Step 442: train_loss = 3.8670
2025-06-23 16:13:20.842 | INFO     | __main__:on_train_batch_end:39 - Epoch 0, Step 443: train_loss = 9.6596
2025-06-23 16:13:21.102 | INFO     | __main__:on_train_batch_end:39 - Epoch 0, Step 444: train_loss = 29.3139
2025-06-23 16:13:21.362 | INFO     | __main__:on_train_batch_end:39 - Epoch 0, Step 445: train_loss = 4.4376
2025-06-23 16:13:21.621 | INFO     | __main__:on_train_batch_end:39 - Epoch 0, Step 446: train_loss = 4.0522
2025-06-23 16:13:21.883 | INFO     | __main__:on_train_batch_end:39 - Epoch 0, Step 447: train_loss = 7.9990
2025-06-23 16:13:22.142 | INFO     | __main__:on_train_batch_end:39 - Epoch 0, Step 448: train_loss = 16.5188
2025-06-23 16:13:22.401 | INFO     | __main__:on_train_batch_end:39 - Epoch 0, Step 449: train_loss = 5.4389
2025-06-23 16:13:22.661 | INFO     | __main__:on_train_batch_end:39 - Epoch 0, Step 450: train_loss = 23.9232
2025-06-23 16:13:22.921 | INFO     | __main__:on_train_batch_end:39 - Epoch 0, Step 451: train_loss = 4.6337
2025-06-23 16:13:23.181 | INFO     | __main__:on_train_batch_end:39 - Epoch 0, Step 452: train_loss = 3.9218
2025-06-23 16:13:23.441 | INFO     | __main__:on_train_batch_end:39 - Epoch 0, Step 453: train_loss = 7.8331
2025-06-23 16:13:23.700 | INFO     | __main__:on_train_batch_end:39 - Epoch 0, Step 454: train_loss = 6.0746
2025-06-23 16:13:23.958 | INFO     | __main__:on_train_batch_end:39 - Epoch 0, Step 455: train_loss = 4.2474
2025-06-23 16:13:24.217 | INFO     | __main__:on_train_batch_end:39 - Epoch 0, Step 456: train_loss = 4.9483
2025-06-23 16:13:24.478 | INFO     | __main__:on_train_batch_end:39 - Epoch 0, Step 457: train_loss = 3.8043
2025-06-23 16:13:24.741 | INFO     | __main__:on_train_batch_end:39 - Epoch 0, Step 458: train_loss = 3.6768
2025-06-23 16:13:24.999 | INFO     | __main__:on_train_batch_end:39 - Epoch 0, Step 459: train_loss = 9.3403
2025-06-23 16:13:25.258 | INFO     | __main__:on_train_batch_end:39 - Epoch 0, Step 460: train_loss = 4.7359
2025-06-23 16:13:25.521 | INFO     | __main__:on_train_batch_end:39 - Epoch 0, Step 461: train_loss = 12.6505
2025-06-23 16:13:25.780 | INFO     | __main__:on_train_batch_end:39 - Epoch 0, Step 462: train_loss = 11.2736
2025-06-23 16:13:26.040 | INFO     | __main__:on_train_batch_end:39 - Epoch 0, Step 463: train_loss = 11.1856
2025-06-23 16:13:26.299 | INFO     | __main__:on_train_batch_end:39 - Epoch 0, Step 464: train_loss = 5.5726
2025-06-23 16:13:26.561 | INFO     | __main__:on_train_batch_end:39 - Epoch 0, Step 465: train_loss = 16.2827
2025-06-23 16:13:26.820 | INFO     | __main__:on_train_batch_end:39 - Epoch 0, Step 466: train_loss = 13.3629
2025-06-23 16:13:27.080 | INFO     | __main__:on_train_batch_end:39 - Epoch 0, Step 467: train_loss = 4.2384
2025-06-23 16:13:27.338 | INFO     | __main__:on_train_batch_end:39 - Epoch 0, Step 468: train_loss = 4.5193
2025-06-23 16:13:27.599 | INFO     | __main__:on_train_batch_end:39 - Epoch 0, Step 469: train_loss = 8.0532
2025-06-23 16:13:27.862 | INFO     | __main__:on_train_batch_end:39 - Epoch 0, Step 470: train_loss = 5.8597
2025-06-23 16:13:28.122 | INFO     | __main__:on_train_batch_end:39 - Epoch 0, Step 471: train_loss = 11.5499
2025-06-23 16:13:28.383 | INFO     | __main__:on_train_batch_end:39 - Epoch 0, Step 472: train_loss = 4.0002
2025-06-23 16:13:28.644 | INFO     | __main__:on_train_batch_end:39 - Epoch 0, Step 473: train_loss = 7.1257
2025-06-23 16:13:28.904 | INFO     | __main__:on_train_batch_end:39 - Epoch 0, Step 474: train_loss = 4.4416
2025-06-23 16:13:29.163 | INFO     | __main__:on_train_batch_end:39 - Epoch 0, Step 475: train_loss = 4.2172
2025-06-23 16:13:29.426 | INFO     | __main__:on_train_batch_end:39 - Epoch 0, Step 476: train_loss = 5.2751
2025-06-23 16:13:29.686 | INFO     | __main__:on_train_batch_end:39 - Epoch 0, Step 477: train_loss = 4.5888
2025-06-23 16:13:29.946 | INFO     | __main__:on_train_batch_end:39 - Epoch 0, Step 478: train_loss = 17.9412
2025-06-23 16:13:30.205 | INFO     | __main__:on_train_batch_end:39 - Epoch 0, Step 479: train_loss = 17.5930
2025-06-23 16:13:30.465 | INFO     | __main__:on_train_batch_end:39 - Epoch 0, Step 480: train_loss = 15.5574
2025-06-23 16:13:30.729 | INFO     | __main__:on_train_batch_end:39 - Epoch 0, Step 481: train_loss = 13.6693
2025-06-23 16:13:30.989 | INFO     | __main__:on_train_batch_end:39 - Epoch 0, Step 482: train_loss = 6.4323
2025-06-23 16:13:31.249 | INFO     | __main__:on_train_batch_end:39 - Epoch 0, Step 483: train_loss = 3.7070
2025-06-23 16:13:31.509 | INFO     | __main__:on_train_batch_end:39 - Epoch 0, Step 484: train_loss = 10.8405
2025-06-23 16:13:31.768 | INFO     | __main__:on_train_batch_end:39 - Epoch 0, Step 485: train_loss = 3.6710
2025-06-23 16:13:32.027 | INFO     | __main__:on_train_batch_end:39 - Epoch 0, Step 486: train_loss = 15.5079
2025-06-23 16:13:32.290 | INFO     | __main__:on_train_batch_end:39 - Epoch 0, Step 487: train_loss = 17.2573
2025-06-23 16:13:32.551 | INFO     | __main__:on_train_batch_end:39 - Epoch 0, Step 488: train_loss = 13.3655
2025-06-23 16:13:32.812 | INFO     | __main__:on_train_batch_end:39 - Epoch 0, Step 489: train_loss = 20.1771
2025-06-23 16:13:33.072 | INFO     | __main__:on_train_batch_end:39 - Epoch 0, Step 490: train_loss = 25.8332
2025-06-23 16:13:33.332 | INFO     | __main__:on_train_batch_end:39 - Epoch 0, Step 491: train_loss = 3.6687
2025-06-23 16:13:33.592 | INFO     | __main__:on_train_batch_end:39 - Epoch 0, Step 492: train_loss = 7.6929
2025-06-23 16:13:33.856 | INFO     | __main__:on_train_batch_end:39 - Epoch 0, Step 493: train_loss = 3.5388
2025-06-23 16:13:34.116 | INFO     | __main__:on_train_batch_end:39 - Epoch 0, Step 494: train_loss = 13.4538
2025-06-23 16:13:34.376 | INFO     | __main__:on_train_batch_end:39 - Epoch 0, Step 495: train_loss = 5.9151
2025-06-23 16:13:34.636 | INFO     | __main__:on_train_batch_end:39 - Epoch 0, Step 496: train_loss = 6.8393
2025-06-23 16:13:34.897 | INFO     | __main__:on_train_batch_end:39 - Epoch 0, Step 497: train_loss = 8.0674
2025-06-23 16:13:35.159 | INFO     | __main__:on_train_batch_end:39 - Epoch 0, Step 498: train_loss = 5.3477
2025-06-23 16:13:35.419 | INFO     | __main__:on_train_batch_end:39 - Epoch 0, Step 499: train_loss = 18.0864
2025-06-23 16:13:35.679 | INFO     | __main__:on_train_batch_end:39 - Epoch 0, Step 500: train_loss = 4.8800
2025-06-23 16:13:35.939 | INFO     | __main__:on_train_batch_end:39 - Epoch 0, Step 501: train_loss = 4.8546
2025-06-23 16:13:36.199 | INFO     | __main__:on_train_batch_end:39 - Epoch 0, Step 502: train_loss = 5.6047
2025-06-23 16:13:36.459 | INFO     | __main__:on_train_batch_end:39 - Epoch 0, Step 503: train_loss = 3.7661
2025-06-23 16:13:36.722 | INFO     | __main__:on_train_batch_end:39 - Epoch 0, Step 504: train_loss = 7.6539
2025-06-23 16:13:36.981 | INFO     | __main__:on_train_batch_end:39 - Epoch 0, Step 505: train_loss = 4.4100
2025-06-23 16:13:37.240 | INFO     | __main__:on_train_batch_end:39 - Epoch 0, Step 506: train_loss = 4.3577
2025-06-23 16:13:37.500 | INFO     | __main__:on_train_batch_end:39 - Epoch 0, Step 507: train_loss = 9.1787
2025-06-23 16:13:37.767 | INFO     | __main__:on_train_batch_end:39 - Epoch 0, Step 508: train_loss = 3.8118
2025-06-23 16:13:38.025 | INFO     | __main__:on_train_batch_end:39 - Epoch 0, Step 509: train_loss = 11.9074
2025-06-23 16:13:38.294 | INFO     | __main__:on_train_batch_end:39 - Epoch 0, Step 510: train_loss = 5.8529
2025-06-23 16:13:38.553 | INFO     | __main__:on_train_batch_end:39 - Epoch 0, Step 511: train_loss = 5.2546
2025-06-23 16:13:38.815 | INFO     | __main__:on_train_batch_end:39 - Epoch 0, Step 512: train_loss = 23.5527
2025-06-23 16:13:39.073 | INFO     | __main__:on_train_batch_end:39 - Epoch 0, Step 513: train_loss = 7.5344
2025-06-23 16:13:39.334 | INFO     | __main__:on_train_batch_end:39 - Epoch 0, Step 514: train_loss = 21.7881
2025-06-23 16:13:39.596 | INFO     | __main__:on_train_batch_end:39 - Epoch 0, Step 515: train_loss = 17.0272
2025-06-23 16:13:39.859 | INFO     | __main__:on_train_batch_end:39 - Epoch 0, Step 516: train_loss = 4.6515
2025-06-23 16:13:40.121 | INFO     | __main__:on_train_batch_end:39 - Epoch 0, Step 517: train_loss = 6.0094
2025-06-23 16:13:40.382 | INFO     | __main__:on_train_batch_end:39 - Epoch 0, Step 518: train_loss = 9.4660
2025-06-23 16:13:40.642 | INFO     | __main__:on_train_batch_end:39 - Epoch 0, Step 519: train_loss = 6.0665
2025-06-23 16:13:40.902 | INFO     | __main__:on_train_batch_end:39 - Epoch 0, Step 520: train_loss = 4.6931
2025-06-23 16:13:41.162 | INFO     | __main__:on_train_batch_end:39 - Epoch 0, Step 521: train_loss = 18.8545
2025-06-23 16:13:41.423 | INFO     | __main__:on_train_batch_end:39 - Epoch 0, Step 522: train_loss = 6.7120
2025-06-23 16:13:41.683 | INFO     | __main__:on_train_batch_end:39 - Epoch 0, Step 523: train_loss = 8.7122
2025-06-23 16:13:41.942 | INFO     | __main__:on_train_batch_end:39 - Epoch 0, Step 524: train_loss = 6.0220
2025-06-23 16:13:42.203 | INFO     | __main__:on_train_batch_end:39 - Epoch 0, Step 525: train_loss = 14.3996
2025-06-23 16:13:42.464 | INFO     | __main__:on_train_batch_end:39 - Epoch 0, Step 526: train_loss = 4.3242
2025-06-23 16:13:42.729 | INFO     | __main__:on_train_batch_end:39 - Epoch 0, Step 527: train_loss = 4.3906
2025-06-23 16:13:42.989 | INFO     | __main__:on_train_batch_end:39 - Epoch 0, Step 528: train_loss = 43.7865
2025-06-23 16:13:43.248 | INFO     | __main__:on_train_batch_end:39 - Epoch 0, Step 529: train_loss = 23.5056
2025-06-23 16:13:43.509 | INFO     | __main__:on_train_batch_end:39 - Epoch 0, Step 530: train_loss = 5.5359
2025-06-23 16:13:43.778 | INFO     | __main__:on_train_batch_end:39 - Epoch 0, Step 531: train_loss = 33.1716
2025-06-23 16:13:44.037 | INFO     | __main__:on_train_batch_end:39 - Epoch 0, Step 532: train_loss = 3.6878
2025-06-23 16:13:44.297 | INFO     | __main__:on_train_batch_end:39 - Epoch 0, Step 533: train_loss = 7.6428
2025-06-23 16:13:44.653 | INFO     | __main__:on_train_batch_end:39 - Epoch 0, Step 534: train_loss = 9.6062
2025-06-23 16:13:44.911 | INFO     | __main__:on_train_batch_end:39 - Epoch 0, Step 535: train_loss = 6.4180
2025-06-23 16:13:45.170 | INFO     | __main__:on_train_batch_end:39 - Epoch 0, Step 536: train_loss = 5.4279
2025-06-23 16:13:45.433 | INFO     | __main__:on_train_batch_end:39 - Epoch 0, Step 537: train_loss = 4.2868
2025-06-23 16:13:45.710 | INFO     | __main__:on_train_batch_end:39 - Epoch 0, Step 538: train_loss = 3.9881
2025-06-23 16:13:45.971 | INFO     | __main__:on_train_batch_end:39 - Epoch 0, Step 539: train_loss = 9.2909
2025-06-23 16:13:46.236 | INFO     | __main__:on_train_batch_end:39 - Epoch 0, Step 540: train_loss = 18.1079
2025-06-23 16:13:46.499 | INFO     | __main__:on_train_batch_end:39 - Epoch 0, Step 541: train_loss = 6.3484
2025-06-23 16:13:46.761 | INFO     | __main__:on_train_batch_end:39 - Epoch 0, Step 542: train_loss = 5.5908
2025-06-23 16:13:47.032 | INFO     | __main__:on_train_batch_end:39 - Epoch 0, Step 543: train_loss = 7.2688
2025-06-23 16:13:47.293 | INFO     | __main__:on_train_batch_end:39 - Epoch 0, Step 544: train_loss = 7.6796
2025-06-23 16:13:47.555 | INFO     | __main__:on_train_batch_end:39 - Epoch 0, Step 545: train_loss = 17.1894
2025-06-23 16:13:47.813 | INFO     | __main__:on_train_batch_end:39 - Epoch 0, Step 546: train_loss = 4.3778
2025-06-23 16:13:48.074 | INFO     | __main__:on_train_batch_end:39 - Epoch 0, Step 547: train_loss = 3.6730
2025-06-23 16:13:48.335 | INFO     | __main__:on_train_batch_end:39 - Epoch 0, Step 548: train_loss = 13.0600
2025-06-23 16:13:48.594 | INFO     | __main__:on_train_batch_end:39 - Epoch 0, Step 549: train_loss = 4.6245
2025-06-23 16:13:48.862 | INFO     | __main__:on_train_batch_end:39 - Epoch 0, Step 550: train_loss = 9.1969
2025-06-23 16:13:49.123 | INFO     | __main__:on_train_batch_end:39 - Epoch 0, Step 551: train_loss = 4.6314
2025-06-23 16:13:49.385 | INFO     | __main__:on_train_batch_end:39 - Epoch 0, Step 552: train_loss = 22.4613
2025-06-23 16:13:49.648 | INFO     | __main__:on_train_batch_end:39 - Epoch 0, Step 553: train_loss = 3.5846
2025-06-23 16:13:49.907 | INFO     | __main__:on_train_batch_end:39 - Epoch 0, Step 554: train_loss = 7.2825
2025-06-23 16:13:50.167 | INFO     | __main__:on_train_batch_end:39 - Epoch 0, Step 555: train_loss = 3.8117
2025-06-23 16:13:50.430 | INFO     | __main__:on_train_batch_end:39 - Epoch 0, Step 556: train_loss = 5.3913
2025-06-23 16:13:50.691 | INFO     | __main__:on_train_batch_end:39 - Epoch 0, Step 557: train_loss = 4.4435
2025-06-23 16:13:50.951 | INFO     | __main__:on_train_batch_end:39 - Epoch 0, Step 558: train_loss = 7.1007
2025-06-23 16:13:51.209 | INFO     | __main__:on_train_batch_end:39 - Epoch 0, Step 559: train_loss = 3.8074
2025-06-23 16:13:51.470 | INFO     | __main__:on_train_batch_end:39 - Epoch 0, Step 560: train_loss = 3.6721
2025-06-23 16:13:51.736 | INFO     | __main__:on_train_batch_end:39 - Epoch 0, Step 561: train_loss = 3.5848
2025-06-23 16:13:51.997 | INFO     | __main__:on_train_batch_end:39 - Epoch 0, Step 562: train_loss = 10.4124
2025-06-23 16:13:52.256 | INFO     | __main__:on_train_batch_end:39 - Epoch 0, Step 563: train_loss = 4.5510
2025-06-23 16:13:52.516 | INFO     | __main__:on_train_batch_end:39 - Epoch 0, Step 564: train_loss = 8.7353
2025-06-23 16:13:52.777 | INFO     | __main__:on_train_batch_end:39 - Epoch 0, Step 565: train_loss = 7.0682
2025-06-23 16:13:53.037 | INFO     | __main__:on_train_batch_end:39 - Epoch 0, Step 566: train_loss = 4.5220
2025-06-23 16:13:53.298 | INFO     | __main__:on_train_batch_end:39 - Epoch 0, Step 567: train_loss = 7.1461
2025-06-23 16:13:53.560 | INFO     | __main__:on_train_batch_end:39 - Epoch 0, Step 568: train_loss = 3.5950
2025-06-23 16:13:53.822 | INFO     | __main__:on_train_batch_end:39 - Epoch 0, Step 569: train_loss = 4.5464
2025-06-23 16:13:54.082 | INFO     | __main__:on_train_batch_end:39 - Epoch 0, Step 570: train_loss = 4.5099
2025-06-23 16:13:54.341 | INFO     | __main__:on_train_batch_end:39 - Epoch 0, Step 571: train_loss = 9.8825
2025-06-23 16:13:54.602 | INFO     | __main__:on_train_batch_end:39 - Epoch 0, Step 572: train_loss = 42.3005
2025-06-23 16:13:54.872 | INFO     | __main__:on_train_batch_end:39 - Epoch 0, Step 573: train_loss = 3.9021
2025-06-23 16:13:55.132 | INFO     | __main__:on_train_batch_end:39 - Epoch 0, Step 574: train_loss = 4.4052
2025-06-23 16:13:55.393 | INFO     | __main__:on_train_batch_end:39 - Epoch 0, Step 575: train_loss = 18.8637
2025-06-23 16:13:55.657 | INFO     | __main__:on_train_batch_end:39 - Epoch 0, Step 576: train_loss = 6.3667
2025-06-23 16:13:55.917 | INFO     | __main__:on_train_batch_end:39 - Epoch 0, Step 577: train_loss = 5.1772
2025-06-23 16:13:56.179 | INFO     | __main__:on_train_batch_end:39 - Epoch 0, Step 578: train_loss = 17.6062
2025-06-23 16:13:56.441 | INFO     | __main__:on_train_batch_end:39 - Epoch 0, Step 579: train_loss = 15.0013
2025-06-23 16:13:56.699 | INFO     | __main__:on_train_batch_end:39 - Epoch 0, Step 580: train_loss = 4.0176
2025-06-23 16:13:56.960 | INFO     | __main__:on_train_batch_end:39 - Epoch 0, Step 581: train_loss = 8.1774
2025-06-23 16:13:57.221 | INFO     | __main__:on_train_batch_end:39 - Epoch 0, Step 582: train_loss = 4.2468
2025-06-23 16:13:57.482 | INFO     | __main__:on_train_batch_end:39 - Epoch 0, Step 583: train_loss = 13.9273
2025-06-23 16:13:57.746 | INFO     | __main__:on_train_batch_end:39 - Epoch 0, Step 584: train_loss = 24.0514
2025-06-23 16:13:58.008 | INFO     | __main__:on_train_batch_end:39 - Epoch 0, Step 585: train_loss = 6.0687
2025-06-23 16:13:58.269 | INFO     | __main__:on_train_batch_end:39 - Epoch 0, Step 586: train_loss = 8.0011
2025-06-23 16:13:58.528 | INFO     | __main__:on_train_batch_end:39 - Epoch 0, Step 587: train_loss = 3.7537
2025-06-23 16:13:58.838 | INFO     | __main__:on_train_batch_end:39 - Epoch 0, Step 588: train_loss = 6.6302
2025-06-23 16:13:59.118 | INFO     | __main__:on_train_batch_end:39 - Epoch 0, Step 589: train_loss = 3.9373
2025-06-23 16:13:59.390 | INFO     | __main__:on_train_batch_end:39 - Epoch 0, Step 590: train_loss = 8.0337
2025-06-23 16:13:59.654 | INFO     | __main__:on_train_batch_end:39 - Epoch 0, Step 591: train_loss = 3.9731
2025-06-23 16:13:59.915 | INFO     | __main__:on_train_batch_end:39 - Epoch 0, Step 592: train_loss = 19.4543
2025-06-23 16:14:00.177 | INFO     | __main__:on_train_batch_end:39 - Epoch 0, Step 593: train_loss = 4.3310
2025-06-23 16:14:00.438 | INFO     | __main__:on_train_batch_end:39 - Epoch 0, Step 594: train_loss = 6.7811
2025-06-23 16:14:00.709 | INFO     | __main__:on_train_batch_end:39 - Epoch 0, Step 595: train_loss = 21.6954
2025-06-23 16:14:00.970 | INFO     | __main__:on_train_batch_end:39 - Epoch 0, Step 596: train_loss = 6.0474
2025-06-23 16:14:01.234 | INFO     | __main__:on_train_batch_end:39 - Epoch 0, Step 597: train_loss = 9.2749
2025-06-23 16:14:01.506 | INFO     | __main__:on_train_batch_end:39 - Epoch 0, Step 598: train_loss = 8.5302
2025-06-23 16:14:01.770 | INFO     | __main__:on_train_batch_end:39 - Epoch 0, Step 599: train_loss = 5.3753
2025-06-23 16:14:02.033 | INFO     | __main__:on_train_batch_end:39 - Epoch 0, Step 600: train_loss = 6.2359
2025-06-23 16:14:02.298 | INFO     | __main__:on_train_batch_end:39 - Epoch 0, Step 601: train_loss = 3.6651
2025-06-23 16:14:02.563 | INFO     | __main__:on_train_batch_end:39 - Epoch 0, Step 602: train_loss = 25.2518
2025-06-23 16:14:02.827 | INFO     | __main__:on_train_batch_end:39 - Epoch 0, Step 603: train_loss = 5.7107
2025-06-23 16:14:03.091 | INFO     | __main__:on_train_batch_end:39 - Epoch 0, Step 604: train_loss = 15.4832
2025-06-23 16:14:03.352 | INFO     | __main__:on_train_batch_end:39 - Epoch 0, Step 605: train_loss = 6.5141
2025-06-23 16:14:03.613 | INFO     | __main__:on_train_batch_end:39 - Epoch 0, Step 606: train_loss = 5.6322
2025-06-23 16:14:03.882 | INFO     | __main__:on_train_batch_end:39 - Epoch 0, Step 607: train_loss = 3.6621
2025-06-23 16:14:04.146 | INFO     | __main__:on_train_batch_end:39 - Epoch 0, Step 608: train_loss = 11.5941
2025-06-23 16:14:04.409 | INFO     | __main__:on_train_batch_end:39 - Epoch 0, Step 609: train_loss = 8.8766
2025-06-23 16:14:04.671 | INFO     | __main__:on_train_batch_end:39 - Epoch 0, Step 610: train_loss = 10.2967
2025-06-23 16:14:04.936 | INFO     | __main__:on_train_batch_end:39 - Epoch 0, Step 611: train_loss = 4.8960
2025-06-23 16:14:05.205 | INFO     | __main__:on_train_batch_end:39 - Epoch 0, Step 612: train_loss = 15.0033
2025-06-23 16:14:05.484 | INFO     | __main__:on_train_batch_end:39 - Epoch 0, Step 613: train_loss = 8.6289
2025-06-23 16:14:05.778 | INFO     | __main__:on_train_batch_end:39 - Epoch 0, Step 614: train_loss = 8.6762
2025-06-23 16:14:06.056 | INFO     | __main__:on_train_batch_end:39 - Epoch 0, Step 615: train_loss = 5.6683
2025-06-23 16:14:06.333 | INFO     | __main__:on_train_batch_end:39 - Epoch 0, Step 616: train_loss = 5.7716
2025-06-23 16:14:06.609 | INFO     | __main__:on_train_batch_end:39 - Epoch 0, Step 617: train_loss = 7.8765
2025-06-23 16:14:06.895 | INFO     | __main__:on_train_batch_end:39 - Epoch 0, Step 618: train_loss = 20.7646
2025-06-23 16:14:07.161 | INFO     | __main__:on_train_batch_end:39 - Epoch 0, Step 619: train_loss = 27.8982
2025-06-23 16:14:07.429 | INFO     | __main__:on_train_batch_end:39 - Epoch 0, Step 620: train_loss = 4.4198
2025-06-23 16:14:07.693 | INFO     | __main__:on_train_batch_end:39 - Epoch 0, Step 621: train_loss = 13.4730
2025-06-23 16:14:07.957 | INFO     | __main__:on_train_batch_end:39 - Epoch 0, Step 622: train_loss = 4.4399
2025-06-23 16:14:08.222 | INFO     | __main__:on_train_batch_end:39 - Epoch 0, Step 623: train_loss = 3.8234
2025-06-23 16:14:08.487 | INFO     | __main__:on_train_batch_end:39 - Epoch 0, Step 624: train_loss = 8.8899
2025-06-23 16:14:08.753 | INFO     | __main__:on_train_batch_end:39 - Epoch 0, Step 625: train_loss = 10.8394
2025-06-23 16:14:09.018 | INFO     | __main__:on_train_batch_end:39 - Epoch 0, Step 626: train_loss = 14.8740
2025-06-23 16:14:09.284 | INFO     | __main__:on_train_batch_end:39 - Epoch 0, Step 627: train_loss = 6.5758
2025-06-23 16:14:09.549 | INFO     | __main__:on_train_batch_end:39 - Epoch 0, Step 628: train_loss = 8.6398
2025-06-23 16:14:09.815 | INFO     | __main__:on_train_batch_end:39 - Epoch 0, Step 629: train_loss = 5.9741
2025-06-23 16:14:10.080 | INFO     | __main__:on_train_batch_end:39 - Epoch 0, Step 630: train_loss = 4.3249
2025-06-23 16:14:10.343 | INFO     | __main__:on_train_batch_end:39 - Epoch 0, Step 631: train_loss = 9.2676
2025-06-23 16:14:10.607 | INFO     | __main__:on_train_batch_end:39 - Epoch 0, Step 632: train_loss = 5.1320
2025-06-23 16:14:10.870 | INFO     | __main__:on_train_batch_end:39 - Epoch 0, Step 633: train_loss = 7.4020
2025-06-23 16:14:11.133 | INFO     | __main__:on_train_batch_end:39 - Epoch 0, Step 634: train_loss = 4.0228
2025-06-23 16:14:11.397 | INFO     | __main__:on_train_batch_end:39 - Epoch 0, Step 635: train_loss = 3.8989
2025-06-23 16:14:11.660 | INFO     | __main__:on_train_batch_end:39 - Epoch 0, Step 636: train_loss = 16.8399
2025-06-23 16:14:11.925 | INFO     | __main__:on_train_batch_end:39 - Epoch 0, Step 637: train_loss = 12.1789
2025-06-23 16:14:12.192 | INFO     | __main__:on_train_batch_end:39 - Epoch 0, Step 638: train_loss = 16.2451
2025-06-23 16:14:12.459 | INFO     | __main__:on_train_batch_end:39 - Epoch 0, Step 639: train_loss = 3.8622
2025-06-23 16:14:12.726 | INFO     | __main__:on_train_batch_end:39 - Epoch 0, Step 640: train_loss = 3.8234
2025-06-23 16:14:12.991 | INFO     | __main__:on_train_batch_end:39 - Epoch 0, Step 641: train_loss = 3.8130
2025-06-23 16:14:13.257 | INFO     | __main__:on_train_batch_end:39 - Epoch 0, Step 642: train_loss = 4.0751
2025-06-23 16:14:13.523 | INFO     | __main__:on_train_batch_end:39 - Epoch 0, Step 643: train_loss = 3.7659
2025-06-23 16:14:13.789 | INFO     | __main__:on_train_batch_end:39 - Epoch 0, Step 644: train_loss = 3.8475
2025-06-23 16:14:14.054 | INFO     | __main__:on_train_batch_end:39 - Epoch 0, Step 645: train_loss = 4.2988
2025-06-23 16:14:14.341 | INFO     | __main__:on_train_batch_end:39 - Epoch 0, Step 646: train_loss = 5.1763
2025-06-23 16:14:14.608 | INFO     | __main__:on_train_batch_end:39 - Epoch 0, Step 647: train_loss = 4.2136
2025-06-23 16:14:14.872 | INFO     | __main__:on_train_batch_end:39 - Epoch 0, Step 648: train_loss = 7.1237
2025-06-23 16:14:15.137 | INFO     | __main__:on_train_batch_end:39 - Epoch 0, Step 649: train_loss = 4.9946
2025-06-23 16:14:15.401 | INFO     | __main__:on_train_batch_end:39 - Epoch 0, Step 650: train_loss = 3.6536
2025-06-23 16:14:15.668 | INFO     | __main__:on_train_batch_end:39 - Epoch 0, Step 651: train_loss = 16.5420
2025-06-23 16:14:15.937 | INFO     | __main__:on_train_batch_end:39 - Epoch 0, Step 652: train_loss = 13.4541
2025-06-23 16:14:16.201 | INFO     | __main__:on_train_batch_end:39 - Epoch 0, Step 653: train_loss = 5.3606
2025-06-23 16:14:16.465 | INFO     | __main__:on_train_batch_end:39 - Epoch 0, Step 654: train_loss = 15.1217
2025-06-23 16:14:16.731 | INFO     | __main__:on_train_batch_end:39 - Epoch 0, Step 655: train_loss = 3.7357
2025-06-23 16:14:16.997 | INFO     | __main__:on_train_batch_end:39 - Epoch 0, Step 656: train_loss = 10.1334
2025-06-23 16:14:17.262 | INFO     | __main__:on_train_batch_end:39 - Epoch 0, Step 657: train_loss = 5.7953
2025-06-23 16:14:17.527 | INFO     | __main__:on_train_batch_end:39 - Epoch 0, Step 658: train_loss = 7.2616
2025-06-23 16:14:17.790 | INFO     | __main__:on_train_batch_end:39 - Epoch 0, Step 659: train_loss = 4.0530
2025-06-23 16:14:18.056 | INFO     | __main__:on_train_batch_end:39 - Epoch 0, Step 660: train_loss = 19.3725
2025-06-23 16:14:18.323 | INFO     | __main__:on_train_batch_end:39 - Epoch 0, Step 661: train_loss = 5.4623
2025-06-23 16:14:18.586 | INFO     | __main__:on_train_batch_end:39 - Epoch 0, Step 662: train_loss = 6.5423
2025-06-23 16:14:18.856 | INFO     | __main__:on_train_batch_end:39 - Epoch 0, Step 663: train_loss = 10.4538
2025-06-23 16:14:19.122 | INFO     | __main__:on_train_batch_end:39 - Epoch 0, Step 664: train_loss = 10.0345
2025-06-23 16:14:19.386 | INFO     | __main__:on_train_batch_end:39 - Epoch 0, Step 665: train_loss = 19.8694
2025-06-23 16:14:19.649 | INFO     | __main__:on_train_batch_end:39 - Epoch 0, Step 666: train_loss = 3.6470
2025-06-23 16:14:19.913 | INFO     | __main__:on_train_batch_end:39 - Epoch 0, Step 667: train_loss = 23.0930
2025-06-23 16:14:20.175 | INFO     | __main__:on_train_batch_end:39 - Epoch 0, Step 668: train_loss = 21.0411
2025-06-23 16:14:20.440 | INFO     | __main__:on_train_batch_end:39 - Epoch 0, Step 669: train_loss = 4.0288
2025-06-23 16:14:20.702 | INFO     | __main__:on_train_batch_end:39 - Epoch 0, Step 670: train_loss = 4.9319
2025-06-23 16:14:20.969 | INFO     | __main__:on_train_batch_end:39 - Epoch 0, Step 671: train_loss = 21.4281
2025-06-23 16:14:21.232 | INFO     | __main__:on_train_batch_end:39 - Epoch 0, Step 672: train_loss = 4.3279
2025-06-23 16:14:21.496 | INFO     | __main__:on_train_batch_end:39 - Epoch 0, Step 673: train_loss = 3.7007
2025-06-23 16:14:21.763 | INFO     | __main__:on_train_batch_end:39 - Epoch 0, Step 674: train_loss = 3.9040
2025-06-23 16:14:22.024 | INFO     | __main__:on_train_batch_end:39 - Epoch 0, Step 675: train_loss = 4.1644
2025-06-23 16:14:22.289 | INFO     | __main__:on_train_batch_end:39 - Epoch 0, Step 676: train_loss = 3.9643
2025-06-23 16:14:22.551 | INFO     | __main__:on_train_batch_end:39 - Epoch 0, Step 677: train_loss = 9.7605
2025-06-23 16:14:22.816 | INFO     | __main__:on_train_batch_end:39 - Epoch 0, Step 678: train_loss = 4.5248
2025-06-23 16:14:23.080 | INFO     | __main__:on_train_batch_end:39 - Epoch 0, Step 679: train_loss = 3.9774
2025-06-23 16:14:23.345 | INFO     | __main__:on_train_batch_end:39 - Epoch 0, Step 680: train_loss = 5.3308
2025-06-23 16:14:23.610 | INFO     | __main__:on_train_batch_end:39 - Epoch 0, Step 681: train_loss = 4.6370
2025-06-23 16:14:23.874 | INFO     | __main__:on_train_batch_end:39 - Epoch 0, Step 682: train_loss = 4.3297
2025-06-23 16:14:24.138 | INFO     | __main__:on_train_batch_end:39 - Epoch 0, Step 683: train_loss = 28.8102
2025-06-23 16:14:24.400 | INFO     | __main__:on_train_batch_end:39 - Epoch 0, Step 684: train_loss = 4.6601
2025-06-23 16:14:24.664 | INFO     | __main__:on_train_batch_end:39 - Epoch 0, Step 685: train_loss = 4.9392
2025-06-23 16:14:24.931 | INFO     | __main__:on_train_batch_end:39 - Epoch 0, Step 686: train_loss = 4.4895
2025-06-23 16:14:25.194 | INFO     | __main__:on_train_batch_end:39 - Epoch 0, Step 687: train_loss = 7.7891
2025-06-23 16:14:25.461 | INFO     | __main__:on_train_batch_end:39 - Epoch 0, Step 688: train_loss = 18.6400
2025-06-23 16:14:25.724 | INFO     | __main__:on_train_batch_end:39 - Epoch 0, Step 689: train_loss = 14.4721
2025-06-23 16:14:25.989 | INFO     | __main__:on_train_batch_end:39 - Epoch 0, Step 690: train_loss = 17.9029
2025-06-23 16:14:26.256 | INFO     | __main__:on_train_batch_end:39 - Epoch 0, Step 691: train_loss = 12.5479
2025-06-23 16:14:26.520 | INFO     | __main__:on_train_batch_end:39 - Epoch 0, Step 692: train_loss = 3.5887
2025-06-23 16:14:26.786 | INFO     | __main__:on_train_batch_end:39 - Epoch 0, Step 693: train_loss = 18.1076
2025-06-23 16:14:27.050 | INFO     | __main__:on_train_batch_end:39 - Epoch 0, Step 694: train_loss = 3.6862
2025-06-23 16:14:27.314 | INFO     | __main__:on_train_batch_end:39 - Epoch 0, Step 695: train_loss = 15.8224
2025-06-23 16:14:27.577 | INFO     | __main__:on_train_batch_end:39 - Epoch 0, Step 696: train_loss = 16.4155
2025-06-23 16:14:27.847 | INFO     | __main__:on_train_batch_end:39 - Epoch 0, Step 697: train_loss = 30.6602
2025-06-23 16:14:28.111 | INFO     | __main__:on_train_batch_end:39 - Epoch 0, Step 698: train_loss = 3.7038
2025-06-23 16:14:28.372 | INFO     | __main__:on_train_batch_end:39 - Epoch 0, Step 699: train_loss = 5.3877
2025-06-23 16:14:28.635 | INFO     | __main__:on_train_batch_end:39 - Epoch 0, Step 700: train_loss = 3.5783
2025-06-23 16:14:28.900 | INFO     | __main__:on_train_batch_end:39 - Epoch 0, Step 701: train_loss = 4.5225
2025-06-23 16:14:29.163 | INFO     | __main__:on_train_batch_end:39 - Epoch 0, Step 702: train_loss = 3.8693
2025-06-23 16:14:29.427 | INFO     | __main__:on_train_batch_end:39 - Epoch 0, Step 703: train_loss = 15.5298
2025-06-23 16:14:29.692 | INFO     | __main__:on_train_batch_end:39 - Epoch 0, Step 704: train_loss = 10.9785
2025-06-23 16:14:29.958 | INFO     | __main__:on_train_batch_end:39 - Epoch 0, Step 705: train_loss = 5.9342
2025-06-23 16:14:30.320 | INFO     | __main__:on_train_batch_end:39 - Epoch 0, Step 706: train_loss = 18.4716
2025-06-23 16:14:30.583 | INFO     | __main__:on_train_batch_end:39 - Epoch 0, Step 707: train_loss = 4.0406
2025-06-23 16:14:30.852 | INFO     | __main__:on_train_batch_end:39 - Epoch 0, Step 708: train_loss = 5.1556
2025-06-23 16:14:31.118 | INFO     | __main__:on_train_batch_end:39 - Epoch 0, Step 709: train_loss = 15.7845
2025-06-23 16:14:31.384 | INFO     | __main__:on_train_batch_end:39 - Epoch 0, Step 710: train_loss = 20.1392
2025-06-23 16:14:31.649 | INFO     | __main__:on_train_batch_end:39 - Epoch 0, Step 711: train_loss = 4.4666
2025-06-23 16:14:31.910 | INFO     | __main__:on_train_batch_end:39 - Epoch 0, Step 712: train_loss = 8.4699
2025-06-23 16:14:32.174 | INFO     | __main__:on_train_batch_end:39 - Epoch 0, Step 713: train_loss = 5.4600
2025-06-23 16:14:32.439 | INFO     | __main__:on_train_batch_end:39 - Epoch 0, Step 714: train_loss = 20.6571
2025-06-23 16:14:32.703 | INFO     | __main__:on_train_batch_end:39 - Epoch 0, Step 715: train_loss = 3.6010
2025-06-23 16:14:32.966 | INFO     | __main__:on_train_batch_end:39 - Epoch 0, Step 716: train_loss = 13.3711
2025-06-23 16:14:33.236 | INFO     | __main__:on_train_batch_end:39 - Epoch 0, Step 717: train_loss = 14.2050
2025-06-23 16:14:33.501 | INFO     | __main__:on_train_batch_end:39 - Epoch 0, Step 718: train_loss = 9.2025
2025-06-23 16:14:33.768 | INFO     | __main__:on_train_batch_end:39 - Epoch 0, Step 719: train_loss = 3.6011
2025-06-23 16:14:34.033 | INFO     | __main__:on_train_batch_end:39 - Epoch 0, Step 720: train_loss = 9.6029
2025-06-23 16:14:34.299 | INFO     | __main__:on_train_batch_end:39 - Epoch 0, Step 721: train_loss = 12.1800
2025-06-23 16:14:34.565 | INFO     | __main__:on_train_batch_end:39 - Epoch 0, Step 722: train_loss = 18.2873
2025-06-23 16:14:34.828 | INFO     | __main__:on_train_batch_end:39 - Epoch 0, Step 723: train_loss = 22.4987
2025-06-23 16:14:35.091 | INFO     | __main__:on_train_batch_end:39 - Epoch 0, Step 724: train_loss = 9.8576
2025-06-23 16:14:35.357 | INFO     | __main__:on_train_batch_end:39 - Epoch 0, Step 725: train_loss = 5.5308
2025-06-23 16:14:35.622 | INFO     | __main__:on_train_batch_end:39 - Epoch 0, Step 726: train_loss = 4.1255
2025-06-23 16:14:35.885 | INFO     | __main__:on_train_batch_end:39 - Epoch 0, Step 727: train_loss = 15.0186
2025-06-23 16:14:36.149 | INFO     | __main__:on_train_batch_end:39 - Epoch 0, Step 728: train_loss = 4.2384
2025-06-23 16:14:36.414 | INFO     | __main__:on_train_batch_end:39 - Epoch 0, Step 729: train_loss = 19.7945
2025-06-23 16:14:36.678 | INFO     | __main__:on_train_batch_end:39 - Epoch 0, Step 730: train_loss = 7.4993
2025-06-23 16:14:36.941 | INFO     | __main__:on_train_batch_end:39 - Epoch 0, Step 731: train_loss = 5.0904
2025-06-23 16:14:37.209 | INFO     | __main__:on_train_batch_end:39 - Epoch 0, Step 732: train_loss = 8.2204
2025-06-23 16:14:37.474 | INFO     | __main__:on_train_batch_end:39 - Epoch 0, Step 733: train_loss = 4.7746
2025-06-23 16:14:37.739 | INFO     | __main__:on_train_batch_end:39 - Epoch 0, Step 734: train_loss = 4.1175
2025-06-23 16:14:38.004 | INFO     | __main__:on_train_batch_end:39 - Epoch 0, Step 735: train_loss = 3.8399
2025-06-23 16:14:38.268 | INFO     | __main__:on_train_batch_end:39 - Epoch 0, Step 736: train_loss = 4.0842
2025-06-23 16:14:38.532 | INFO     | __main__:on_train_batch_end:39 - Epoch 0, Step 737: train_loss = 17.7642
2025-06-23 16:14:38.798 | INFO     | __main__:on_train_batch_end:39 - Epoch 0, Step 738: train_loss = 10.8263
2025-06-23 16:14:39.061 | INFO     | __main__:on_train_batch_end:39 - Epoch 0, Step 739: train_loss = 11.0017
2025-06-23 16:14:39.326 | INFO     | __main__:on_train_batch_end:39 - Epoch 0, Step 740: train_loss = 6.5866
2025-06-23 16:14:39.591 | INFO     | __main__:on_train_batch_end:39 - Epoch 0, Step 741: train_loss = 6.9973
2025-06-23 16:14:39.859 | INFO     | __main__:on_train_batch_end:39 - Epoch 0, Step 742: train_loss = 6.8756
2025-06-23 16:14:40.124 | INFO     | __main__:on_train_batch_end:39 - Epoch 0, Step 743: train_loss = 4.2861
2025-06-23 16:14:40.388 | INFO     | __main__:on_train_batch_end:39 - Epoch 0, Step 744: train_loss = 44.0320
2025-06-23 16:14:40.651 | INFO     | __main__:on_train_batch_end:39 - Epoch 0, Step 745: train_loss = 4.0675
2025-06-23 16:14:40.916 | INFO     | __main__:on_train_batch_end:39 - Epoch 0, Step 746: train_loss = 23.5500
2025-06-23 16:14:41.178 | INFO     | __main__:on_train_batch_end:39 - Epoch 0, Step 747: train_loss = 4.3431
2025-06-23 16:14:41.442 | INFO     | __main__:on_train_batch_end:39 - Epoch 0, Step 748: train_loss = 28.3228
2025-06-23 16:14:41.705 | INFO     | __main__:on_train_batch_end:39 - Epoch 0, Step 749: train_loss = 4.3699
2025-06-23 16:14:41.974 | INFO     | __main__:on_train_batch_end:39 - Epoch 0, Step 750: train_loss = 4.3756
2025-06-23 16:14:42.238 | INFO     | __main__:on_train_batch_end:39 - Epoch 0, Step 751: train_loss = 11.7430
2025-06-23 16:14:42.503 | INFO     | __main__:on_train_batch_end:39 - Epoch 0, Step 752: train_loss = 4.9523
2025-06-23 16:14:42.771 | INFO     | __main__:on_train_batch_end:39 - Epoch 0, Step 753: train_loss = 3.9715
2025-06-23 16:14:43.035 | INFO     | __main__:on_train_batch_end:39 - Epoch 0, Step 754: train_loss = 3.7920
2025-06-23 16:14:43.301 | INFO     | __main__:on_train_batch_end:39 - Epoch 0, Step 755: train_loss = 12.6544
2025-06-23 16:14:43.565 | INFO     | __main__:on_train_batch_end:39 - Epoch 0, Step 756: train_loss = 3.6192
2025-06-23 16:14:43.831 | INFO     | __main__:on_train_batch_end:39 - Epoch 0, Step 757: train_loss = 5.4513
2025-06-23 16:14:44.095 | INFO     | __main__:on_train_batch_end:39 - Epoch 0, Step 758: train_loss = 16.3077
2025-06-23 16:14:44.361 | INFO     | __main__:on_train_batch_end:39 - Epoch 0, Step 759: train_loss = 14.6279
2025-06-23 16:14:44.634 | INFO     | __main__:on_train_batch_end:39 - Epoch 0, Step 760: train_loss = 5.2064
2025-06-23 16:14:44.896 | INFO     | __main__:on_train_batch_end:39 - Epoch 0, Step 761: train_loss = 5.0345
2025-06-23 16:14:45.160 | INFO     | __main__:on_train_batch_end:39 - Epoch 0, Step 762: train_loss = 3.9732
2025-06-23 16:14:45.425 | INFO     | __main__:on_train_batch_end:39 - Epoch 0, Step 763: train_loss = 21.4967
2025-06-23 16:14:45.690 | INFO     | __main__:on_train_batch_end:39 - Epoch 0, Step 764: train_loss = 5.3286
2025-06-23 16:14:45.960 | INFO     | __main__:on_train_batch_end:39 - Epoch 0, Step 765: train_loss = 6.2984
2025-06-23 16:14:46.226 | INFO     | __main__:on_train_batch_end:39 - Epoch 0, Step 766: train_loss = 3.8728
2025-06-23 16:14:46.490 | INFO     | __main__:on_train_batch_end:39 - Epoch 0, Step 767: train_loss = 5.7004
2025-06-23 16:14:46.755 | INFO     | __main__:on_train_batch_end:39 - Epoch 0, Step 768: train_loss = 7.8647
2025-06-23 16:14:47.021 | INFO     | __main__:on_train_batch_end:39 - Epoch 0, Step 769: train_loss = 4.0838
2025-06-23 16:14:47.286 | INFO     | __main__:on_train_batch_end:39 - Epoch 0, Step 770: train_loss = 8.4018
2025-06-23 16:14:47.549 | INFO     | __main__:on_train_batch_end:39 - Epoch 0, Step 771: train_loss = 9.4614
2025-06-23 16:14:47.811 | INFO     | __main__:on_train_batch_end:39 - Epoch 0, Step 772: train_loss = 6.8610
2025-06-23 16:14:48.076 | INFO     | __main__:on_train_batch_end:39 - Epoch 0, Step 773: train_loss = 7.2846
2025-06-23 16:14:48.340 | INFO     | __main__:on_train_batch_end:39 - Epoch 0, Step 774: train_loss = 3.8921
2025-06-23 16:14:48.604 | INFO     | __main__:on_train_batch_end:39 - Epoch 0, Step 775: train_loss = 14.0950
2025-06-23 16:14:48.875 | INFO     | __main__:on_train_batch_end:39 - Epoch 0, Step 776: train_loss = 23.1145
2025-06-23 16:14:49.139 | INFO     | __main__:on_train_batch_end:39 - Epoch 0, Step 777: train_loss = 17.0906
2025-06-23 16:14:49.404 | INFO     | __main__:on_train_batch_end:39 - Epoch 0, Step 778: train_loss = 3.9329
2025-06-23 16:14:49.669 | INFO     | __main__:on_train_batch_end:39 - Epoch 0, Step 779: train_loss = 4.2272
2025-06-23 16:14:49.933 | INFO     | __main__:on_train_batch_end:39 - Epoch 0, Step 780: train_loss = 5.9799
2025-06-23 16:14:50.195 | INFO     | __main__:on_train_batch_end:39 - Epoch 0, Step 781: train_loss = 6.2125
2025-06-23 16:14:50.457 | INFO     | __main__:on_train_batch_end:39 - Epoch 0, Step 782: train_loss = 3.8687
2025-06-23 16:14:50.721 | INFO     | __main__:on_train_batch_end:39 - Epoch 0, Step 783: train_loss = 3.6081
2025-06-23 16:14:50.984 | INFO     | __main__:on_train_batch_end:39 - Epoch 0, Step 784: train_loss = 34.5439
2025-06-23 16:14:51.248 | INFO     | __main__:on_train_batch_end:39 - Epoch 0, Step 785: train_loss = 8.9180
2025-06-23 16:14:51.520 | INFO     | __main__:on_train_batch_end:39 - Epoch 0, Step 786: train_loss = 17.8511
2025-06-23 16:14:51.792 | INFO     | __main__:on_train_batch_end:39 - Epoch 0, Step 787: train_loss = 4.3671
2025-06-23 16:14:52.070 | INFO     | __main__:on_train_batch_end:39 - Epoch 0, Step 788: train_loss = 4.9510
2025-06-23 16:14:52.370 | INFO     | __main__:on_train_batch_end:39 - Epoch 0, Step 789: train_loss = 15.5144
2025-06-23 16:14:52.658 | INFO     | __main__:on_train_batch_end:39 - Epoch 0, Step 790: train_loss = 19.4258
2025-06-23 16:14:52.922 | INFO     | __main__:on_train_batch_end:39 - Epoch 0, Step 791: train_loss = 5.7328
2025-06-23 16:14:53.192 | INFO     | __main__:on_train_batch_end:39 - Epoch 0, Step 792: train_loss = 18.4640
2025-06-23 16:14:53.456 | INFO     | __main__:on_train_batch_end:39 - Epoch 0, Step 793: train_loss = 4.4834
2025-06-23 16:14:53.718 | INFO     | __main__:on_train_batch_end:39 - Epoch 0, Step 794: train_loss = 3.8766
2025-06-23 16:14:53.983 | INFO     | __main__:on_train_batch_end:39 - Epoch 0, Step 795: train_loss = 14.0099
2025-06-23 16:14:54.246 | INFO     | __main__:on_train_batch_end:39 - Epoch 0, Step 796: train_loss = 4.4389
2025-06-23 16:14:54.510 | INFO     | __main__:on_train_batch_end:39 - Epoch 0, Step 797: train_loss = 19.5787
2025-06-23 16:14:54.779 | INFO     | __main__:on_train_batch_end:39 - Epoch 0, Step 798: train_loss = 9.3058
2025-06-23 16:14:55.041 | INFO     | __main__:on_train_batch_end:39 - Epoch 0, Step 799: train_loss = 4.1081
2025-06-23 16:14:55.308 | INFO     | __main__:on_train_batch_end:39 - Epoch 0, Step 800: train_loss = 7.0875
2025-06-23 16:14:55.572 | INFO     | __main__:on_train_batch_end:39 - Epoch 0, Step 801: train_loss = 11.8322
2025-06-23 16:14:55.836 | INFO     | __main__:on_train_batch_end:39 - Epoch 0, Step 802: train_loss = 6.4122
2025-06-23 16:14:56.099 | INFO     | __main__:on_train_batch_end:39 - Epoch 0, Step 803: train_loss = 7.6848
2025-06-23 16:14:56.361 | INFO     | __main__:on_train_batch_end:39 - Epoch 0, Step 804: train_loss = 14.2233
2025-06-23 16:14:56.623 | INFO     | __main__:on_train_batch_end:39 - Epoch 0, Step 805: train_loss = 5.9681
2025-06-23 16:14:56.885 | INFO     | __main__:on_train_batch_end:39 - Epoch 0, Step 806: train_loss = 3.5715
2025-06-23 16:14:57.148 | INFO     | __main__:on_train_batch_end:39 - Epoch 0, Step 807: train_loss = 5.6214
2025-06-23 16:14:57.410 | INFO     | __main__:on_train_batch_end:39 - Epoch 0, Step 808: train_loss = 3.9945
2025-06-23 16:14:57.673 | INFO     | __main__:on_train_batch_end:39 - Epoch 0, Step 809: train_loss = 3.4746
2025-06-23 16:14:57.935 | INFO     | __main__:on_train_batch_end:39 - Epoch 0, Step 810: train_loss = 6.2948
2025-06-23 16:14:58.199 | INFO     | __main__:on_train_batch_end:39 - Epoch 0, Step 811: train_loss = 3.7836
2025-06-23 16:14:58.462 | INFO     | __main__:on_train_batch_end:39 - Epoch 0, Step 812: train_loss = 3.8903
2025-06-23 16:14:58.724 | INFO     | __main__:on_train_batch_end:39 - Epoch 0, Step 813: train_loss = 5.9100
2025-06-23 16:14:58.989 | INFO     | __main__:on_train_batch_end:39 - Epoch 0, Step 814: train_loss = 17.6915
2025-06-23 16:14:59.253 | INFO     | __main__:on_train_batch_end:39 - Epoch 0, Step 815: train_loss = 12.3772
2025-06-23 16:14:59.519 | INFO     | __main__:on_train_batch_end:39 - Epoch 0, Step 816: train_loss = 17.6147
2025-06-23 16:14:59.782 | INFO     | __main__:on_train_batch_end:39 - Epoch 0, Step 817: train_loss = 15.8643
2025-06-23 16:15:00.045 | INFO     | __main__:on_train_batch_end:39 - Epoch 0, Step 818: train_loss = 3.5436
2025-06-23 16:15:00.312 | INFO     | __main__:on_train_batch_end:39 - Epoch 0, Step 819: train_loss = 8.2806
2025-06-23 16:15:00.574 | INFO     | __main__:on_train_batch_end:39 - Epoch 0, Step 820: train_loss = 15.5891
2025-06-23 16:15:00.842 | INFO     | __main__:on_train_batch_end:39 - Epoch 0, Step 821: train_loss = 6.6721
2025-06-23 16:15:01.107 | INFO     | __main__:on_train_batch_end:39 - Epoch 0, Step 822: train_loss = 9.2435
2025-06-23 16:15:01.372 | INFO     | __main__:on_train_batch_end:39 - Epoch 0, Step 823: train_loss = 7.6924
2025-06-23 16:15:01.636 | INFO     | __main__:on_train_batch_end:39 - Epoch 0, Step 824: train_loss = 4.1920
2025-06-23 16:15:01.899 | INFO     | __main__:on_train_batch_end:39 - Epoch 0, Step 825: train_loss = 11.1927
2025-06-23 16:15:02.163 | INFO     | __main__:on_train_batch_end:39 - Epoch 0, Step 826: train_loss = 5.8189
2025-06-23 16:15:02.425 | INFO     | __main__:on_train_batch_end:39 - Epoch 0, Step 827: train_loss = 3.7602
2025-06-23 16:15:02.689 | INFO     | __main__:on_train_batch_end:39 - Epoch 0, Step 828: train_loss = 5.3918
2025-06-23 16:15:02.951 | INFO     | __main__:on_train_batch_end:39 - Epoch 0, Step 829: train_loss = 5.1065
2025-06-23 16:15:03.214 | INFO     | __main__:on_train_batch_end:39 - Epoch 0, Step 830: train_loss = 17.2594
2025-06-23 16:15:03.477 | INFO     | __main__:on_train_batch_end:39 - Epoch 0, Step 831: train_loss = 4.2128
2025-06-23 16:15:03.743 | INFO     | __main__:on_train_batch_end:39 - Epoch 0, Step 832: train_loss = 11.4849
2025-06-23 16:15:04.007 | INFO     | __main__:on_train_batch_end:39 - Epoch 0, Step 833: train_loss = 7.2484
2025-06-23 16:15:04.271 | INFO     | __main__:on_train_batch_end:39 - Epoch 0, Step 834: train_loss = 7.4962
2025-06-23 16:15:04.535 | INFO     | __main__:on_train_batch_end:39 - Epoch 0, Step 835: train_loss = 5.4545
2025-06-23 16:15:04.807 | INFO     | __main__:on_train_batch_end:39 - Epoch 0, Step 836: train_loss = 4.7297
2025-06-23 16:15:05.070 | INFO     | __main__:on_train_batch_end:39 - Epoch 0, Step 837: train_loss = 5.2003
2025-06-23 16:15:05.336 | INFO     | __main__:on_train_batch_end:39 - Epoch 0, Step 838: train_loss = 5.5702
2025-06-23 16:15:05.598 | INFO     | __main__:on_train_batch_end:39 - Epoch 0, Step 839: train_loss = 5.8367
2025-06-23 16:15:05.861 | INFO     | __main__:on_train_batch_end:39 - Epoch 0, Step 840: train_loss = 20.5281
2025-06-23 16:15:06.125 | INFO     | __main__:on_train_batch_end:39 - Epoch 0, Step 841: train_loss = 3.8941
2025-06-23 16:15:06.389 | INFO     | __main__:on_train_batch_end:39 - Epoch 0, Step 842: train_loss = 4.9766
2025-06-23 16:15:06.653 | INFO     | __main__:on_train_batch_end:39 - Epoch 0, Step 843: train_loss = 3.6542
2025-06-23 16:15:06.918 | INFO     | __main__:on_train_batch_end:39 - Epoch 0, Step 844: train_loss = 4.9464
2025-06-23 16:15:07.182 | INFO     | __main__:on_train_batch_end:39 - Epoch 0, Step 845: train_loss = 14.8529
2025-06-23 16:15:07.449 | INFO     | __main__:on_train_batch_end:39 - Epoch 0, Step 846: train_loss = 4.6276
2025-06-23 16:15:07.712 | INFO     | __main__:on_train_batch_end:39 - Epoch 0, Step 847: train_loss = 4.0024
2025-06-23 16:15:07.973 | INFO     | __main__:on_train_batch_end:39 - Epoch 0, Step 848: train_loss = 7.1001
2025-06-23 16:15:08.238 | INFO     | __main__:on_train_batch_end:39 - Epoch 0, Step 849: train_loss = 4.0250
2025-06-23 16:15:08.502 | INFO     | __main__:on_train_batch_end:39 - Epoch 0, Step 850: train_loss = 10.7421
2025-06-23 16:15:08.770 | INFO     | __main__:on_train_batch_end:39 - Epoch 0, Step 851: train_loss = 10.9070
2025-06-23 16:15:09.033 | INFO     | __main__:on_train_batch_end:39 - Epoch 0, Step 852: train_loss = 8.6781
2025-06-23 16:15:09.296 | INFO     | __main__:on_train_batch_end:39 - Epoch 0, Step 853: train_loss = 4.5551
2025-06-23 16:15:09.558 | INFO     | __main__:on_train_batch_end:39 - Epoch 0, Step 854: train_loss = 15.4032
2025-06-23 16:15:09.827 | INFO     | __main__:on_train_batch_end:39 - Epoch 0, Step 855: train_loss = 7.2829
2025-06-23 16:15:10.103 | INFO     | __main__:on_train_batch_end:39 - Epoch 0, Step 856: train_loss = 3.6750
2025-06-23 16:15:10.368 | INFO     | __main__:on_train_batch_end:39 - Epoch 0, Step 857: train_loss = 7.4813
2025-06-23 16:15:10.632 | INFO     | __main__:on_train_batch_end:39 - Epoch 0, Step 858: train_loss = 4.7846
2025-06-23 16:15:10.898 | INFO     | __main__:on_train_batch_end:39 - Epoch 0, Step 859: train_loss = 8.8603
2025-06-23 16:15:11.162 | INFO     | __main__:on_train_batch_end:39 - Epoch 0, Step 860: train_loss = 15.9209
2025-06-23 16:15:11.425 | INFO     | __main__:on_train_batch_end:39 - Epoch 0, Step 861: train_loss = 18.2470
2025-06-23 16:15:11.688 | INFO     | __main__:on_train_batch_end:39 - Epoch 0, Step 862: train_loss = 15.9777
2025-06-23 16:15:11.953 | INFO     | __main__:on_train_batch_end:39 - Epoch 0, Step 863: train_loss = 3.9953
2025-06-23 16:15:12.215 | INFO     | __main__:on_train_batch_end:39 - Epoch 0, Step 864: train_loss = 3.7657
2025-06-23 16:15:12.478 | INFO     | __main__:on_train_batch_end:39 - Epoch 0, Step 865: train_loss = 16.3028
2025-06-23 16:15:12.746 | INFO     | __main__:on_train_batch_end:39 - Epoch 0, Step 866: train_loss = 10.2368
2025-06-23 16:15:13.012 | INFO     | __main__:on_train_batch_end:39 - Epoch 0, Step 867: train_loss = 16.7734
2025-06-23 16:15:13.277 | INFO     | __main__:on_train_batch_end:39 - Epoch 0, Step 868: train_loss = 32.3570
2025-06-23 16:15:13.538 | INFO     | __main__:on_train_batch_end:39 - Epoch 0, Step 869: train_loss = 3.6953
2025-06-23 16:15:13.801 | INFO     | __main__:on_train_batch_end:39 - Epoch 0, Step 870: train_loss = 11.3950
2025-06-23 16:15:14.066 | INFO     | __main__:on_train_batch_end:39 - Epoch 0, Step 871: train_loss = 10.9466
2025-06-23 16:15:14.330 | INFO     | __main__:on_train_batch_end:39 - Epoch 0, Step 872: train_loss = 15.8256
2025-06-23 16:15:14.592 | INFO     | __main__:on_train_batch_end:39 - Epoch 0, Step 873: train_loss = 7.7369
2025-06-23 16:15:14.855 | INFO     | __main__:on_train_batch_end:39 - Epoch 0, Step 874: train_loss = 24.8351
2025-06-23 16:15:15.120 | INFO     | __main__:on_train_batch_end:39 - Epoch 0, Step 875: train_loss = 5.5553
2025-06-23 16:15:15.381 | INFO     | __main__:on_train_batch_end:39 - Epoch 0, Step 876: train_loss = 3.4317
2025-06-23 16:15:15.643 | INFO     | __main__:on_train_batch_end:39 - Epoch 0, Step 877: train_loss = 12.1886
2025-06-23 16:15:15.999 | INFO     | __main__:on_train_batch_end:39 - Epoch 0, Step 878: train_loss = 3.6771
2025-06-23 16:15:16.263 | INFO     | __main__:on_train_batch_end:39 - Epoch 0, Step 879: train_loss = 4.0840
2025-06-23 16:15:16.525 | INFO     | __main__:on_train_batch_end:39 - Epoch 0, Step 880: train_loss = 7.2176
2025-06-23 16:15:16.785 | INFO     | __main__:on_train_batch_end:39 - Epoch 0, Step 881: train_loss = 6.0345
2025-06-23 16:15:17.048 | INFO     | __main__:on_train_batch_end:39 - Epoch 0, Step 882: train_loss = 4.0549
2025-06-23 16:15:17.311 | INFO     | __main__:on_train_batch_end:39 - Epoch 0, Step 883: train_loss = 4.0159
2025-06-23 16:15:17.572 | INFO     | __main__:on_train_batch_end:39 - Epoch 0, Step 884: train_loss = 5.6200
2025-06-23 16:15:17.839 | INFO     | __main__:on_train_batch_end:39 - Epoch 0, Step 885: train_loss = 31.7319
2025-06-23 16:15:18.102 | INFO     | __main__:on_train_batch_end:39 - Epoch 0, Step 886: train_loss = 16.1352
2025-06-23 16:15:18.365 | INFO     | __main__:on_train_batch_end:39 - Epoch 0, Step 887: train_loss = 10.4916
2025-06-23 16:15:18.626 | INFO     | __main__:on_train_batch_end:39 - Epoch 0, Step 888: train_loss = 17.3479
2025-06-23 16:15:18.892 | INFO     | __main__:on_train_batch_end:39 - Epoch 0, Step 889: train_loss = 4.4410
2025-06-23 16:15:19.156 | INFO     | __main__:on_train_batch_end:39 - Epoch 0, Step 890: train_loss = 7.9277
2025-06-23 16:15:19.418 | INFO     | __main__:on_train_batch_end:39 - Epoch 0, Step 891: train_loss = 5.0971
2025-06-23 16:15:19.682 | INFO     | __main__:on_train_batch_end:39 - Epoch 0, Step 892: train_loss = 20.6441
2025-06-23 16:15:19.944 | INFO     | __main__:on_train_batch_end:39 - Epoch 0, Step 893: train_loss = 14.5103
2025-06-23 16:15:20.205 | INFO     | __main__:on_train_batch_end:39 - Epoch 0, Step 894: train_loss = 11.2814
2025-06-23 16:15:20.470 | INFO     | __main__:on_train_batch_end:39 - Epoch 0, Step 895: train_loss = 5.8920
2025-06-23 16:15:20.733 | INFO     | __main__:on_train_batch_end:39 - Epoch 0, Step 896: train_loss = 6.1116
2025-06-23 16:15:20.993 | INFO     | __main__:on_train_batch_end:39 - Epoch 0, Step 897: train_loss = 4.5375
2025-06-23 16:15:21.258 | INFO     | __main__:on_train_batch_end:39 - Epoch 0, Step 898: train_loss = 15.4939
2025-06-23 16:15:21.520 | INFO     | __main__:on_train_batch_end:39 - Epoch 0, Step 899: train_loss = 8.1594
2025-06-23 16:15:21.789 | INFO     | __main__:on_train_batch_end:39 - Epoch 0, Step 900: train_loss = 14.6486
2025-06-23 16:15:22.053 | INFO     | __main__:on_train_batch_end:39 - Epoch 0, Step 901: train_loss = 13.1470
2025-06-23 16:15:22.316 | INFO     | __main__:on_train_batch_end:39 - Epoch 0, Step 902: train_loss = 19.6997
2025-06-23 16:15:22.577 | INFO     | __main__:on_train_batch_end:39 - Epoch 0, Step 903: train_loss = 37.3606
2025-06-23 16:15:22.838 | INFO     | __main__:on_train_batch_end:39 - Epoch 0, Step 904: train_loss = 13.1876
2025-06-23 16:15:23.099 | INFO     | __main__:on_train_batch_end:39 - Epoch 0, Step 905: train_loss = 5.8363
2025-06-23 16:15:23.363 | INFO     | __main__:on_train_batch_end:39 - Epoch 0, Step 906: train_loss = 5.6955
2025-06-23 16:15:23.624 | INFO     | __main__:on_train_batch_end:39 - Epoch 0, Step 907: train_loss = 4.2226
2025-06-23 16:15:23.885 | INFO     | __main__:on_train_batch_end:39 - Epoch 0, Step 908: train_loss = 3.6593
2025-06-23 16:15:24.150 | INFO     | __main__:on_train_batch_end:39 - Epoch 0, Step 909: train_loss = 6.8256
2025-06-23 16:15:24.413 | INFO     | __main__:on_train_batch_end:39 - Epoch 0, Step 910: train_loss = 10.5359
2025-06-23 16:15:24.674 | INFO     | __main__:on_train_batch_end:39 - Epoch 0, Step 911: train_loss = 5.4172
2025-06-23 16:15:24.940 | INFO     | __main__:on_train_batch_end:39 - Epoch 0, Step 912: train_loss = 10.5017
2025-06-23 16:15:25.201 | INFO     | __main__:on_train_batch_end:39 - Epoch 0, Step 913: train_loss = 29.0171
2025-06-23 16:15:25.464 | INFO     | __main__:on_train_batch_end:39 - Epoch 0, Step 914: train_loss = 5.3534
2025-06-23 16:15:25.727 | INFO     | __main__:on_train_batch_end:39 - Epoch 0, Step 915: train_loss = 25.8036
2025-06-23 16:15:25.987 | INFO     | __main__:on_train_batch_end:39 - Epoch 0, Step 916: train_loss = 4.8069
2025-06-23 16:15:26.248 | INFO     | __main__:on_train_batch_end:39 - Epoch 0, Step 917: train_loss = 3.6878
2025-06-23 16:15:26.509 | INFO     | __main__:on_train_batch_end:39 - Epoch 0, Step 918: train_loss = 7.2463
2025-06-23 16:15:26.770 | INFO     | __main__:on_train_batch_end:39 - Epoch 0, Step 919: train_loss = 5.2336
2025-06-23 16:15:27.034 | INFO     | __main__:on_train_batch_end:39 - Epoch 0, Step 920: train_loss = 5.0376
2025-06-23 16:15:27.297 | INFO     | __main__:on_train_batch_end:39 - Epoch 0, Step 921: train_loss = 4.0088
2025-06-23 16:15:27.559 | INFO     | __main__:on_train_batch_end:39 - Epoch 0, Step 922: train_loss = 6.2907
2025-06-23 16:15:27.827 | INFO     | __main__:on_train_batch_end:39 - Epoch 0, Step 923: train_loss = 5.1492
2025-06-23 16:15:28.093 | INFO     | __main__:on_train_batch_end:39 - Epoch 0, Step 924: train_loss = 8.7731
2025-06-23 16:15:28.355 | INFO     | __main__:on_train_batch_end:39 - Epoch 0, Step 925: train_loss = 10.8087
2025-06-23 16:15:28.617 | INFO     | __main__:on_train_batch_end:39 - Epoch 0, Step 926: train_loss = 8.9853
2025-06-23 16:15:28.881 | INFO     | __main__:on_train_batch_end:39 - Epoch 0, Step 927: train_loss = 13.8612
2025-06-23 16:15:29.143 | INFO     | __main__:on_train_batch_end:39 - Epoch 0, Step 928: train_loss = 6.2326
2025-06-23 16:15:29.408 | INFO     | __main__:on_train_batch_end:39 - Epoch 0, Step 929: train_loss = 16.2547
2025-06-23 16:15:29.669 | INFO     | __main__:on_train_batch_end:39 - Epoch 0, Step 930: train_loss = 6.6171
2025-06-23 16:15:29.932 | INFO     | __main__:on_train_batch_end:39 - Epoch 0, Step 931: train_loss = 26.2222
2025-06-23 16:15:30.196 | INFO     | __main__:on_train_batch_end:39 - Epoch 0, Step 932: train_loss = 5.0775
2025-06-23 16:15:30.458 | INFO     | __main__:on_train_batch_end:39 - Epoch 0, Step 933: train_loss = 8.0263
2025-06-23 16:15:30.724 | INFO     | __main__:on_train_batch_end:39 - Epoch 0, Step 934: train_loss = 10.7836
2025-06-23 16:15:30.985 | INFO     | __main__:on_train_batch_end:39 - Epoch 0, Step 935: train_loss = 3.9955
2025-06-23 16:15:31.247 | INFO     | __main__:on_train_batch_end:39 - Epoch 0, Step 936: train_loss = 5.5885
2025-06-23 16:15:31.509 | INFO     | __main__:on_train_batch_end:39 - Epoch 0, Step 937: train_loss = 10.0953
2025-06-23 16:15:31.771 | INFO     | __main__:on_train_batch_end:39 - Epoch 0, Step 938: train_loss = 6.7888
2025-06-23 16:15:32.035 | INFO     | __main__:on_train_batch_end:39 - Epoch 0, Step 939: train_loss = 8.9826
2025-06-23 16:15:32.297 | INFO     | __main__:on_train_batch_end:39 - Epoch 0, Step 940: train_loss = 4.1384
2025-06-23 16:15:32.558 | INFO     | __main__:on_train_batch_end:39 - Epoch 0, Step 941: train_loss = 3.6080
2025-06-23 16:15:32.820 | INFO     | __main__:on_train_batch_end:39 - Epoch 0, Step 942: train_loss = 15.1731
2025-06-23 16:15:33.082 | INFO     | __main__:on_train_batch_end:39 - Epoch 0, Step 943: train_loss = 13.3678
2025-06-23 16:15:33.343 | INFO     | __main__:on_train_batch_end:39 - Epoch 0, Step 944: train_loss = 3.5235
2025-06-23 16:15:33.605 | INFO     | __main__:on_train_batch_end:39 - Epoch 0, Step 945: train_loss = 17.7828
2025-06-23 16:15:33.873 | INFO     | __main__:on_train_batch_end:39 - Epoch 0, Step 946: train_loss = 10.4816
2025-06-23 16:15:34.137 | INFO     | __main__:on_train_batch_end:39 - Epoch 0, Step 947: train_loss = 20.3478
2025-06-23 16:15:34.399 | INFO     | __main__:on_train_batch_end:39 - Epoch 0, Step 948: train_loss = 6.1828
2025-06-23 16:15:34.660 | INFO     | __main__:on_train_batch_end:39 - Epoch 0, Step 949: train_loss = 14.6439
2025-06-23 16:15:34.921 | INFO     | __main__:on_train_batch_end:39 - Epoch 0, Step 950: train_loss = 4.4824
2025-06-23 16:15:35.186 | INFO     | __main__:on_train_batch_end:39 - Epoch 0, Step 951: train_loss = 15.7654
2025-06-23 16:15:35.449 | INFO     | __main__:on_train_batch_end:39 - Epoch 0, Step 952: train_loss = 15.1081
2025-06-23 16:15:35.712 | INFO     | __main__:on_train_batch_end:39 - Epoch 0, Step 953: train_loss = 4.2220
2025-06-23 16:15:35.974 | INFO     | __main__:on_train_batch_end:39 - Epoch 0, Step 954: train_loss = 4.0539
2025-06-23 16:15:36.237 | INFO     | __main__:on_train_batch_end:39 - Epoch 0, Step 955: train_loss = 4.4425
2025-06-23 16:15:36.501 | INFO     | __main__:on_train_batch_end:39 - Epoch 0, Step 956: train_loss = 3.8130
2025-06-23 16:15:36.766 | INFO     | __main__:on_train_batch_end:39 - Epoch 0, Step 957: train_loss = 4.2292
2025-06-23 16:15:37.027 | INFO     | __main__:on_train_batch_end:39 - Epoch 0, Step 958: train_loss = 8.2624
2025-06-23 16:15:37.291 | INFO     | __main__:on_train_batch_end:39 - Epoch 0, Step 959: train_loss = 20.7584
2025-06-23 16:15:37.555 | INFO     | __main__:on_train_batch_end:39 - Epoch 0, Step 960: train_loss = 3.9311
2025-06-23 16:15:37.816 | INFO     | __main__:on_train_batch_end:39 - Epoch 0, Step 961: train_loss = 16.0340
2025-06-23 16:15:38.077 | INFO     | __main__:on_train_batch_end:39 - Epoch 0, Step 962: train_loss = 4.4350
2025-06-23 16:15:38.340 | INFO     | __main__:on_train_batch_end:39 - Epoch 0, Step 963: train_loss = 4.9905
2025-06-23 16:15:38.600 | INFO     | __main__:on_train_batch_end:39 - Epoch 0, Step 964: train_loss = 3.8846
2025-06-23 16:15:38.862 | INFO     | __main__:on_train_batch_end:39 - Epoch 0, Step 965: train_loss = 5.8297
2025-06-23 16:15:39.129 | INFO     | __main__:on_train_batch_end:39 - Epoch 0, Step 966: train_loss = 5.4301
2025-06-23 16:15:39.392 | INFO     | __main__:on_train_batch_end:39 - Epoch 0, Step 967: train_loss = 3.7570
2025-06-23 16:15:39.656 | INFO     | __main__:on_train_batch_end:39 - Epoch 0, Step 968: train_loss = 5.2449
2025-06-23 16:15:39.921 | INFO     | __main__:on_train_batch_end:39 - Epoch 0, Step 969: train_loss = 10.4063
2025-06-23 16:15:40.185 | INFO     | __main__:on_train_batch_end:39 - Epoch 0, Step 970: train_loss = 8.5381
2025-06-23 16:15:40.455 | INFO     | __main__:on_train_batch_end:39 - Epoch 0, Step 971: train_loss = 10.3960
2025-06-23 16:15:40.734 | INFO     | __main__:on_train_batch_end:39 - Epoch 0, Step 972: train_loss = 11.7732
2025-06-23 16:15:41.009 | INFO     | __main__:on_train_batch_end:39 - Epoch 0, Step 973: train_loss = 8.6522
2025-06-23 16:15:41.287 | INFO     | __main__:on_train_batch_end:39 - Epoch 0, Step 974: train_loss = 5.3924
2025-06-23 16:15:41.551 | INFO     | __main__:on_train_batch_end:39 - Epoch 0, Step 975: train_loss = 7.1585
2025-06-23 16:15:41.814 | INFO     | __main__:on_train_batch_end:39 - Epoch 0, Step 976: train_loss = 4.6786
2025-06-23 16:15:42.077 | INFO     | __main__:on_train_batch_end:39 - Epoch 0, Step 977: train_loss = 3.6732
2025-06-23 16:15:42.357 | INFO     | __main__:on_train_batch_end:39 - Epoch 0, Step 978: train_loss = 4.1484
2025-06-23 16:15:42.630 | INFO     | __main__:on_train_batch_end:39 - Epoch 0, Step 979: train_loss = 3.7357
2025-06-23 16:15:42.898 | INFO     | __main__:on_train_batch_end:39 - Epoch 0, Step 980: train_loss = 4.7430
2025-06-23 16:15:43.160 | INFO     | __main__:on_train_batch_end:39 - Epoch 0, Step 981: train_loss = 22.6230
2025-06-23 16:15:43.429 | INFO     | __main__:on_train_batch_end:39 - Epoch 0, Step 982: train_loss = 3.6645
2025-06-23 16:15:43.703 | INFO     | __main__:on_train_batch_end:39 - Epoch 0, Step 983: train_loss = 4.2701
2025-06-23 16:15:43.993 | INFO     | __main__:on_train_batch_end:39 - Epoch 0, Step 984: train_loss = 4.7459
2025-06-23 16:15:44.259 | INFO     | __main__:on_train_batch_end:39 - Epoch 0, Step 985: train_loss = 3.5845
2025-06-23 16:15:44.524 | INFO     | __main__:on_train_batch_end:39 - Epoch 0, Step 986: train_loss = 10.3716
2025-06-23 16:15:44.788 | INFO     | __main__:on_train_batch_end:39 - Epoch 0, Step 987: train_loss = 5.1978
2025-06-23 16:15:45.050 | INFO     | __main__:on_train_batch_end:39 - Epoch 0, Step 988: train_loss = 4.3972
2025-06-23 16:15:45.323 | INFO     | __main__:on_train_batch_end:39 - Epoch 0, Step 989: train_loss = 6.0644
2025-06-23 16:15:45.616 | INFO     | __main__:on_train_batch_end:39 - Epoch 0, Step 990: train_loss = 3.7498
2025-06-23 16:15:45.888 | INFO     | __main__:on_train_batch_end:39 - Epoch 0, Step 991: train_loss = 17.6050
2025-06-23 16:15:46.154 | INFO     | __main__:on_train_batch_end:39 - Epoch 0, Step 992: train_loss = 5.6972
2025-06-23 16:15:46.416 | INFO     | __main__:on_train_batch_end:39 - Epoch 0, Step 993: train_loss = 14.5363
2025-06-23 16:15:46.680 | INFO     | __main__:on_train_batch_end:39 - Epoch 0, Step 994: train_loss = 10.4204
2025-06-23 16:15:46.943 | INFO     | __main__:on_train_batch_end:39 - Epoch 0, Step 995: train_loss = 4.1577
2025-06-23 16:15:47.206 | INFO     | __main__:on_train_batch_end:39 - Epoch 0, Step 996: train_loss = 9.9030
2025-06-23 16:15:47.469 | INFO     | __main__:on_train_batch_end:39 - Epoch 0, Step 997: train_loss = 3.7032
2025-06-23 16:15:47.733 | INFO     | __main__:on_train_batch_end:39 - Epoch 0, Step 998: train_loss = 18.2217
2025-06-23 16:15:48.002 | INFO     | __main__:on_train_batch_end:39 - Epoch 0, Step 999: train_loss = 5.0978
2025-06-23 16:15:48.269 | INFO     | __main__:on_train_batch_end:39 - Epoch 0, Step 1000: train_loss = 3.6744
2025-06-23 16:15:48.536 | INFO     | __main__:on_train_batch_end:39 - Epoch 0, Step 1001: train_loss = 26.4350
2025-06-23 16:15:48.803 | INFO     | __main__:on_train_batch_end:39 - Epoch 0, Step 1002: train_loss = 6.8342
2025-06-23 16:15:49.071 | INFO     | __main__:on_train_batch_end:39 - Epoch 0, Step 1003: train_loss = 4.3189
2025-06-23 16:15:49.337 | INFO     | __main__:on_train_batch_end:39 - Epoch 0, Step 1004: train_loss = 5.7642
2025-06-23 16:15:49.602 | INFO     | __main__:on_train_batch_end:39 - Epoch 0, Step 1005: train_loss = 10.7878
2025-06-23 16:15:49.866 | INFO     | __main__:on_train_batch_end:39 - Epoch 0, Step 1006: train_loss = 8.1736
2025-06-23 16:15:50.128 | INFO     | __main__:on_train_batch_end:39 - Epoch 0, Step 1007: train_loss = 20.9408
2025-06-23 16:15:50.404 | INFO     | __main__:on_train_batch_end:39 - Epoch 0, Step 1008: train_loss = 6.0106
2025-06-23 16:15:50.678 | INFO     | __main__:on_train_batch_end:39 - Epoch 0, Step 1009: train_loss = 5.2425
2025-06-23 16:15:50.942 | INFO     | __main__:on_train_batch_end:39 - Epoch 0, Step 1010: train_loss = 3.6847
2025-06-23 16:15:51.207 | INFO     | __main__:on_train_batch_end:39 - Epoch 0, Step 1011: train_loss = 12.4578
2025-06-23 16:15:51.476 | INFO     | __main__:on_train_batch_end:39 - Epoch 0, Step 1012: train_loss = 14.8301
2025-06-23 16:15:51.747 | INFO     | __main__:on_train_batch_end:39 - Epoch 0, Step 1013: train_loss = 3.9924
2025-06-23 16:15:52.024 | INFO     | __main__:on_train_batch_end:39 - Epoch 0, Step 1014: train_loss = 4.7230
2025-06-23 16:15:52.302 | INFO     | __main__:on_train_batch_end:39 - Epoch 0, Step 1015: train_loss = 7.4499
2025-06-23 16:15:52.584 | INFO     | __main__:on_train_batch_end:39 - Epoch 0, Step 1016: train_loss = 3.8453
2025-06-23 16:15:52.846 | INFO     | __main__:on_train_batch_end:39 - Epoch 0, Step 1017: train_loss = 8.6481
2025-06-23 16:15:53.111 | INFO     | __main__:on_train_batch_end:39 - Epoch 0, Step 1018: train_loss = 8.8049
2025-06-23 16:15:53.375 | INFO     | __main__:on_train_batch_end:39 - Epoch 0, Step 1019: train_loss = 5.0915
2025-06-23 16:15:53.639 | INFO     | __main__:on_train_batch_end:39 - Epoch 0, Step 1020: train_loss = 14.6661
2025-06-23 16:15:53.903 | INFO     | __main__:on_train_batch_end:39 - Epoch 0, Step 1021: train_loss = 5.0489
2025-06-23 16:15:54.171 | INFO     | __main__:on_train_batch_end:39 - Epoch 0, Step 1022: train_loss = 12.5192
2025-06-23 16:15:54.448 | INFO     | __main__:on_train_batch_end:39 - Epoch 0, Step 1023: train_loss = 26.8261
2025-06-23 16:15:54.715 | INFO     | __main__:on_train_batch_end:39 - Epoch 0, Step 1024: train_loss = 7.4767
2025-06-23 16:15:54.982 | INFO     | __main__:on_train_batch_end:39 - Epoch 0, Step 1025: train_loss = 3.5705
2025-06-23 16:15:55.249 | INFO     | __main__:on_train_batch_end:39 - Epoch 0, Step 1026: train_loss = 5.1097
2025-06-23 16:15:55.513 | INFO     | __main__:on_train_batch_end:39 - Epoch 0, Step 1027: train_loss = 3.7065
2025-06-23 16:15:55.778 | INFO     | __main__:on_train_batch_end:39 - Epoch 0, Step 1028: train_loss = 4.3094
2025-06-23 16:15:56.043 | INFO     | __main__:on_train_batch_end:39 - Epoch 0, Step 1029: train_loss = 4.5618
2025-06-23 16:15:56.313 | INFO     | __main__:on_train_batch_end:39 - Epoch 0, Step 1030: train_loss = 13.5714
2025-06-23 16:15:56.576 | INFO     | __main__:on_train_batch_end:39 - Epoch 0, Step 1031: train_loss = 5.3934
2025-06-23 16:15:56.840 | INFO     | __main__:on_train_batch_end:39 - Epoch 0, Step 1032: train_loss = 18.9688
2025-06-23 16:15:57.101 | INFO     | __main__:on_train_batch_end:39 - Epoch 0, Step 1033: train_loss = 3.5709
2025-06-23 16:15:57.385 | INFO     | __main__:on_train_batch_end:39 - Epoch 0, Step 1034: train_loss = 11.9334
2025-06-23 16:15:57.680 | INFO     | __main__:on_train_batch_end:39 - Epoch 0, Step 1035: train_loss = 25.7340
2025-06-23 16:15:57.949 | INFO     | __main__:on_train_batch_end:39 - Epoch 0, Step 1036: train_loss = 15.8584
2025-06-23 16:15:58.235 | INFO     | __main__:on_train_batch_end:39 - Epoch 0, Step 1037: train_loss = 17.8879
2025-06-23 16:15:58.512 | INFO     | __main__:on_train_batch_end:39 - Epoch 0, Step 1038: train_loss = 17.7105
2025-06-23 16:15:58.786 | INFO     | __main__:on_train_batch_end:39 - Epoch 0, Step 1039: train_loss = 7.0821
2025-06-23 16:15:59.054 | INFO     | __main__:on_train_batch_end:39 - Epoch 0, Step 1040: train_loss = 10.8693
2025-06-23 16:15:59.317 | INFO     | __main__:on_train_batch_end:39 - Epoch 0, Step 1041: train_loss = 8.9853
2025-06-23 16:15:59.582 | INFO     | __main__:on_train_batch_end:39 - Epoch 0, Step 1042: train_loss = 6.6522
2025-06-23 16:15:59.847 | INFO     | __main__:on_train_batch_end:39 - Epoch 0, Step 1043: train_loss = 5.4221
2025-06-23 16:16:00.114 | INFO     | __main__:on_train_batch_end:39 - Epoch 0, Step 1044: train_loss = 14.4461
2025-06-23 16:16:00.378 | INFO     | __main__:on_train_batch_end:39 - Epoch 0, Step 1045: train_loss = 4.6472
2025-06-23 16:16:00.643 | INFO     | __main__:on_train_batch_end:39 - Epoch 0, Step 1046: train_loss = 5.2760
2025-06-23 16:16:00.911 | INFO     | __main__:on_train_batch_end:39 - Epoch 0, Step 1047: train_loss = 9.9638
2025-06-23 16:16:01.176 | INFO     | __main__:on_train_batch_end:39 - Epoch 0, Step 1048: train_loss = 11.2398
2025-06-23 16:16:01.459 | INFO     | __main__:on_train_batch_end:39 - Epoch 0, Step 1049: train_loss = 5.7928
2025-06-23 16:16:01.816 | INFO     | __main__:on_train_batch_end:39 - Epoch 0, Step 1050: train_loss = 3.7975
2025-06-23 16:16:02.083 | INFO     | __main__:on_train_batch_end:39 - Epoch 0, Step 1051: train_loss = 3.8562
2025-06-23 16:16:02.361 | INFO     | __main__:on_train_batch_end:39 - Epoch 0, Step 1052: train_loss = 5.6102
2025-06-23 16:16:02.634 | INFO     | __main__:on_train_batch_end:39 - Epoch 0, Step 1053: train_loss = 3.6716
2025-06-23 16:16:02.913 | INFO     | __main__:on_train_batch_end:39 - Epoch 0, Step 1054: train_loss = 11.5306
2025-06-23 16:16:03.186 | INFO     | __main__:on_train_batch_end:39 - Epoch 0, Step 1055: train_loss = 3.7394
2025-06-23 16:16:03.467 | INFO     | __main__:on_train_batch_end:39 - Epoch 0, Step 1056: train_loss = 6.5668
2025-06-23 16:16:03.749 | INFO     | __main__:on_train_batch_end:39 - Epoch 0, Step 1057: train_loss = 3.7874
2025-06-23 16:16:04.026 | INFO     | __main__:on_train_batch_end:39 - Epoch 0, Step 1058: train_loss = 14.0652
2025-06-23 16:16:04.304 | INFO     | __main__:on_train_batch_end:39 - Epoch 0, Step 1059: train_loss = 4.7395
2025-06-23 16:16:04.581 | INFO     | __main__:on_train_batch_end:39 - Epoch 0, Step 1060: train_loss = 4.2586
2025-06-23 16:16:04.856 | INFO     | __main__:on_train_batch_end:39 - Epoch 0, Step 1061: train_loss = 6.5783
2025-06-23 16:16:05.132 | INFO     | __main__:on_train_batch_end:39 - Epoch 0, Step 1062: train_loss = 12.8710
2025-06-23 16:16:05.409 | INFO     | __main__:on_train_batch_end:39 - Epoch 0, Step 1063: train_loss = 24.7872
2025-06-23 16:16:05.684 | INFO     | __main__:on_train_batch_end:39 - Epoch 0, Step 1064: train_loss = 18.2175
2025-06-23 16:16:05.960 | INFO     | __main__:on_train_batch_end:39 - Epoch 0, Step 1065: train_loss = 5.0061
2025-06-23 16:16:06.234 | INFO     | __main__:on_train_batch_end:39 - Epoch 0, Step 1066: train_loss = 3.7740
2025-06-23 16:16:06.510 | INFO     | __main__:on_train_batch_end:39 - Epoch 0, Step 1067: train_loss = 12.6819
2025-06-23 16:16:06.792 | INFO     | __main__:on_train_batch_end:39 - Epoch 0, Step 1068: train_loss = 45.3327
2025-06-23 16:16:07.082 | INFO     | __main__:on_train_batch_end:39 - Epoch 0, Step 1069: train_loss = 3.6617
2025-06-23 16:16:07.356 | INFO     | __main__:on_train_batch_end:39 - Epoch 0, Step 1070: train_loss = 5.0318
2025-06-23 16:16:07.634 | INFO     | __main__:on_train_batch_end:39 - Epoch 0, Step 1071: train_loss = 4.8476
2025-06-23 16:16:07.913 | INFO     | __main__:on_train_batch_end:39 - Epoch 0, Step 1072: train_loss = 16.7229
2025-06-23 16:16:08.188 | INFO     | __main__:on_train_batch_end:39 - Epoch 0, Step 1073: train_loss = 3.7422
2025-06-23 16:16:08.466 | INFO     | __main__:on_train_batch_end:39 - Epoch 0, Step 1074: train_loss = 4.5832
2025-06-23 16:16:08.740 | INFO     | __main__:on_train_batch_end:39 - Epoch 0, Step 1075: train_loss = 4.4865
2025-06-23 16:16:09.016 | INFO     | __main__:on_train_batch_end:39 - Epoch 0, Step 1076: train_loss = 19.0070
2025-06-23 16:16:09.293 | INFO     | __main__:on_train_batch_end:39 - Epoch 0, Step 1077: train_loss = 17.1288
2025-06-23 16:16:09.585 | INFO     | __main__:on_train_batch_end:39 - Epoch 0, Step 1078: train_loss = 18.4719
2025-06-23 16:16:09.867 | INFO     | __main__:on_train_batch_end:39 - Epoch 0, Step 1079: train_loss = 9.8748
2025-06-23 16:16:10.142 | INFO     | __main__:on_train_batch_end:39 - Epoch 0, Step 1080: train_loss = 5.4051
2025-06-23 16:16:10.417 | INFO     | __main__:on_train_batch_end:39 - Epoch 0, Step 1081: train_loss = 7.2783
2025-06-23 16:16:10.712 | INFO     | __main__:on_train_batch_end:39 - Epoch 0, Step 1082: train_loss = 4.0657
2025-06-23 16:16:10.993 | INFO     | __main__:on_train_batch_end:39 - Epoch 0, Step 1083: train_loss = 20.3944
2025-06-23 16:16:11.270 | INFO     | __main__:on_train_batch_end:39 - Epoch 0, Step 1084: train_loss = 22.3695
2025-06-23 16:16:11.554 | INFO     | __main__:on_train_batch_end:39 - Epoch 0, Step 1085: train_loss = 4.1057
2025-06-23 16:16:11.847 | INFO     | __main__:on_train_batch_end:39 - Epoch 0, Step 1086: train_loss = 5.8834
2025-06-23 16:16:12.127 | INFO     | __main__:on_train_batch_end:39 - Epoch 0, Step 1087: train_loss = 5.4972
2025-06-23 16:16:12.407 | INFO     | __main__:on_train_batch_end:39 - Epoch 0, Step 1088: train_loss = 5.8395
2025-06-23 16:16:12.684 | INFO     | __main__:on_train_batch_end:39 - Epoch 0, Step 1089: train_loss = 8.8572
2025-06-23 16:16:12.962 | INFO     | __main__:on_train_batch_end:39 - Epoch 0, Step 1090: train_loss = 6.0524
2025-06-23 16:16:13.243 | INFO     | __main__:on_train_batch_end:39 - Epoch 0, Step 1091: train_loss = 17.3167
2025-06-23 16:16:13.525 | INFO     | __main__:on_train_batch_end:39 - Epoch 0, Step 1092: train_loss = 16.6707
2025-06-23 16:16:13.801 | INFO     | __main__:on_train_batch_end:39 - Epoch 0, Step 1093: train_loss = 15.2314
2025-06-23 16:16:14.078 | INFO     | __main__:on_train_batch_end:39 - Epoch 0, Step 1094: train_loss = 8.6509
2025-06-23 16:16:14.364 | INFO     | __main__:on_train_batch_end:39 - Epoch 0, Step 1095: train_loss = 18.9040
2025-06-23 16:16:14.638 | INFO     | __main__:on_train_batch_end:39 - Epoch 0, Step 1096: train_loss = 4.2519
2025-06-23 16:16:14.915 | INFO     | __main__:on_train_batch_end:39 - Epoch 0, Step 1097: train_loss = 4.0911
2025-06-23 16:16:15.192 | INFO     | __main__:on_train_batch_end:39 - Epoch 0, Step 1098: train_loss = 3.7219
2025-06-23 16:16:15.468 | INFO     | __main__:on_train_batch_end:39 - Epoch 0, Step 1099: train_loss = 5.4301
2025-06-23 16:16:15.739 | INFO     | __main__:on_train_batch_end:39 - Epoch 0, Step 1100: train_loss = 4.8407
2025-06-23 16:16:16.029 | INFO     | __main__:on_train_batch_end:39 - Epoch 0, Step 1101: train_loss = 13.4095
2025-06-23 16:16:16.329 | INFO     | __main__:on_train_batch_end:39 - Epoch 0, Step 1102: train_loss = 5.5236
2025-06-23 16:16:16.609 | INFO     | __main__:on_train_batch_end:39 - Epoch 0, Step 1103: train_loss = 7.5900
2025-06-23 16:16:16.895 | INFO     | __main__:on_train_batch_end:39 - Epoch 0, Step 1104: train_loss = 7.5390
2025-06-23 16:16:17.184 | INFO     | __main__:on_train_batch_end:39 - Epoch 0, Step 1105: train_loss = 9.1940
2025-06-23 16:16:17.469 | INFO     | __main__:on_train_batch_end:39 - Epoch 0, Step 1106: train_loss = 4.0311
2025-06-23 16:16:17.743 | INFO     | __main__:on_train_batch_end:39 - Epoch 0, Step 1107: train_loss = 5.0669
2025-06-23 16:16:18.024 | INFO     | __main__:on_train_batch_end:39 - Epoch 0, Step 1108: train_loss = 4.0400
2025-06-23 16:16:18.310 | INFO     | __main__:on_train_batch_end:39 - Epoch 0, Step 1109: train_loss = 17.7414
2025-06-23 16:16:18.617 | INFO     | __main__:on_train_batch_end:39 - Epoch 0, Step 1110: train_loss = 7.6548
2025-06-23 16:16:18.905 | INFO     | __main__:on_train_batch_end:39 - Epoch 0, Step 1111: train_loss = 12.4131
2025-06-23 16:16:19.176 | INFO     | __main__:on_train_batch_end:39 - Epoch 0, Step 1112: train_loss = 6.2412
2025-06-23 16:16:19.460 | INFO     | __main__:on_train_batch_end:39 - Epoch 0, Step 1113: train_loss = 16.1419
2025-06-23 16:16:19.744 | INFO     | __main__:on_train_batch_end:39 - Epoch 0, Step 1114: train_loss = 11.1734
2025-06-23 16:16:20.008 | INFO     | __main__:on_train_batch_end:39 - Epoch 0, Step 1115: train_loss = 4.6489
2025-06-23 16:16:20.282 | INFO     | __main__:on_train_batch_end:39 - Epoch 0, Step 1116: train_loss = 5.2552
2025-06-23 16:16:20.559 | INFO     | __main__:on_train_batch_end:39 - Epoch 0, Step 1117: train_loss = 6.6060
2025-06-23 16:16:20.833 | INFO     | __main__:on_train_batch_end:39 - Epoch 0, Step 1118: train_loss = 7.4421
2025-06-23 16:16:21.104 | INFO     | __main__:on_train_batch_end:39 - Epoch 0, Step 1119: train_loss = 36.1087
2025-06-23 16:16:21.368 | INFO     | __main__:on_train_batch_end:39 - Epoch 0, Step 1120: train_loss = 3.8729
2025-06-23 16:16:21.641 | INFO     | __main__:on_train_batch_end:39 - Epoch 0, Step 1121: train_loss = 22.8795
2025-06-23 16:16:21.921 | INFO     | __main__:on_train_batch_end:39 - Epoch 0, Step 1122: train_loss = 4.0014
2025-06-23 16:16:22.198 | INFO     | __main__:on_train_batch_end:39 - Epoch 0, Step 1123: train_loss = 6.9499
2025-06-23 16:16:22.461 | INFO     | __main__:on_train_batch_end:39 - Epoch 0, Step 1124: train_loss = 7.3511
2025-06-23 16:16:22.730 | INFO     | __main__:on_train_batch_end:39 - Epoch 0, Step 1125: train_loss = 8.4310
2025-06-23 16:16:23.006 | INFO     | __main__:on_train_batch_end:39 - Epoch 0, Step 1126: train_loss = 36.9879
2025-06-23 16:16:23.282 | INFO     | __main__:on_train_batch_end:39 - Epoch 0, Step 1127: train_loss = 3.5217
2025-06-23 16:16:23.550 | INFO     | __main__:on_train_batch_end:39 - Epoch 0, Step 1128: train_loss = 9.8751
2025-06-23 16:16:23.818 | INFO     | __main__:on_train_batch_end:39 - Epoch 0, Step 1129: train_loss = 4.0831
2025-06-23 16:16:24.092 | INFO     | __main__:on_train_batch_end:39 - Epoch 0, Step 1130: train_loss = 4.5147
2025-06-23 16:16:24.379 | INFO     | __main__:on_train_batch_end:39 - Epoch 0, Step 1131: train_loss = 4.3842
2025-06-23 16:16:24.650 | INFO     | __main__:on_train_batch_end:39 - Epoch 0, Step 1132: train_loss = 3.8158
2025-06-23 16:16:24.912 | INFO     | __main__:on_train_batch_end:39 - Epoch 0, Step 1133: train_loss = 5.7109
2025-06-23 16:16:25.185 | INFO     | __main__:on_train_batch_end:39 - Epoch 0, Step 1134: train_loss = 11.6726
2025-06-23 16:16:25.460 | INFO     | __main__:on_train_batch_end:39 - Epoch 0, Step 1135: train_loss = 4.7569
2025-06-23 16:16:25.736 | INFO     | __main__:on_train_batch_end:39 - Epoch 0, Step 1136: train_loss = 22.4369
2025-06-23 16:16:26.001 | INFO     | __main__:on_train_batch_end:39 - Epoch 0, Step 1137: train_loss = 19.2580
2025-06-23 16:16:26.268 | INFO     | __main__:on_train_batch_end:39 - Epoch 0, Step 1138: train_loss = 4.9409
2025-06-23 16:16:26.545 | INFO     | __main__:on_train_batch_end:39 - Epoch 0, Step 1139: train_loss = 6.8068
2025-06-23 16:16:26.822 | INFO     | __main__:on_train_batch_end:39 - Epoch 0, Step 1140: train_loss = 17.4532
2025-06-23 16:16:27.092 | INFO     | __main__:on_train_batch_end:39 - Epoch 0, Step 1141: train_loss = 7.0905
2025-06-23 16:16:27.357 | INFO     | __main__:on_train_batch_end:39 - Epoch 0, Step 1142: train_loss = 3.5504
2025-06-23 16:16:27.631 | INFO     | __main__:on_train_batch_end:39 - Epoch 0, Step 1143: train_loss = 7.8285
2025-06-23 16:16:27.911 | INFO     | __main__:on_train_batch_end:39 - Epoch 0, Step 1144: train_loss = 4.2851
2025-06-23 16:16:28.185 | INFO     | __main__:on_train_batch_end:39 - Epoch 0, Step 1145: train_loss = 7.3887
2025-06-23 16:16:28.449 | INFO     | __main__:on_train_batch_end:39 - Epoch 0, Step 1146: train_loss = 3.6866
2025-06-23 16:16:28.713 | INFO     | __main__:on_train_batch_end:39 - Epoch 0, Step 1147: train_loss = 5.1954
2025-06-23 16:16:28.989 | INFO     | __main__:on_train_batch_end:39 - Epoch 0, Step 1148: train_loss = 5.6000
2025-06-23 16:16:29.265 | INFO     | __main__:on_train_batch_end:39 - Epoch 0, Step 1149: train_loss = 9.3241
2025-06-23 16:16:29.535 | INFO     | __main__:on_train_batch_end:39 - Epoch 0, Step 1150: train_loss = 19.7013
2025-06-23 16:16:29.802 | INFO     | __main__:on_train_batch_end:39 - Epoch 0, Step 1151: train_loss = 22.2668
2025-06-23 16:16:30.078 | INFO     | __main__:on_train_batch_end:39 - Epoch 0, Step 1152: train_loss = 3.5713
2025-06-23 16:16:30.351 | INFO     | __main__:on_train_batch_end:39 - Epoch 0, Step 1153: train_loss = 7.0279
2025-06-23 16:16:30.630 | INFO     | __main__:on_train_batch_end:39 - Epoch 0, Step 1154: train_loss = 22.4406
2025-06-23 16:16:30.903 | INFO     | __main__:on_train_batch_end:39 - Epoch 0, Step 1155: train_loss = 14.1774
2025-06-23 16:16:31.172 | INFO     | __main__:on_train_batch_end:39 - Epoch 0, Step 1156: train_loss = 3.7847
2025-06-23 16:16:31.447 | INFO     | __main__:on_train_batch_end:39 - Epoch 0, Step 1157: train_loss = 6.3535
2025-06-23 16:16:31.724 | INFO     | __main__:on_train_batch_end:39 - Epoch 0, Step 1158: train_loss = 22.5917
2025-06-23 16:16:31.991 | INFO     | __main__:on_train_batch_end:39 - Epoch 0, Step 1159: train_loss = 4.7881
2025-06-23 16:16:32.255 | INFO     | __main__:on_train_batch_end:39 - Epoch 0, Step 1160: train_loss = 4.3995
2025-06-23 16:16:32.531 | INFO     | __main__:on_train_batch_end:39 - Epoch 0, Step 1161: train_loss = 7.9279
2025-06-23 16:16:32.806 | INFO     | __main__:on_train_batch_end:39 - Epoch 0, Step 1162: train_loss = 3.7499
2025-06-23 16:16:33.078 | INFO     | __main__:on_train_batch_end:39 - Epoch 0, Step 1163: train_loss = 7.0274
2025-06-23 16:16:33.343 | INFO     | __main__:on_train_batch_end:39 - Epoch 0, Step 1164: train_loss = 14.3406
2025-06-23 16:16:33.616 | INFO     | __main__:on_train_batch_end:39 - Epoch 0, Step 1165: train_loss = 9.6607
2025-06-23 16:16:33.897 | INFO     | __main__:on_train_batch_end:39 - Epoch 0, Step 1166: train_loss = 23.8323
2025-06-23 16:16:34.174 | INFO     | __main__:on_train_batch_end:39 - Epoch 0, Step 1167: train_loss = 4.0602
2025-06-23 16:16:34.441 | INFO     | __main__:on_train_batch_end:39 - Epoch 0, Step 1168: train_loss = 4.3499
2025-06-23 16:16:34.706 | INFO     | __main__:on_train_batch_end:39 - Epoch 0, Step 1169: train_loss = 3.7438
2025-06-23 16:16:34.981 | INFO     | __main__:on_train_batch_end:39 - Epoch 0, Step 1170: train_loss = 7.6313
2025-06-23 16:16:35.258 | INFO     | __main__:on_train_batch_end:39 - Epoch 0, Step 1171: train_loss = 6.8482
2025-06-23 16:16:35.528 | INFO     | __main__:on_train_batch_end:39 - Epoch 0, Step 1172: train_loss = 4.3819
2025-06-23 16:16:35.791 | INFO     | __main__:on_train_batch_end:39 - Epoch 0, Step 1173: train_loss = 7.2408
2025-06-23 16:16:36.066 | INFO     | __main__:on_train_batch_end:39 - Epoch 0, Step 1174: train_loss = 4.7844
2025-06-23 16:16:36.346 | INFO     | __main__:on_train_batch_end:39 - Epoch 0, Step 1175: train_loss = 29.8900
2025-06-23 16:16:36.621 | INFO     | __main__:on_train_batch_end:39 - Epoch 0, Step 1176: train_loss = 15.9926
2025-06-23 16:16:36.888 | INFO     | __main__:on_train_batch_end:39 - Epoch 0, Step 1177: train_loss = 10.0791
2025-06-23 16:16:37.157 | INFO     | __main__:on_train_batch_end:39 - Epoch 0, Step 1178: train_loss = 6.5057
2025-06-23 16:16:37.433 | INFO     | __main__:on_train_batch_end:39 - Epoch 0, Step 1179: train_loss = 14.2600
2025-06-23 16:16:37.710 | INFO     | __main__:on_train_batch_end:39 - Epoch 0, Step 1180: train_loss = 6.1441
2025-06-23 16:16:37.974 | INFO     | __main__:on_train_batch_end:39 - Epoch 0, Step 1181: train_loss = 10.5574
2025-06-23 16:16:38.238 | INFO     | __main__:on_train_batch_end:39 - Epoch 0, Step 1182: train_loss = 5.2156
2025-06-23 16:16:38.522 | INFO     | __main__:on_train_batch_end:39 - Epoch 0, Step 1183: train_loss = 5.3095
2025-06-23 16:16:38.804 | INFO     | __main__:on_train_batch_end:39 - Epoch 0, Step 1184: train_loss = 3.5619
2025-06-23 16:16:39.084 | INFO     | __main__:on_train_batch_end:39 - Epoch 0, Step 1185: train_loss = 11.0267
2025-06-23 16:16:39.350 | INFO     | __main__:on_train_batch_end:39 - Epoch 0, Step 1186: train_loss = 6.4714
2025-06-23 16:16:39.629 | INFO     | __main__:on_train_batch_end:39 - Epoch 0, Step 1187: train_loss = 24.4967
2025-06-23 16:16:39.911 | INFO     | __main__:on_train_batch_end:39 - Epoch 0, Step 1188: train_loss = 5.9448
2025-06-23 16:16:40.187 | INFO     | __main__:on_train_batch_end:39 - Epoch 0, Step 1189: train_loss = 4.6601
2025-06-23 16:16:40.461 | INFO     | __main__:on_train_batch_end:39 - Epoch 0, Step 1190: train_loss = 6.6027
2025-06-23 16:16:40.741 | INFO     | __main__:on_train_batch_end:39 - Epoch 0, Step 1191: train_loss = 13.5658
2025-06-23 16:16:41.023 | INFO     | __main__:on_train_batch_end:39 - Epoch 0, Step 1192: train_loss = 3.6572
2025-06-23 16:16:41.303 | INFO     | __main__:on_train_batch_end:39 - Epoch 0, Step 1193: train_loss = 6.3266
2025-06-23 16:16:41.576 | INFO     | __main__:on_train_batch_end:39 - Epoch 0, Step 1194: train_loss = 3.7263
2025-06-23 16:16:41.858 | INFO     | __main__:on_train_batch_end:39 - Epoch 0, Step 1195: train_loss = 5.1869
2025-06-23 16:16:42.131 | INFO     | __main__:on_train_batch_end:39 - Epoch 0, Step 1196: train_loss = 7.3230
2025-06-23 16:16:42.405 | INFO     | __main__:on_train_batch_end:39 - Epoch 0, Step 1197: train_loss = 9.2124
2025-06-23 16:16:42.679 | INFO     | __main__:on_train_batch_end:39 - Epoch 0, Step 1198: train_loss = 12.8002
2025-06-23 16:16:42.950 | INFO     | __main__:on_train_batch_end:39 - Epoch 0, Step 1199: train_loss = 3.9184
2025-06-23 16:16:43.214 | INFO     | __main__:on_train_batch_end:39 - Epoch 0, Step 1200: train_loss = 6.8033
2025-06-23 16:16:43.480 | INFO     | __main__:on_train_batch_end:39 - Epoch 0, Step 1201: train_loss = 3.8725
2025-06-23 16:16:43.749 | INFO     | __main__:on_train_batch_end:39 - Epoch 0, Step 1202: train_loss = 19.1471
2025-06-23 16:16:44.013 | INFO     | __main__:on_train_batch_end:39 - Epoch 0, Step 1203: train_loss = 3.9862
2025-06-23 16:16:44.277 | INFO     | __main__:on_train_batch_end:39 - Epoch 0, Step 1204: train_loss = 15.3668
2025-06-23 16:16:44.540 | INFO     | __main__:on_train_batch_end:39 - Epoch 0, Step 1205: train_loss = 3.7616
2025-06-23 16:16:44.805 | INFO     | __main__:on_train_batch_end:39 - Epoch 0, Step 1206: train_loss = 23.9516
2025-06-23 16:16:45.072 | INFO     | __main__:on_train_batch_end:39 - Epoch 0, Step 1207: train_loss = 9.2868
2025-06-23 16:16:45.337 | INFO     | __main__:on_train_batch_end:39 - Epoch 0, Step 1208: train_loss = 7.6416
2025-06-23 16:16:45.598 | INFO     | __main__:on_train_batch_end:39 - Epoch 0, Step 1209: train_loss = 8.9957
2025-06-23 16:16:45.878 | INFO     | __main__:on_train_batch_end:39 - Epoch 0, Step 1210: train_loss = 8.9914
2025-06-23 16:16:46.140 | INFO     | __main__:on_train_batch_end:39 - Epoch 0, Step 1211: train_loss = 29.6867
2025-06-23 16:16:46.405 | INFO     | __main__:on_train_batch_end:39 - Epoch 0, Step 1212: train_loss = 16.9866
2025-06-23 16:16:46.668 | INFO     | __main__:on_train_batch_end:39 - Epoch 0, Step 1213: train_loss = 8.9083
2025-06-23 16:16:46.933 | INFO     | __main__:on_train_batch_end:39 - Epoch 0, Step 1214: train_loss = 6.7855
2025-06-23 16:16:47.196 | INFO     | __main__:on_train_batch_end:39 - Epoch 0, Step 1215: train_loss = 4.5378
2025-06-23 16:16:47.460 | INFO     | __main__:on_train_batch_end:39 - Epoch 0, Step 1216: train_loss = 5.0439
2025-06-23 16:16:47.724 | INFO     | __main__:on_train_batch_end:39 - Epoch 0, Step 1217: train_loss = 4.4129
2025-06-23 16:16:47.988 | INFO     | __main__:on_train_batch_end:39 - Epoch 0, Step 1218: train_loss = 4.4235
2025-06-23 16:16:48.254 | INFO     | __main__:on_train_batch_end:39 - Epoch 0, Step 1219: train_loss = 5.3979
2025-06-23 16:16:48.516 | INFO     | __main__:on_train_batch_end:39 - Epoch 0, Step 1220: train_loss = 3.7043
2025-06-23 16:16:48.784 | INFO     | __main__:on_train_batch_end:39 - Epoch 0, Step 1221: train_loss = 4.3403
2025-06-23 16:16:49.145 | INFO     | __main__:on_train_batch_end:39 - Epoch 0, Step 1222: train_loss = 9.0856
2025-06-23 16:16:49.407 | INFO     | __main__:on_train_batch_end:39 - Epoch 0, Step 1223: train_loss = 19.7341
2025-06-23 16:16:49.679 | INFO     | __main__:on_train_batch_end:39 - Epoch 0, Step 1224: train_loss = 11.9120
2025-06-23 16:16:49.950 | INFO     | __main__:on_train_batch_end:39 - Epoch 0, Step 1225: train_loss = 19.2044
2025-06-23 16:16:50.224 | INFO     | __main__:on_train_batch_end:39 - Epoch 0, Step 1226: train_loss = 3.9319
2025-06-23 16:16:50.500 | INFO     | __main__:on_train_batch_end:39 - Epoch 0, Step 1227: train_loss = 4.4022
2025-06-23 16:16:50.767 | INFO     | __main__:on_train_batch_end:39 - Epoch 0, Step 1228: train_loss = 9.5153
2025-06-23 16:16:51.038 | INFO     | __main__:on_train_batch_end:39 - Epoch 0, Step 1229: train_loss = 5.9283
2025-06-23 16:16:51.323 | INFO     | __main__:on_train_batch_end:39 - Epoch 0, Step 1230: train_loss = 7.6873
2025-06-23 16:16:51.602 | INFO     | __main__:on_train_batch_end:39 - Epoch 0, Step 1231: train_loss = 8.7937
2025-06-23 16:16:51.876 | INFO     | __main__:on_train_batch_end:39 - Epoch 0, Step 1232: train_loss = 17.3517
2025-06-23 16:16:52.153 | INFO     | __main__:on_train_batch_end:39 - Epoch 0, Step 1233: train_loss = 8.1624
2025-06-23 16:16:52.429 | INFO     | __main__:on_train_batch_end:39 - Epoch 0, Step 1234: train_loss = 8.8642
2025-06-23 16:16:52.702 | INFO     | __main__:on_train_batch_end:39 - Epoch 0, Step 1235: train_loss = 3.7865
2025-06-23 16:16:52.974 | INFO     | __main__:on_train_batch_end:39 - Epoch 0, Step 1236: train_loss = 4.2049
2025-06-23 16:16:53.238 | INFO     | __main__:on_train_batch_end:39 - Epoch 0, Step 1237: train_loss = 6.2114
2025-06-23 16:16:53.516 | INFO     | __main__:on_train_batch_end:39 - Epoch 0, Step 1238: train_loss = 13.8003
2025-06-23 16:16:53.787 | INFO     | __main__:on_train_batch_end:39 - Epoch 0, Step 1239: train_loss = 5.0161
2025-06-23 16:16:54.067 | INFO     | __main__:on_train_batch_end:39 - Epoch 0, Step 1240: train_loss = 13.0610
2025-06-23 16:16:54.368 | INFO     | __main__:on_train_batch_end:39 - Epoch 0, Step 1241: train_loss = 22.4902
2025-06-23 16:16:54.649 | INFO     | __main__:on_train_batch_end:39 - Epoch 0, Step 1242: train_loss = 3.6342
2025-06-23 16:16:54.921 | INFO     | __main__:on_train_batch_end:39 - Epoch 0, Step 1243: train_loss = 4.2712
2025-06-23 16:16:55.197 | INFO     | __main__:on_train_batch_end:39 - Epoch 0, Step 1244: train_loss = 3.9843
2025-06-23 16:16:55.471 | INFO     | __main__:on_train_batch_end:39 - Epoch 0, Step 1245: train_loss = 4.1775
2025-06-23 16:16:55.751 | INFO     | __main__:on_train_batch_end:39 - Epoch 0, Step 1246: train_loss = 7.9591
2025-06-23 16:16:56.027 | INFO     | __main__:on_train_batch_end:39 - Epoch 0, Step 1247: train_loss = 5.8172
2025-06-23 16:16:56.309 | INFO     | __main__:on_train_batch_end:39 - Epoch 0, Step 1248: train_loss = 5.9109
2025-06-23 16:16:56.586 | INFO     | __main__:on_train_batch_end:39 - Epoch 0, Step 1249: train_loss = 17.2082
2025-06-23 16:16:56.865 | INFO     | __main__:on_train_batch_end:39 - Epoch 0, Step 1250: train_loss = 3.7623
2025-06-23 16:16:57.154 | INFO     | __main__:on_train_batch_end:39 - Epoch 0, Step 1251: train_loss = 7.7348
2025-06-23 16:16:57.437 | INFO     | __main__:on_train_batch_end:39 - Epoch 0, Step 1252: train_loss = 15.7428
2025-06-23 16:16:57.703 | INFO     | __main__:on_train_batch_end:39 - Epoch 0, Step 1253: train_loss = 10.0753
2025-06-23 16:16:57.978 | INFO     | __main__:on_train_batch_end:39 - Epoch 0, Step 1254: train_loss = 4.2692
2025-06-23 16:16:58.249 | INFO     | __main__:on_train_batch_end:39 - Epoch 0, Step 1255: train_loss = 14.8673
2025-06-23 16:16:58.516 | INFO     | __main__:on_train_batch_end:39 - Epoch 0, Step 1256: train_loss = 6.1293
2025-06-23 16:16:58.779 | INFO     | __main__:on_train_batch_end:39 - Epoch 0, Step 1257: train_loss = 5.1557
2025-06-23 16:16:59.042 | INFO     | __main__:on_train_batch_end:39 - Epoch 0, Step 1258: train_loss = 9.8409
2025-06-23 16:16:59.305 | INFO     | __main__:on_train_batch_end:39 - Epoch 0, Step 1259: train_loss = 3.8507
2025-06-23 16:16:59.569 | INFO     | __main__:on_train_batch_end:39 - Epoch 0, Step 1260: train_loss = 7.4273
2025-06-23 16:16:59.835 | INFO     | __main__:on_train_batch_end:39 - Epoch 0, Step 1261: train_loss = 4.9427
2025-06-23 16:17:00.104 | INFO     | __main__:on_train_batch_end:39 - Epoch 0, Step 1262: train_loss = 10.8071
2025-06-23 16:17:00.369 | INFO     | __main__:on_train_batch_end:39 - Epoch 0, Step 1263: train_loss = 4.0347
2025-06-23 16:17:00.637 | INFO     | __main__:on_train_batch_end:39 - Epoch 0, Step 1264: train_loss = 4.0246
2025-06-23 16:17:00.914 | INFO     | __main__:on_train_batch_end:39 - Epoch 0, Step 1265: train_loss = 18.4758
2025-06-23 16:17:01.180 | INFO     | __main__:on_train_batch_end:39 - Epoch 0, Step 1266: train_loss = 11.9173
2025-06-23 16:17:01.449 | INFO     | __main__:on_train_batch_end:39 - Epoch 0, Step 1267: train_loss = 19.6373
2025-06-23 16:17:01.708 | INFO     | __main__:on_train_batch_end:39 - Epoch 0, Step 1268: train_loss = 24.2118
2025-06-23 16:17:01.973 | INFO     | __main__:on_train_batch_end:39 - Epoch 0, Step 1269: train_loss = 4.5247
2025-06-23 16:17:02.246 | INFO     | __main__:on_train_batch_end:39 - Epoch 0, Step 1270: train_loss = 5.2232
2025-06-23 16:17:02.523 | INFO     | __main__:on_train_batch_end:39 - Epoch 0, Step 1271: train_loss = 4.1609
2025-06-23 16:17:02.800 | INFO     | __main__:on_train_batch_end:39 - Epoch 0, Step 1272: train_loss = 18.5126
2025-06-23 16:17:03.067 | INFO     | __main__:on_train_batch_end:39 - Epoch 0, Step 1273: train_loss = 24.6193
2025-06-23 16:17:03.343 | INFO     | __main__:on_train_batch_end:39 - Epoch 0, Step 1274: train_loss = 22.1546
2025-06-23 16:17:03.636 | INFO     | __main__:on_train_batch_end:39 - Epoch 0, Step 1275: train_loss = 8.9233
2025-06-23 16:17:03.916 | INFO     | __main__:on_train_batch_end:39 - Epoch 0, Step 1276: train_loss = 3.5946
2025-06-23 16:17:04.193 | INFO     | __main__:on_train_batch_end:39 - Epoch 0, Step 1277: train_loss = 3.7469
2025-06-23 16:17:04.471 | INFO     | __main__:on_train_batch_end:39 - Epoch 0, Step 1278: train_loss = 4.4046
2025-06-23 16:17:04.740 | INFO     | __main__:on_train_batch_end:39 - Epoch 0, Step 1279: train_loss = 8.4181
2025-06-23 16:17:05.019 | INFO     | __main__:on_train_batch_end:39 - Epoch 0, Step 1280: train_loss = 3.9691
2025-06-23 16:17:05.288 | INFO     | __main__:on_train_batch_end:39 - Epoch 0, Step 1281: train_loss = 6.0378
2025-06-23 16:17:05.556 | INFO     | __main__:on_train_batch_end:39 - Epoch 0, Step 1282: train_loss = 4.6261
2025-06-23 16:17:05.820 | INFO     | __main__:on_train_batch_end:39 - Epoch 0, Step 1283: train_loss = 4.4935
2025-06-23 16:17:06.085 | INFO     | __main__:on_train_batch_end:39 - Epoch 0, Step 1284: train_loss = 4.3132
2025-06-23 16:17:06.350 | INFO     | __main__:on_train_batch_end:39 - Epoch 0, Step 1285: train_loss = 5.1460
2025-06-23 16:17:06.613 | INFO     | __main__:on_train_batch_end:39 - Epoch 0, Step 1286: train_loss = 10.6686
2025-06-23 16:17:06.880 | INFO     | __main__:on_train_batch_end:39 - Epoch 0, Step 1287: train_loss = 5.9375
2025-06-23 16:17:07.144 | INFO     | __main__:on_train_batch_end:39 - Epoch 0, Step 1288: train_loss = 10.0502
2025-06-23 16:17:07.409 | INFO     | __main__:on_train_batch_end:39 - Epoch 0, Step 1289: train_loss = 22.3050
2025-06-23 16:17:07.675 | INFO     | __main__:on_train_batch_end:39 - Epoch 0, Step 1290: train_loss = 10.9519
2025-06-23 16:17:07.939 | INFO     | __main__:on_train_batch_end:39 - Epoch 0, Step 1291: train_loss = 20.8453
2025-06-23 16:17:08.205 | INFO     | __main__:on_train_batch_end:39 - Epoch 0, Step 1292: train_loss = 9.4559
2025-06-23 16:17:08.469 | INFO     | __main__:on_train_batch_end:39 - Epoch 0, Step 1293: train_loss = 7.8665
2025-06-23 16:17:08.732 | INFO     | __main__:on_train_batch_end:39 - Epoch 0, Step 1294: train_loss = 6.6030
2025-06-23 16:17:08.994 | INFO     | __main__:on_train_batch_end:39 - Epoch 0, Step 1295: train_loss = 3.8552
2025-06-23 16:17:09.260 | INFO     | __main__:on_train_batch_end:39 - Epoch 0, Step 1296: train_loss = 23.0418
2025-06-23 16:17:09.527 | INFO     | __main__:on_train_batch_end:39 - Epoch 0, Step 1297: train_loss = 5.9655
2025-06-23 16:17:09.793 | INFO     | __main__:on_train_batch_end:39 - Epoch 0, Step 1298: train_loss = 3.9000
2025-06-23 16:17:10.057 | INFO     | __main__:on_train_batch_end:39 - Epoch 0, Step 1299: train_loss = 3.6110
2025-06-23 16:17:10.328 | INFO     | __main__:on_train_batch_end:39 - Epoch 0, Step 1300: train_loss = 18.6835
2025-06-23 16:17:10.592 | INFO     | __main__:on_train_batch_end:39 - Epoch 0, Step 1301: train_loss = 8.9684
2025-06-23 16:17:10.855 | INFO     | __main__:on_train_batch_end:39 - Epoch 0, Step 1302: train_loss = 17.2658
2025-06-23 16:17:11.117 | INFO     | __main__:on_train_batch_end:39 - Epoch 0, Step 1303: train_loss = 5.2475
2025-06-23 16:17:11.379 | INFO     | __main__:on_train_batch_end:39 - Epoch 0, Step 1304: train_loss = 5.1737
2025-06-23 16:17:11.642 | INFO     | __main__:on_train_batch_end:39 - Epoch 0, Step 1305: train_loss = 3.7271
2025-06-23 16:17:11.905 | INFO     | __main__:on_train_batch_end:39 - Epoch 0, Step 1306: train_loss = 8.1405
2025-06-23 16:17:12.166 | INFO     | __main__:on_train_batch_end:39 - Epoch 0, Step 1307: train_loss = 10.2758
2025-06-23 16:17:12.432 | INFO     | __main__:on_train_batch_end:39 - Epoch 0, Step 1308: train_loss = 20.5568
2025-06-23 16:17:12.695 | INFO     | __main__:on_train_batch_end:39 - Epoch 0, Step 1309: train_loss = 3.8215
2025-06-23 16:17:12.958 | INFO     | __main__:on_train_batch_end:39 - Epoch 0, Step 1310: train_loss = 5.4903
2025-06-23 16:17:13.232 | INFO     | __main__:on_train_batch_end:39 - Epoch 0, Step 1311: train_loss = 8.1589
2025-06-23 16:17:13.495 | INFO     | __main__:on_train_batch_end:39 - Epoch 0, Step 1312: train_loss = 9.0522
2025-06-23 16:17:13.757 | INFO     | __main__:on_train_batch_end:39 - Epoch 0, Step 1313: train_loss = 5.9786
2025-06-23 16:17:14.023 | INFO     | __main__:on_train_batch_end:39 - Epoch 0, Step 1314: train_loss = 11.3758
2025-06-23 16:17:14.290 | INFO     | __main__:on_train_batch_end:39 - Epoch 0, Step 1315: train_loss = 7.6656
2025-06-23 16:17:14.554 | INFO     | __main__:on_train_batch_end:39 - Epoch 0, Step 1316: train_loss = 5.5388
2025-06-23 16:17:14.817 | INFO     | __main__:on_train_batch_end:39 - Epoch 0, Step 1317: train_loss = 13.6247
2025-06-23 16:17:15.078 | INFO     | __main__:on_train_batch_end:39 - Epoch 0, Step 1318: train_loss = 5.2822
2025-06-23 16:17:15.339 | INFO     | __main__:on_train_batch_end:39 - Epoch 0, Step 1319: train_loss = 4.6322
2025-06-23 16:17:15.603 | INFO     | __main__:on_train_batch_end:39 - Epoch 0, Step 1320: train_loss = 8.8397
2025-06-23 16:17:15.870 | INFO     | __main__:on_train_batch_end:39 - Epoch 0, Step 1321: train_loss = 12.6136
2025-06-23 16:17:16.132 | INFO     | __main__:on_train_batch_end:39 - Epoch 0, Step 1322: train_loss = 3.9852
2025-06-23 16:17:16.393 | INFO     | __main__:on_train_batch_end:39 - Epoch 0, Step 1323: train_loss = 7.6903
2025-06-23 16:17:16.654 | INFO     | __main__:on_train_batch_end:39 - Epoch 0, Step 1324: train_loss = 4.0953
2025-06-23 16:17:16.914 | INFO     | __main__:on_train_batch_end:39 - Epoch 0, Step 1325: train_loss = 3.7684
2025-06-23 16:17:17.175 | INFO     | __main__:on_train_batch_end:39 - Epoch 0, Step 1326: train_loss = 3.9243
2025-06-23 16:17:17.437 | INFO     | __main__:on_train_batch_end:39 - Epoch 0, Step 1327: train_loss = 12.7383
2025-06-23 16:17:17.709 | INFO     | __main__:on_train_batch_end:39 - Epoch 0, Step 1328: train_loss = 12.4102
2025-06-23 16:17:17.994 | INFO     | __main__:on_train_batch_end:39 - Epoch 0, Step 1329: train_loss = 4.0822
2025-06-23 16:17:18.283 | INFO     | __main__:on_train_batch_end:39 - Epoch 0, Step 1330: train_loss = 12.7351
2025-06-23 16:17:18.574 | INFO     | __main__:on_train_batch_end:39 - Epoch 0, Step 1331: train_loss = 5.7248
2025-06-23 16:17:18.855 | INFO     | __main__:on_train_batch_end:39 - Epoch 0, Step 1332: train_loss = 14.2959
2025-06-23 16:17:19.118 | INFO     | __main__:on_train_batch_end:39 - Epoch 0, Step 1333: train_loss = 15.8181
2025-06-23 16:17:19.385 | INFO     | __main__:on_train_batch_end:39 - Epoch 0, Step 1334: train_loss = 6.0191
2025-06-23 16:17:19.657 | INFO     | __main__:on_train_batch_end:39 - Epoch 0, Step 1335: train_loss = 3.8282
2025-06-23 16:17:19.941 | INFO     | __main__:on_train_batch_end:39 - Epoch 0, Step 1336: train_loss = 23.5307
2025-06-23 16:17:20.222 | INFO     | __main__:on_train_batch_end:39 - Epoch 0, Step 1337: train_loss = 14.6887
2025-06-23 16:17:20.499 | INFO     | __main__:on_train_batch_end:39 - Epoch 0, Step 1338: train_loss = 4.2759
2025-06-23 16:17:20.772 | INFO     | __main__:on_train_batch_end:39 - Epoch 0, Step 1339: train_loss = 21.7103
2025-06-23 16:17:21.044 | INFO     | __main__:on_train_batch_end:39 - Epoch 0, Step 1340: train_loss = 33.2128
2025-06-23 16:17:21.308 | INFO     | __main__:on_train_batch_end:39 - Epoch 0, Step 1341: train_loss = 4.7048
2025-06-23 16:17:21.597 | INFO     | __main__:on_train_batch_end:39 - Epoch 0, Step 1342: train_loss = 12.7864
2025-06-23 16:17:21.878 | INFO     | __main__:on_train_batch_end:39 - Epoch 0, Step 1343: train_loss = 14.4760
2025-06-23 16:17:22.155 | INFO     | __main__:on_train_batch_end:39 - Epoch 0, Step 1344: train_loss = 11.2829
2025-06-23 16:17:22.432 | INFO     | __main__:on_train_batch_end:39 - Epoch 0, Step 1345: train_loss = 8.4766
2025-06-23 16:17:22.707 | INFO     | __main__:on_train_batch_end:39 - Epoch 0, Step 1346: train_loss = 5.5168
2025-06-23 16:17:22.982 | INFO     | __main__:on_train_batch_end:39 - Epoch 0, Step 1347: train_loss = 3.8548
2025-06-23 16:17:23.259 | INFO     | __main__:on_train_batch_end:39 - Epoch 0, Step 1348: train_loss = 9.8563
2025-06-23 16:17:23.532 | INFO     | __main__:on_train_batch_end:39 - Epoch 0, Step 1349: train_loss = 4.6338
2025-06-23 16:17:23.793 | INFO     | __main__:on_train_batch_end:39 - Epoch 0, Step 1350: train_loss = 3.6348
2025-06-23 16:17:24.061 | INFO     | __main__:on_train_batch_end:39 - Epoch 0, Step 1351: train_loss = 5.1546
2025-06-23 16:17:24.331 | INFO     | __main__:on_train_batch_end:39 - Epoch 0, Step 1352: train_loss = 5.5709
2025-06-23 16:17:24.595 | INFO     | __main__:on_train_batch_end:39 - Epoch 0, Step 1353: train_loss = 25.4831
2025-06-23 16:17:24.869 | INFO     | __main__:on_train_batch_end:39 - Epoch 0, Step 1354: train_loss = 4.6925
2025-06-23 16:17:25.132 | INFO     | __main__:on_train_batch_end:39 - Epoch 0, Step 1355: train_loss = 7.0747
2025-06-23 16:17:25.398 | INFO     | __main__:on_train_batch_end:39 - Epoch 0, Step 1356: train_loss = 17.0764
2025-06-23 16:17:25.666 | INFO     | __main__:on_train_batch_end:39 - Epoch 0, Step 1357: train_loss = 18.6197
2025-06-23 16:17:25.929 | INFO     | __main__:on_train_batch_end:39 - Epoch 0, Step 1358: train_loss = 4.2448
2025-06-23 16:17:26.196 | INFO     | __main__:on_train_batch_end:39 - Epoch 0, Step 1359: train_loss = 8.8058
2025-06-23 16:17:26.456 | INFO     | __main__:on_train_batch_end:39 - Epoch 0, Step 1360: train_loss = 4.3000
2025-06-23 16:17:26.723 | INFO     | __main__:on_train_batch_end:39 - Epoch 0, Step 1361: train_loss = 7.3313
2025-06-23 16:17:26.986 | INFO     | __main__:on_train_batch_end:39 - Epoch 0, Step 1362: train_loss = 25.9711
2025-06-23 16:17:27.250 | INFO     | __main__:on_train_batch_end:39 - Epoch 0, Step 1363: train_loss = 3.5775
2025-06-23 16:17:27.510 | INFO     | __main__:on_train_batch_end:39 - Epoch 0, Step 1364: train_loss = 5.5961
2025-06-23 16:17:27.783 | INFO     | __main__:on_train_batch_end:39 - Epoch 0, Step 1365: train_loss = 13.3538
2025-06-23 16:17:28.056 | INFO     | __main__:on_train_batch_end:39 - Epoch 0, Step 1366: train_loss = 3.5021
2025-06-23 16:17:28.319 | INFO     | __main__:on_train_batch_end:39 - Epoch 0, Step 1367: train_loss = 4.5123
2025-06-23 16:17:28.588 | INFO     | __main__:on_train_batch_end:39 - Epoch 0, Step 1368: train_loss = 16.5433
2025-06-23 16:17:28.851 | INFO     | __main__:on_train_batch_end:39 - Epoch 0, Step 1369: train_loss = 18.8657
2025-06-23 16:17:29.123 | INFO     | __main__:on_train_batch_end:39 - Epoch 0, Step 1370: train_loss = 4.4639
2025-06-23 16:17:29.387 | INFO     | __main__:on_train_batch_end:39 - Epoch 0, Step 1371: train_loss = 8.0532
2025-06-23 16:17:29.650 | INFO     | __main__:on_train_batch_end:39 - Epoch 0, Step 1372: train_loss = 7.7811
2025-06-23 16:17:29.910 | INFO     | __main__:on_train_batch_end:39 - Epoch 0, Step 1373: train_loss = 9.4589
2025-06-23 16:17:30.181 | INFO     | __main__:on_train_batch_end:39 - Epoch 0, Step 1374: train_loss = 5.7298
2025-06-23 16:17:30.443 | INFO     | __main__:on_train_batch_end:39 - Epoch 0, Step 1375: train_loss = 3.9339
2025-06-23 16:17:30.704 | INFO     | __main__:on_train_batch_end:39 - Epoch 0, Step 1376: train_loss = 4.2902
2025-06-23 16:17:30.970 | INFO     | __main__:on_train_batch_end:39 - Epoch 0, Step 1377: train_loss = 3.8856
2025-06-23 16:17:31.233 | INFO     | __main__:on_train_batch_end:39 - Epoch 0, Step 1378: train_loss = 8.4686
2025-06-23 16:17:31.495 | INFO     | __main__:on_train_batch_end:39 - Epoch 0, Step 1379: train_loss = 6.0364
2025-06-23 16:17:31.756 | INFO     | __main__:on_train_batch_end:39 - Epoch 0, Step 1380: train_loss = 8.3980
2025-06-23 16:17:32.017 | INFO     | __main__:on_train_batch_end:39 - Epoch 0, Step 1381: train_loss = 4.1448
2025-06-23 16:17:32.278 | INFO     | __main__:on_train_batch_end:39 - Epoch 0, Step 1382: train_loss = 7.7664
2025-06-23 16:17:32.544 | INFO     | __main__:on_train_batch_end:39 - Epoch 0, Step 1383: train_loss = 7.5250
2025-06-23 16:17:32.806 | INFO     | __main__:on_train_batch_end:39 - Epoch 0, Step 1384: train_loss = 7.3978
2025-06-23 16:17:33.070 | INFO     | __main__:on_train_batch_end:39 - Epoch 0, Step 1385: train_loss = 6.9848
2025-06-23 16:17:33.332 | INFO     | __main__:on_train_batch_end:39 - Epoch 0, Step 1386: train_loss = 3.8241
2025-06-23 16:17:33.595 | INFO     | __main__:on_train_batch_end:39 - Epoch 0, Step 1387: train_loss = 11.4325
2025-06-23 16:17:33.871 | INFO     | __main__:on_train_batch_end:39 - Epoch 0, Step 1388: train_loss = 11.9515
2025-06-23 16:17:34.134 | INFO     | __main__:on_train_batch_end:39 - Epoch 0, Step 1389: train_loss = 4.4609
2025-06-23 16:17:34.394 | INFO     | __main__:on_train_batch_end:39 - Epoch 0, Step 1390: train_loss = 11.1447
2025-06-23 16:17:34.659 | INFO     | __main__:on_train_batch_end:39 - Epoch 0, Step 1391: train_loss = 8.6290
2025-06-23 16:17:34.922 | INFO     | __main__:on_train_batch_end:39 - Epoch 0, Step 1392: train_loss = 8.8784
2025-06-23 16:17:35.191 | INFO     | __main__:on_train_batch_end:39 - Epoch 0, Step 1393: train_loss = 5.1698
2025-06-23 16:17:35.548 | INFO     | __main__:on_train_batch_end:39 - Epoch 0, Step 1394: train_loss = 12.7588
2025-06-23 16:17:35.810 | INFO     | __main__:on_train_batch_end:39 - Epoch 0, Step 1395: train_loss = 4.6943
2025-06-23 16:17:36.072 | INFO     | __main__:on_train_batch_end:39 - Epoch 0, Step 1396: train_loss = 4.0029
2025-06-23 16:17:36.350 | INFO     | __main__:on_train_batch_end:39 - Epoch 0, Step 1397: train_loss = 9.9999
2025-06-23 16:17:36.610 | INFO     | __main__:on_train_batch_end:39 - Epoch 0, Step 1398: train_loss = 7.9633
2025-06-23 16:17:36.878 | INFO     | __main__:on_train_batch_end:39 - Epoch 0, Step 1399: train_loss = 18.5469
2025-06-23 16:17:37.142 | INFO     | __main__:on_train_batch_end:39 - Epoch 0, Step 1400: train_loss = 16.3036
2025-06-23 16:17:37.403 | INFO     | __main__:on_train_batch_end:39 - Epoch 0, Step 1401: train_loss = 5.7432
2025-06-23 16:17:37.665 | INFO     | __main__:on_train_batch_end:39 - Epoch 0, Step 1402: train_loss = 6.6092
2025-06-23 16:17:37.931 | INFO     | __main__:on_train_batch_end:39 - Epoch 0, Step 1403: train_loss = 11.4717
2025-06-23 16:17:38.212 | INFO     | __main__:on_train_batch_end:39 - Epoch 0, Step 1404: train_loss = 17.4934
2025-06-23 16:17:38.488 | INFO     | __main__:on_train_batch_end:39 - Epoch 0, Step 1405: train_loss = 5.7291
2025-06-23 16:17:38.763 | INFO     | __main__:on_train_batch_end:39 - Epoch 0, Step 1406: train_loss = 29.5981
2025-06-23 16:17:39.037 | INFO     | __main__:on_train_batch_end:39 - Epoch 0, Step 1407: train_loss = 3.8679
2025-06-23 16:17:39.304 | INFO     | __main__:on_train_batch_end:39 - Epoch 0, Step 1408: train_loss = 9.7500
2025-06-23 16:17:39.570 | INFO     | __main__:on_train_batch_end:39 - Epoch 0, Step 1409: train_loss = 7.1863
2025-06-23 16:17:39.838 | INFO     | __main__:on_train_batch_end:39 - Epoch 0, Step 1410: train_loss = 14.1617
2025-06-23 16:17:40.102 | INFO     | __main__:on_train_batch_end:39 - Epoch 0, Step 1411: train_loss = 4.1726
2025-06-23 16:17:40.366 | INFO     | __main__:on_train_batch_end:39 - Epoch 0, Step 1412: train_loss = 4.6281
2025-06-23 16:17:40.626 | INFO     | __main__:on_train_batch_end:39 - Epoch 0, Step 1413: train_loss = 12.0451
2025-06-23 16:17:40.890 | INFO     | __main__:on_train_batch_end:39 - Epoch 0, Step 1414: train_loss = 12.6556
2025-06-23 16:17:41.153 | INFO     | __main__:on_train_batch_end:39 - Epoch 0, Step 1415: train_loss = 3.5849
2025-06-23 16:17:41.417 | INFO     | __main__:on_train_batch_end:39 - Epoch 0, Step 1416: train_loss = 3.8480
2025-06-23 16:17:41.679 | INFO     | __main__:on_train_batch_end:39 - Epoch 0, Step 1417: train_loss = 6.6262
2025-06-23 16:17:41.942 | INFO     | __main__:on_train_batch_end:39 - Epoch 0, Step 1418: train_loss = 6.9167
2025-06-23 16:17:42.204 | INFO     | __main__:on_train_batch_end:39 - Epoch 0, Step 1419: train_loss = 14.9914
2025-06-23 16:17:42.468 | INFO     | __main__:on_train_batch_end:39 - Epoch 0, Step 1420: train_loss = 31.0334
2025-06-23 16:17:42.729 | INFO     | __main__:on_train_batch_end:39 - Epoch 0, Step 1421: train_loss = 13.1324
2025-06-23 16:17:42.995 | INFO     | __main__:on_train_batch_end:39 - Epoch 0, Step 1422: train_loss = 8.2844
2025-06-23 16:17:43.260 | INFO     | __main__:on_train_batch_end:39 - Epoch 0, Step 1423: train_loss = 5.1966
2025-06-23 16:17:43.526 | INFO     | __main__:on_train_batch_end:39 - Epoch 0, Step 1424: train_loss = 13.6285
2025-06-23 16:17:43.790 | INFO     | __main__:on_train_batch_end:39 - Epoch 0, Step 1425: train_loss = 5.8925
2025-06-23 16:17:44.053 | INFO     | __main__:on_train_batch_end:39 - Epoch 0, Step 1426: train_loss = 7.9707
2025-06-23 16:17:44.319 | INFO     | __main__:on_train_batch_end:39 - Epoch 0, Step 1427: train_loss = 3.9302
2025-06-23 16:17:44.581 | INFO     | __main__:on_train_batch_end:39 - Epoch 0, Step 1428: train_loss = 8.2203
2025-06-23 16:17:44.853 | INFO     | __main__:on_train_batch_end:39 - Epoch 0, Step 1429: train_loss = 24.6003
2025-06-23 16:17:45.123 | INFO     | __main__:on_train_batch_end:39 - Epoch 0, Step 1430: train_loss = 11.4974
2025-06-23 16:17:45.391 | INFO     | __main__:on_train_batch_end:39 - Epoch 0, Step 1431: train_loss = 8.1541
2025-06-23 16:17:45.655 | INFO     | __main__:on_train_batch_end:39 - Epoch 0, Step 1432: train_loss = 4.0078
2025-06-23 16:17:45.920 | INFO     | __main__:on_train_batch_end:39 - Epoch 0, Step 1433: train_loss = 3.6199
2025-06-23 16:17:46.185 | INFO     | __main__:on_train_batch_end:39 - Epoch 0, Step 1434: train_loss = 12.5710
2025-06-23 16:17:46.447 | INFO     | __main__:on_train_batch_end:39 - Epoch 0, Step 1435: train_loss = 4.4654
2025-06-23 16:17:46.710 | INFO     | __main__:on_train_batch_end:39 - Epoch 0, Step 1436: train_loss = 6.9611
2025-06-23 16:17:46.973 | INFO     | __main__:on_train_batch_end:39 - Epoch 0, Step 1437: train_loss = 3.5846
2025-06-23 16:17:47.238 | INFO     | __main__:on_train_batch_end:39 - Epoch 0, Step 1438: train_loss = 4.8521
2025-06-23 16:17:47.503 | INFO     | __main__:on_train_batch_end:39 - Epoch 0, Step 1439: train_loss = 28.3300
2025-06-23 16:17:47.765 | INFO     | __main__:on_train_batch_end:39 - Epoch 0, Step 1440: train_loss = 5.7271
2025-06-23 16:17:48.028 | INFO     | __main__:on_train_batch_end:39 - Epoch 0, Step 1441: train_loss = 3.8341
2025-06-23 16:17:48.293 | INFO     | __main__:on_train_batch_end:39 - Epoch 0, Step 1442: train_loss = 3.7624
2025-06-23 16:17:48.557 | INFO     | __main__:on_train_batch_end:39 - Epoch 0, Step 1443: train_loss = 4.1169
2025-06-23 16:17:48.824 | INFO     | __main__:on_train_batch_end:39 - Epoch 0, Step 1444: train_loss = 4.2648
2025-06-23 16:17:49.090 | INFO     | __main__:on_train_batch_end:39 - Epoch 0, Step 1445: train_loss = 21.4840
2025-06-23 16:17:49.359 | INFO     | __main__:on_train_batch_end:39 - Epoch 0, Step 1446: train_loss = 4.1211
2025-06-23 16:17:49.623 | INFO     | __main__:on_train_batch_end:39 - Epoch 0, Step 1447: train_loss = 12.5058
2025-06-23 16:17:49.887 | INFO     | __main__:on_train_batch_end:39 - Epoch 0, Step 1448: train_loss = 8.3511
2025-06-23 16:17:50.155 | INFO     | __main__:on_train_batch_end:39 - Epoch 0, Step 1449: train_loss = 5.1855
2025-06-23 16:17:50.421 | INFO     | __main__:on_train_batch_end:39 - Epoch 0, Step 1450: train_loss = 7.4590
2025-06-23 16:17:50.689 | INFO     | __main__:on_train_batch_end:39 - Epoch 0, Step 1451: train_loss = 3.5629
2025-06-23 16:17:50.953 | INFO     | __main__:on_train_batch_end:39 - Epoch 0, Step 1452: train_loss = 3.8719
2025-06-23 16:17:51.217 | INFO     | __main__:on_train_batch_end:39 - Epoch 0, Step 1453: train_loss = 6.2233
2025-06-23 16:17:51.480 | INFO     | __main__:on_train_batch_end:39 - Epoch 0, Step 1454: train_loss = 3.7622
2025-06-23 16:17:51.742 | INFO     | __main__:on_train_batch_end:39 - Epoch 0, Step 1455: train_loss = 5.2030
2025-06-23 16:17:52.011 | INFO     | __main__:on_train_batch_end:39 - Epoch 0, Step 1456: train_loss = 10.8423
2025-06-23 16:17:52.279 | INFO     | __main__:on_train_batch_end:39 - Epoch 0, Step 1457: train_loss = 3.9704
2025-06-23 16:17:52.539 | INFO     | __main__:on_train_batch_end:39 - Epoch 0, Step 1458: train_loss = 15.8174
2025-06-23 16:17:52.801 | INFO     | __main__:on_train_batch_end:39 - Epoch 0, Step 1459: train_loss = 19.3093
2025-06-23 16:17:53.063 | INFO     | __main__:on_train_batch_end:39 - Epoch 0, Step 1460: train_loss = 3.8565
2025-06-23 16:17:53.324 | INFO     | __main__:on_train_batch_end:39 - Epoch 0, Step 1461: train_loss = 7.3001
2025-06-23 16:17:53.586 | INFO     | __main__:on_train_batch_end:39 - Epoch 0, Step 1462: train_loss = 4.9175
2025-06-23 16:17:53.849 | INFO     | __main__:on_train_batch_end:39 - Epoch 0, Step 1463: train_loss = 6.0545
2025-06-23 16:17:54.117 | INFO     | __main__:on_train_batch_end:39 - Epoch 0, Step 1464: train_loss = 21.3472
2025-06-23 16:17:54.381 | INFO     | __main__:on_train_batch_end:39 - Epoch 0, Step 1465: train_loss = 9.2950
2025-06-23 16:17:54.646 | INFO     | __main__:on_train_batch_end:39 - Epoch 0, Step 1466: train_loss = 3.9736
2025-06-23 16:17:54.916 | INFO     | __main__:on_train_batch_end:39 - Epoch 0, Step 1467: train_loss = 4.9160
2025-06-23 16:17:55.182 | INFO     | __main__:on_train_batch_end:39 - Epoch 0, Step 1468: train_loss = 9.8825
2025-06-23 16:17:55.445 | INFO     | __main__:on_train_batch_end:39 - Epoch 0, Step 1469: train_loss = 3.8424
2025-06-23 16:17:55.713 | INFO     | __main__:on_train_batch_end:39 - Epoch 0, Step 1470: train_loss = 6.8391
2025-06-23 16:17:55.976 | INFO     | __main__:on_train_batch_end:39 - Epoch 0, Step 1471: train_loss = 5.1385
2025-06-23 16:17:56.247 | INFO     | __main__:on_train_batch_end:39 - Epoch 0, Step 1472: train_loss = 3.7595
2025-06-23 16:17:56.512 | INFO     | __main__:on_train_batch_end:39 - Epoch 0, Step 1473: train_loss = 6.5741
2025-06-23 16:17:56.773 | INFO     | __main__:on_train_batch_end:39 - Epoch 0, Step 1474: train_loss = 6.0201
2025-06-23 16:17:57.039 | INFO     | __main__:on_train_batch_end:39 - Epoch 0, Step 1475: train_loss = 5.0647
2025-06-23 16:17:57.306 | INFO     | __main__:on_train_batch_end:39 - Epoch 0, Step 1476: train_loss = 25.3003
2025-06-23 16:17:57.571 | INFO     | __main__:on_train_batch_end:39 - Epoch 0, Step 1477: train_loss = 22.9148
2025-06-23 16:17:57.841 | INFO     | __main__:on_train_batch_end:39 - Epoch 0, Step 1478: train_loss = 22.8383
2025-06-23 16:17:58.110 | INFO     | __main__:on_train_batch_end:39 - Epoch 0, Step 1479: train_loss = 11.3957
2025-06-23 16:17:58.377 | INFO     | __main__:on_train_batch_end:39 - Epoch 0, Step 1480: train_loss = 12.2156
2025-06-23 16:17:58.640 | INFO     | __main__:on_train_batch_end:39 - Epoch 0, Step 1481: train_loss = 7.6618
2025-06-23 16:17:58.902 | INFO     | __main__:on_train_batch_end:39 - Epoch 0, Step 1482: train_loss = 3.7744
2025-06-23 16:17:59.167 | INFO     | __main__:on_train_batch_end:39 - Epoch 0, Step 1483: train_loss = 9.3134
2025-06-23 16:17:59.431 | INFO     | __main__:on_train_batch_end:39 - Epoch 0, Step 1484: train_loss = 25.0533
2025-06-23 16:17:59.697 | INFO     | __main__:on_train_batch_end:39 - Epoch 0, Step 1485: train_loss = 4.7813
2025-06-23 16:17:59.958 | INFO     | __main__:on_train_batch_end:39 - Epoch 0, Step 1486: train_loss = 3.6847
2025-06-23 16:18:00.220 | INFO     | __main__:on_train_batch_end:39 - Epoch 0, Step 1487: train_loss = 3.7816
2025-06-23 16:18:00.487 | INFO     | __main__:on_train_batch_end:39 - Epoch 0, Step 1488: train_loss = 9.5294
2025-06-23 16:18:00.763 | INFO     | __main__:on_train_batch_end:39 - Epoch 0, Step 1489: train_loss = 3.5973
2025-06-23 16:18:01.027 | INFO     | __main__:on_train_batch_end:39 - Epoch 0, Step 1490: train_loss = 5.8701
2025-06-23 16:18:01.299 | INFO     | __main__:on_train_batch_end:39 - Epoch 0, Step 1491: train_loss = 3.8006
2025-06-23 16:18:01.573 | INFO     | __main__:on_train_batch_end:39 - Epoch 0, Step 1492: train_loss = 3.5880
2025-06-23 16:18:01.849 | INFO     | __main__:on_train_batch_end:39 - Epoch 0, Step 1493: train_loss = 7.5147
2025-06-23 16:18:02.112 | INFO     | __main__:on_train_batch_end:39 - Epoch 0, Step 1494: train_loss = 3.6072
2025-06-23 16:18:02.375 | INFO     | __main__:on_train_batch_end:39 - Epoch 0, Step 1495: train_loss = 15.6656
2025-06-23 16:18:02.638 | INFO     | __main__:on_train_batch_end:39 - Epoch 0, Step 1496: train_loss = 3.6947
2025-06-23 16:18:02.905 | INFO     | __main__:on_train_batch_end:39 - Epoch 0, Step 1497: train_loss = 5.4832
2025-06-23 16:18:03.171 | INFO     | __main__:on_train_batch_end:39 - Epoch 0, Step 1498: train_loss = 4.0609
2025-06-23 16:18:03.438 | INFO     | __main__:on_train_batch_end:39 - Epoch 0, Step 1499: train_loss = 38.3757
2025-06-23 16:18:03.703 | INFO     | __main__:on_train_batch_end:39 - Epoch 0, Step 1500: train_loss = 19.2219
2025-06-23 16:18:03.972 | INFO     | __main__:on_train_batch_end:39 - Epoch 0, Step 1501: train_loss = 22.3308
2025-06-23 16:18:04.237 | INFO     | __main__:on_train_batch_end:39 - Epoch 0, Step 1502: train_loss = 9.9589
2025-06-23 16:18:04.507 | INFO     | __main__:on_train_batch_end:39 - Epoch 0, Step 1503: train_loss = 13.1909
2025-06-23 16:18:04.772 | INFO     | __main__:on_train_batch_end:39 - Epoch 0, Step 1504: train_loss = 3.6701
2025-06-23 16:18:05.036 | INFO     | __main__:on_train_batch_end:39 - Epoch 0, Step 1505: train_loss = 7.8712
2025-06-23 16:18:05.300 | INFO     | __main__:on_train_batch_end:39 - Epoch 0, Step 1506: train_loss = 4.4366
2025-06-23 16:18:05.562 | INFO     | __main__:on_train_batch_end:39 - Epoch 0, Step 1507: train_loss = 4.5739
2025-06-23 16:18:05.828 | INFO     | __main__:on_train_batch_end:39 - Epoch 0, Step 1508: train_loss = 3.7237
2025-06-23 16:18:06.096 | INFO     | __main__:on_train_batch_end:39 - Epoch 0, Step 1509: train_loss = 19.7933
2025-06-23 16:18:06.358 | INFO     | __main__:on_train_batch_end:39 - Epoch 0, Step 1510: train_loss = 4.0245
2025-06-23 16:18:06.625 | INFO     | __main__:on_train_batch_end:39 - Epoch 0, Step 1511: train_loss = 4.8324
2025-06-23 16:18:06.893 | INFO     | __main__:on_train_batch_end:39 - Epoch 0, Step 1512: train_loss = 7.6868
2025-06-23 16:18:07.161 | INFO     | __main__:on_train_batch_end:39 - Epoch 0, Step 1513: train_loss = 11.3997
2025-06-23 16:18:07.429 | INFO     | __main__:on_train_batch_end:39 - Epoch 0, Step 1514: train_loss = 23.2205
2025-06-23 16:18:07.698 | INFO     | __main__:on_train_batch_end:39 - Epoch 0, Step 1515: train_loss = 4.0220
2025-06-23 16:18:07.968 | INFO     | __main__:on_train_batch_end:39 - Epoch 0, Step 1516: train_loss = 3.6090
2025-06-23 16:18:08.234 | INFO     | __main__:on_train_batch_end:39 - Epoch 0, Step 1517: train_loss = 14.8622
2025-06-23 16:18:08.508 | INFO     | __main__:on_train_batch_end:39 - Epoch 0, Step 1518: train_loss = 16.8557
2025-06-23 16:18:08.782 | INFO     | __main__:on_train_batch_end:39 - Epoch 0, Step 1519: train_loss = 7.0908
2025-06-23 16:18:09.058 | INFO     | __main__:on_train_batch_end:39 - Epoch 0, Step 1520: train_loss = 3.9131
2025-06-23 16:18:09.363 | INFO     | __main__:on_train_batch_end:39 - Epoch 0, Step 1521: train_loss = 4.1047
2025-06-23 16:18:09.634 | INFO     | __main__:on_train_batch_end:39 - Epoch 0, Step 1522: train_loss = 6.9437
2025-06-23 16:18:09.913 | INFO     | __main__:on_train_batch_end:39 - Epoch 0, Step 1523: train_loss = 3.7935
2025-06-23 16:18:10.189 | INFO     | __main__:on_train_batch_end:39 - Epoch 0, Step 1524: train_loss = 7.0979
2025-06-23 16:18:10.455 | INFO     | __main__:on_train_batch_end:39 - Epoch 0, Step 1525: train_loss = 3.6700
2025-06-23 16:18:10.720 | INFO     | __main__:on_train_batch_end:39 - Epoch 0, Step 1526: train_loss = 5.3438
2025-06-23 16:18:10.984 | INFO     | __main__:on_train_batch_end:39 - Epoch 0, Step 1527: train_loss = 10.3298
2025-06-23 16:18:11.249 | INFO     | __main__:on_train_batch_end:39 - Epoch 0, Step 1528: train_loss = 13.9163
2025-06-23 16:18:11.514 | INFO     | __main__:on_train_batch_end:39 - Epoch 0, Step 1529: train_loss = 3.5718
2025-06-23 16:18:11.777 | INFO     | __main__:on_train_batch_end:39 - Epoch 0, Step 1530: train_loss = 3.6200
2025-06-23 16:18:12.043 | INFO     | __main__:on_train_batch_end:39 - Epoch 0, Step 1531: train_loss = 24.6978
2025-06-23 16:18:12.309 | INFO     | __main__:on_train_batch_end:39 - Epoch 0, Step 1532: train_loss = 4.3129
2025-06-23 16:18:12.574 | INFO     | __main__:on_train_batch_end:39 - Epoch 0, Step 1533: train_loss = 3.7865
2025-06-23 16:18:12.842 | INFO     | __main__:on_train_batch_end:39 - Epoch 0, Step 1534: train_loss = 5.3298
2025-06-23 16:18:13.108 | INFO     | __main__:on_train_batch_end:39 - Epoch 0, Step 1535: train_loss = 9.3400
2025-06-23 16:18:13.377 | INFO     | __main__:on_train_batch_end:39 - Epoch 0, Step 1536: train_loss = 9.7643
2025-06-23 16:18:13.651 | INFO     | __main__:on_train_batch_end:39 - Epoch 0, Step 1537: train_loss = 3.5550
2025-06-23 16:18:13.926 | INFO     | __main__:on_train_batch_end:39 - Epoch 0, Step 1538: train_loss = 8.1442
2025-06-23 16:18:14.202 | INFO     | __main__:on_train_batch_end:39 - Epoch 0, Step 1539: train_loss = 21.6230
2025-06-23 16:18:14.481 | INFO     | __main__:on_train_batch_end:39 - Epoch 0, Step 1540: train_loss = 4.4320
2025-06-23 16:18:14.756 | INFO     | __main__:on_train_batch_end:39 - Epoch 0, Step 1541: train_loss = 3.5585
2025-06-23 16:18:15.038 | INFO     | __main__:on_train_batch_end:39 - Epoch 0, Step 1542: train_loss = 4.8414
2025-06-23 16:18:15.317 | INFO     | __main__:on_train_batch_end:39 - Epoch 0, Step 1543: train_loss = 8.8391
2025-06-23 16:18:15.592 | INFO     | __main__:on_train_batch_end:39 - Epoch 0, Step 1544: train_loss = 22.6425
2025-06-23 16:18:15.870 | INFO     | __main__:on_train_batch_end:39 - Epoch 0, Step 1545: train_loss = 5.7650
2025-06-23 16:18:16.150 | INFO     | __main__:on_train_batch_end:39 - Epoch 0, Step 1546: train_loss = 24.4674
2025-06-23 16:18:16.426 | INFO     | __main__:on_train_batch_end:39 - Epoch 0, Step 1547: train_loss = 9.7477
2025-06-23 16:18:16.699 | INFO     | __main__:on_train_batch_end:39 - Epoch 0, Step 1548: train_loss = 22.5878
2025-06-23 16:18:16.975 | INFO     | __main__:on_train_batch_end:39 - Epoch 0, Step 1549: train_loss = 10.1827
2025-06-23 16:18:17.252 | INFO     | __main__:on_train_batch_end:39 - Epoch 0, Step 1550: train_loss = 4.9203
2025-06-23 16:18:17.527 | INFO     | __main__:on_train_batch_end:39 - Epoch 0, Step 1551: train_loss = 3.6158
2025-06-23 16:18:17.806 | INFO     | __main__:on_train_batch_end:39 - Epoch 0, Step 1552: train_loss = 17.4681
2025-06-23 16:18:18.083 | INFO     | __main__:on_train_batch_end:39 - Epoch 0, Step 1553: train_loss = 3.6793
2025-06-23 16:18:18.358 | INFO     | __main__:on_train_batch_end:39 - Epoch 0, Step 1554: train_loss = 8.7929
2025-06-23 16:18:18.634 | INFO     | __main__:on_train_batch_end:39 - Epoch 0, Step 1555: train_loss = 10.4254
2025-06-23 16:18:18.913 | INFO     | __main__:on_train_batch_end:39 - Epoch 0, Step 1556: train_loss = 14.7837
2025-06-23 16:18:19.189 | INFO     | __main__:on_train_batch_end:39 - Epoch 0, Step 1557: train_loss = 3.5374
2025-06-23 16:18:19.465 | INFO     | __main__:on_train_batch_end:39 - Epoch 0, Step 1558: train_loss = 7.3401
2025-06-23 16:18:19.740 | INFO     | __main__:on_train_batch_end:39 - Epoch 0, Step 1559: train_loss = 17.5981
2025-06-23 16:18:20.014 | INFO     | __main__:on_train_batch_end:39 - Epoch 0, Step 1560: train_loss = 4.0129
2025-06-23 16:18:20.290 | INFO     | __main__:on_train_batch_end:39 - Epoch 0, Step 1561: train_loss = 3.6389
2025-06-23 16:18:20.566 | INFO     | __main__:on_train_batch_end:39 - Epoch 0, Step 1562: train_loss = 11.4363
2025-06-23 16:18:20.839 | INFO     | __main__:on_train_batch_end:39 - Epoch 0, Step 1563: train_loss = 7.6475
2025-06-23 16:18:21.112 | INFO     | __main__:on_train_batch_end:39 - Epoch 0, Step 1564: train_loss = 18.3524
2025-06-23 16:18:21.386 | INFO     | __main__:on_train_batch_end:39 - Epoch 0, Step 1565: train_loss = 6.1340
2025-06-23 16:18:21.760 | INFO     | __main__:on_train_batch_end:39 - Epoch 0, Step 1566: train_loss = 9.1916
2025-06-23 16:18:22.025 | INFO     | __main__:on_train_batch_end:39 - Epoch 0, Step 1567: train_loss = 3.6352
2025-06-23 16:18:22.293 | INFO     | __main__:on_train_batch_end:39 - Epoch 0, Step 1568: train_loss = 26.5764
2025-06-23 16:18:22.564 | INFO     | __main__:on_train_batch_end:39 - Epoch 0, Step 1569: train_loss = 5.0082
2025-06-23 16:18:22.827 | INFO     | __main__:on_train_batch_end:39 - Epoch 0, Step 1570: train_loss = 5.1081
2025-06-23 16:18:23.091 | INFO     | __main__:on_train_batch_end:39 - Epoch 0, Step 1571: train_loss = 8.5666
2025-06-23 16:18:23.354 | INFO     | __main__:on_train_batch_end:39 - Epoch 0, Step 1572: train_loss = 20.8349
2025-06-23 16:18:23.630 | INFO     | __main__:on_train_batch_end:39 - Epoch 0, Step 1573: train_loss = 9.7599
2025-06-23 16:18:23.903 | INFO     | __main__:on_train_batch_end:39 - Epoch 0, Step 1574: train_loss = 4.4098
2025-06-23 16:18:24.173 | INFO     | __main__:on_train_batch_end:39 - Epoch 0, Step 1575: train_loss = 13.6759
2025-06-23 16:18:24.448 | INFO     | __main__:on_train_batch_end:39 - Epoch 0, Step 1576: train_loss = 12.4187
2025-06-23 16:18:24.725 | INFO     | __main__:on_train_batch_end:39 - Epoch 0, Step 1577: train_loss = 4.5365
2025-06-23 16:18:24.995 | INFO     | __main__:on_train_batch_end:39 - Epoch 0, Step 1578: train_loss = 6.4993
2025-06-23 16:18:25.261 | INFO     | __main__:on_train_batch_end:39 - Epoch 0, Step 1579: train_loss = 4.1242
2025-06-23 16:18:25.531 | INFO     | __main__:on_train_batch_end:39 - Epoch 0, Step 1580: train_loss = 8.4200
2025-06-23 16:18:25.803 | INFO     | __main__:on_train_batch_end:39 - Epoch 0, Step 1581: train_loss = 7.2567
2025-06-23 16:18:26.080 | INFO     | __main__:on_train_batch_end:39 - Epoch 0, Step 1582: train_loss = 5.2854
2025-06-23 16:18:26.354 | INFO     | __main__:on_train_batch_end:39 - Epoch 0, Step 1583: train_loss = 13.0552
2025-06-23 16:18:26.630 | INFO     | __main__:on_train_batch_end:39 - Epoch 0, Step 1584: train_loss = 7.1324
2025-06-23 16:18:26.900 | INFO     | __main__:on_train_batch_end:39 - Epoch 0, Step 1585: train_loss = 6.0811
2025-06-23 16:18:27.169 | INFO     | __main__:on_train_batch_end:39 - Epoch 0, Step 1586: train_loss = 5.6194
2025-06-23 16:18:27.439 | INFO     | __main__:on_train_batch_end:39 - Epoch 0, Step 1587: train_loss = 19.8564
2025-06-23 16:18:27.708 | INFO     | __main__:on_train_batch_end:39 - Epoch 0, Step 1588: train_loss = 3.6070
2025-06-23 16:18:27.978 | INFO     | __main__:on_train_batch_end:39 - Epoch 0, Step 1589: train_loss = 4.4826
2025-06-23 16:18:28.249 | INFO     | __main__:on_train_batch_end:39 - Epoch 0, Step 1590: train_loss = 4.5182
2025-06-23 16:18:28.532 | INFO     | __main__:on_train_batch_end:39 - Epoch 0, Step 1591: train_loss = 3.9173
2025-06-23 16:18:28.809 | INFO     | __main__:on_train_batch_end:39 - Epoch 0, Step 1592: train_loss = 3.7339
2025-06-23 16:18:29.077 | INFO     | __main__:on_train_batch_end:39 - Epoch 0, Step 1593: train_loss = 3.6873
2025-06-23 16:18:29.344 | INFO     | __main__:on_train_batch_end:39 - Epoch 0, Step 1594: train_loss = 6.1847
2025-06-23 16:18:29.613 | INFO     | __main__:on_train_batch_end:39 - Epoch 0, Step 1595: train_loss = 6.6651
2025-06-23 16:18:29.885 | INFO     | __main__:on_train_batch_end:39 - Epoch 0, Step 1596: train_loss = 4.6854
2025-06-23 16:18:30.154 | INFO     | __main__:on_train_batch_end:39 - Epoch 0, Step 1597: train_loss = 3.5781
2025-06-23 16:18:30.426 | INFO     | __main__:on_train_batch_end:39 - Epoch 0, Step 1598: train_loss = 16.0032
2025-06-23 16:18:30.693 | INFO     | __main__:on_train_batch_end:39 - Epoch 0, Step 1599: train_loss = 32.4482
2025-06-23 16:18:30.968 | INFO     | __main__:on_train_batch_end:39 - Epoch 0, Step 1600: train_loss = 4.9420
2025-06-23 16:18:31.246 | INFO     | __main__:on_train_batch_end:39 - Epoch 0, Step 1601: train_loss = 4.2431
2025-06-23 16:18:31.512 | INFO     | __main__:on_train_batch_end:39 - Epoch 0, Step 1602: train_loss = 6.1416
2025-06-23 16:18:31.778 | INFO     | __main__:on_train_batch_end:39 - Epoch 0, Step 1603: train_loss = 4.0090
2025-06-23 16:18:32.053 | INFO     | __main__:on_train_batch_end:39 - Epoch 0, Step 1604: train_loss = 4.2420
2025-06-23 16:18:32.324 | INFO     | __main__:on_train_batch_end:39 - Epoch 0, Step 1605: train_loss = 4.5479
2025-06-23 16:18:32.586 | INFO     | __main__:on_train_batch_end:39 - Epoch 0, Step 1606: train_loss = 6.9808
2025-06-23 16:18:32.848 | INFO     | __main__:on_train_batch_end:39 - Epoch 0, Step 1607: train_loss = 6.0307
2025-06-23 16:18:33.114 | INFO     | __main__:on_train_batch_end:39 - Epoch 0, Step 1608: train_loss = 15.5326
2025-06-23 16:18:33.377 | INFO     | __main__:on_train_batch_end:39 - Epoch 0, Step 1609: train_loss = 4.6434
2025-06-23 16:18:33.641 | INFO     | __main__:on_train_batch_end:39 - Epoch 0, Step 1610: train_loss = 8.0778
2025-06-23 16:18:33.911 | INFO     | __main__:on_train_batch_end:39 - Epoch 0, Step 1611: train_loss = 4.4397
2025-06-23 16:18:34.180 | INFO     | __main__:on_train_batch_end:39 - Epoch 0, Step 1612: train_loss = 14.0115
2025-06-23 16:18:34.447 | INFO     | __main__:on_train_batch_end:39 - Epoch 0, Step 1613: train_loss = 15.2673
2025-06-23 16:18:34.709 | INFO     | __main__:on_train_batch_end:39 - Epoch 0, Step 1614: train_loss = 10.3659
2025-06-23 16:18:34.975 | INFO     | __main__:on_train_batch_end:39 - Epoch 0, Step 1615: train_loss = 16.4770
2025-06-23 16:18:35.239 | INFO     | __main__:on_train_batch_end:39 - Epoch 0, Step 1616: train_loss = 23.2407
2025-06-23 16:18:35.509 | INFO     | __main__:on_train_batch_end:39 - Epoch 0, Step 1617: train_loss = 6.9386
2025-06-23 16:18:35.771 | INFO     | __main__:on_train_batch_end:39 - Epoch 0, Step 1618: train_loss = 16.5903
2025-06-23 16:18:36.038 | INFO     | __main__:on_train_batch_end:39 - Epoch 0, Step 1619: train_loss = 7.5933
2025-06-23 16:18:36.303 | INFO     | __main__:on_train_batch_end:39 - Epoch 0, Step 1620: train_loss = 6.5290
2025-06-23 16:18:36.568 | INFO     | __main__:on_train_batch_end:39 - Epoch 0, Step 1621: train_loss = 4.3734
2025-06-23 16:18:36.840 | INFO     | __main__:on_train_batch_end:39 - Epoch 0, Step 1622: train_loss = 5.0390
2025-06-23 16:18:37.115 | INFO     | __main__:on_train_batch_end:39 - Epoch 0, Step 1623: train_loss = 4.1498
2025-06-23 16:18:37.377 | INFO     | __main__:on_train_batch_end:39 - Epoch 0, Step 1624: train_loss = 3.7653
2025-06-23 16:18:37.640 | INFO     | __main__:on_train_batch_end:39 - Epoch 0, Step 1625: train_loss = 5.4891
2025-06-23 16:18:37.903 | INFO     | __main__:on_train_batch_end:39 - Epoch 0, Step 1626: train_loss = 5.4373
2025-06-23 16:18:38.167 | INFO     | __main__:on_train_batch_end:39 - Epoch 0, Step 1627: train_loss = 5.7583
2025-06-23 16:18:38.432 | INFO     | __main__:on_train_batch_end:39 - Epoch 0, Step 1628: train_loss = 20.6578
2025-06-23 16:18:38.696 | INFO     | __main__:on_train_batch_end:39 - Epoch 0, Step 1629: train_loss = 3.8886
2025-06-23 16:18:38.961 | INFO     | __main__:on_train_batch_end:39 - Epoch 0, Step 1630: train_loss = 4.2753
2025-06-23 16:18:39.230 | INFO     | __main__:on_train_batch_end:39 - Epoch 0, Step 1631: train_loss = 21.3269
2025-06-23 16:18:39.495 | INFO     | __main__:on_train_batch_end:39 - Epoch 0, Step 1632: train_loss = 10.6090
2025-06-23 16:18:39.763 | INFO     | __main__:on_train_batch_end:39 - Epoch 0, Step 1633: train_loss = 4.5005
2025-06-23 16:18:40.027 | INFO     | __main__:on_train_batch_end:39 - Epoch 0, Step 1634: train_loss = 4.6194
2025-06-23 16:18:40.292 | INFO     | __main__:on_train_batch_end:39 - Epoch 0, Step 1635: train_loss = 3.7830
2025-06-23 16:18:40.555 | INFO     | __main__:on_train_batch_end:39 - Epoch 0, Step 1636: train_loss = 6.4480
2025-06-23 16:18:40.818 | INFO     | __main__:on_train_batch_end:39 - Epoch 0, Step 1637: train_loss = 21.8110
2025-06-23 16:18:41.081 | INFO     | __main__:on_train_batch_end:39 - Epoch 0, Step 1638: train_loss = 5.9530
2025-06-23 16:18:41.344 | INFO     | __main__:on_train_batch_end:39 - Epoch 0, Step 1639: train_loss = 5.9449
2025-06-23 16:18:41.607 | INFO     | __main__:on_train_batch_end:39 - Epoch 0, Step 1640: train_loss = 4.3206
2025-06-23 16:18:41.883 | INFO     | __main__:on_train_batch_end:39 - Epoch 0, Step 1641: train_loss = 13.4438
2025-06-23 16:18:42.160 | INFO     | __main__:on_train_batch_end:39 - Epoch 0, Step 1642: train_loss = 6.9068
2025-06-23 16:18:42.425 | INFO     | __main__:on_train_batch_end:39 - Epoch 0, Step 1643: train_loss = 8.3984
2025-06-23 16:18:42.697 | INFO     | __main__:on_train_batch_end:39 - Epoch 0, Step 1644: train_loss = 9.7774
2025-06-23 16:18:42.970 | INFO     | __main__:on_train_batch_end:39 - Epoch 0, Step 1645: train_loss = 6.3176
2025-06-23 16:18:43.238 | INFO     | __main__:on_train_batch_end:39 - Epoch 0, Step 1646: train_loss = 9.6393
2025-06-23 16:18:43.506 | INFO     | __main__:on_train_batch_end:39 - Epoch 0, Step 1647: train_loss = 9.9951
2025-06-23 16:18:43.774 | INFO     | __main__:on_train_batch_end:39 - Epoch 0, Step 1648: train_loss = 12.6719
2025-06-23 16:18:44.042 | INFO     | __main__:on_train_batch_end:39 - Epoch 0, Step 1649: train_loss = 9.8355
2025-06-23 16:18:44.307 | INFO     | __main__:on_train_batch_end:39 - Epoch 0, Step 1650: train_loss = 4.3177
2025-06-23 16:18:44.573 | INFO     | __main__:on_train_batch_end:39 - Epoch 0, Step 1651: train_loss = 3.8848
2025-06-23 16:18:44.837 | INFO     | __main__:on_train_batch_end:39 - Epoch 0, Step 1652: train_loss = 6.2728
2025-06-23 16:18:45.102 | INFO     | __main__:on_train_batch_end:39 - Epoch 0, Step 1653: train_loss = 4.9957
2025-06-23 16:18:45.365 | INFO     | __main__:on_train_batch_end:39 - Epoch 0, Step 1654: train_loss = 20.1592
2025-06-23 16:18:45.632 | INFO     | __main__:on_train_batch_end:39 - Epoch 0, Step 1655: train_loss = 6.6489
2025-06-23 16:18:45.898 | INFO     | __main__:on_train_batch_end:39 - Epoch 0, Step 1656: train_loss = 8.5923
2025-06-23 16:18:46.162 | INFO     | __main__:on_train_batch_end:39 - Epoch 0, Step 1657: train_loss = 11.9593
2025-06-23 16:18:46.426 | INFO     | __main__:on_train_batch_end:39 - Epoch 0, Step 1658: train_loss = 5.8472
2025-06-23 16:18:46.691 | INFO     | __main__:on_train_batch_end:39 - Epoch 0, Step 1659: train_loss = 9.7536
2025-06-23 16:18:46.956 | INFO     | __main__:on_train_batch_end:39 - Epoch 0, Step 1660: train_loss = 5.9188
2025-06-23 16:18:47.220 | INFO     | __main__:on_train_batch_end:39 - Epoch 0, Step 1661: train_loss = 4.4770
2025-06-23 16:18:47.483 | INFO     | __main__:on_train_batch_end:39 - Epoch 0, Step 1662: train_loss = 16.5532
2025-06-23 16:18:47.748 | INFO     | __main__:on_train_batch_end:39 - Epoch 0, Step 1663: train_loss = 7.8162
2025-06-23 16:18:48.012 | INFO     | __main__:on_train_batch_end:39 - Epoch 0, Step 1664: train_loss = 3.7741
2025-06-23 16:18:48.276 | INFO     | __main__:on_train_batch_end:39 - Epoch 0, Step 1665: train_loss = 3.8641
2025-06-23 16:18:48.537 | INFO     | __main__:on_train_batch_end:39 - Epoch 0, Step 1666: train_loss = 3.6437
2025-06-23 16:18:48.805 | INFO     | __main__:on_train_batch_end:39 - Epoch 0, Step 1667: train_loss = 21.0155
2025-06-23 16:18:49.068 | INFO     | __main__:on_train_batch_end:39 - Epoch 0, Step 1668: train_loss = 9.8953
2025-06-23 16:18:49.331 | INFO     | __main__:on_train_batch_end:39 - Epoch 0, Step 1669: train_loss = 8.6359
2025-06-23 16:18:49.594 | INFO     | __main__:on_train_batch_end:39 - Epoch 0, Step 1670: train_loss = 10.0185
2025-06-23 16:18:49.857 | INFO     | __main__:on_train_batch_end:39 - Epoch 0, Step 1671: train_loss = 4.4405
2025-06-23 16:18:50.121 | INFO     | __main__:on_train_batch_end:39 - Epoch 0, Step 1672: train_loss = 10.1320
2025-06-23 16:18:50.384 | INFO     | __main__:on_train_batch_end:39 - Epoch 0, Step 1673: train_loss = 4.1301
2025-06-23 16:18:50.645 | INFO     | __main__:on_train_batch_end:39 - Epoch 0, Step 1674: train_loss = 3.6346
2025-06-23 16:18:50.907 | INFO     | __main__:on_train_batch_end:39 - Epoch 0, Step 1675: train_loss = 11.9101
2025-06-23 16:18:51.175 | INFO     | __main__:on_train_batch_end:39 - Epoch 0, Step 1676: train_loss = 18.6086
2025-06-23 16:18:51.440 | INFO     | __main__:on_train_batch_end:39 - Epoch 0, Step 1677: train_loss = 9.0084
2025-06-23 16:18:51.704 | INFO     | __main__:on_train_batch_end:39 - Epoch 0, Step 1678: train_loss = 6.6673
2025-06-23 16:18:51.970 | INFO     | __main__:on_train_batch_end:39 - Epoch 0, Step 1679: train_loss = 3.8000
2025-06-23 16:18:52.239 | INFO     | __main__:on_train_batch_end:39 - Epoch 0, Step 1680: train_loss = 9.5869
2025-06-23 16:18:52.505 | INFO     | __main__:on_train_batch_end:39 - Epoch 0, Step 1681: train_loss = 15.8469
2025-06-23 16:18:52.775 | INFO     | __main__:on_train_batch_end:39 - Epoch 0, Step 1682: train_loss = 3.8651
2025-06-23 16:18:53.039 | INFO     | __main__:on_train_batch_end:39 - Epoch 0, Step 1683: train_loss = 4.2356
2025-06-23 16:18:53.302 | INFO     | __main__:on_train_batch_end:39 - Epoch 0, Step 1684: train_loss = 8.2612
2025-06-23 16:18:53.567 | INFO     | __main__:on_train_batch_end:39 - Epoch 0, Step 1685: train_loss = 9.9017
2025-06-23 16:18:53.934 | INFO     | __main__:on_train_batch_end:39 - Epoch 0, Step 1686: train_loss = 22.4599
2025-06-23 16:18:54.196 | INFO     | __main__:on_train_batch_end:39 - Epoch 0, Step 1687: train_loss = 6.1684
2025-06-23 16:18:54.467 | INFO     | __main__:on_train_batch_end:39 - Epoch 0, Step 1688: train_loss = 10.7788
2025-06-23 16:18:54.733 | INFO     | __main__:on_train_batch_end:39 - Epoch 0, Step 1689: train_loss = 4.7639
2025-06-23 16:18:55.000 | INFO     | __main__:on_train_batch_end:39 - Epoch 0, Step 1690: train_loss = 3.6887
2025-06-23 16:18:55.264 | INFO     | __main__:on_train_batch_end:39 - Epoch 0, Step 1691: train_loss = 14.5726
2025-06-23 16:18:55.524 | INFO     | __main__:on_train_batch_end:39 - Epoch 0, Step 1692: train_loss = 3.6731
2025-06-23 16:18:55.794 | INFO     | __main__:on_train_batch_end:39 - Epoch 0, Step 1693: train_loss = 5.3098
2025-06-23 16:18:56.068 | INFO     | __main__:on_train_batch_end:39 - Epoch 0, Step 1694: train_loss = 7.8043
2025-06-23 16:18:56.342 | INFO     | __main__:on_train_batch_end:39 - Epoch 0, Step 1695: train_loss = 4.1210
2025-06-23 16:18:56.618 | INFO     | __main__:on_train_batch_end:39 - Epoch 0, Step 1696: train_loss = 35.0633
2025-06-23 16:18:56.888 | INFO     | __main__:on_train_batch_end:39 - Epoch 0, Step 1697: train_loss = 3.5548
2025-06-23 16:18:57.154 | INFO     | __main__:on_train_batch_end:39 - Epoch 0, Step 1698: train_loss = 4.2836
2025-06-23 16:18:57.423 | INFO     | __main__:on_train_batch_end:39 - Epoch 0, Step 1699: train_loss = 7.9720
2025-06-23 16:18:57.688 | INFO     | __main__:on_train_batch_end:39 - Epoch 0, Step 1700: train_loss = 6.3315
2025-06-23 16:18:57.955 | INFO     | __main__:on_train_batch_end:39 - Epoch 0, Step 1701: train_loss = 14.8393
2025-06-23 16:18:58.218 | INFO     | __main__:on_train_batch_end:39 - Epoch 0, Step 1702: train_loss = 6.2001
2025-06-23 16:18:58.483 | INFO     | __main__:on_train_batch_end:39 - Epoch 0, Step 1703: train_loss = 8.4917
2025-06-23 16:18:58.747 | INFO     | __main__:on_train_batch_end:39 - Epoch 0, Step 1704: train_loss = 4.9875
2025-06-23 16:18:59.008 | INFO     | __main__:on_train_batch_end:39 - Epoch 0, Step 1705: train_loss = 4.6381
2025-06-23 16:18:59.271 | INFO     | __main__:on_train_batch_end:39 - Epoch 0, Step 1706: train_loss = 6.5483
2025-06-23 16:18:59.534 | INFO     | __main__:on_train_batch_end:39 - Epoch 0, Step 1707: train_loss = 10.2461
2025-06-23 16:18:59.795 | INFO     | __main__:on_train_batch_end:39 - Epoch 0, Step 1708: train_loss = 4.8795
2025-06-23 16:19:00.058 | INFO     | __main__:on_train_batch_end:39 - Epoch 0, Step 1709: train_loss = 5.4165
2025-06-23 16:19:00.321 | INFO     | __main__:on_train_batch_end:39 - Epoch 0, Step 1710: train_loss = 21.0205
2025-06-23 16:19:00.583 | INFO     | __main__:on_train_batch_end:39 - Epoch 0, Step 1711: train_loss = 12.0106
2025-06-23 16:19:00.848 | INFO     | __main__:on_train_batch_end:39 - Epoch 0, Step 1712: train_loss = 3.8309
2025-06-23 16:19:01.109 | INFO     | __main__:on_train_batch_end:39 - Epoch 0, Step 1713: train_loss = 3.5548
2025-06-23 16:19:01.373 | INFO     | __main__:on_train_batch_end:39 - Epoch 0, Step 1714: train_loss = 7.5675
2025-06-23 16:19:01.636 | INFO     | __main__:on_train_batch_end:39 - Epoch 0, Step 1715: train_loss = 40.5802
2025-06-23 16:19:01.899 | INFO     | __main__:on_train_batch_end:39 - Epoch 0, Step 1716: train_loss = 5.9709
2025-06-23 16:19:02.162 | INFO     | __main__:on_train_batch_end:39 - Epoch 0, Step 1717: train_loss = 6.0836
2025-06-23 16:19:02.425 | INFO     | __main__:on_train_batch_end:39 - Epoch 0, Step 1718: train_loss = 6.9950
2025-06-23 16:19:02.686 | INFO     | __main__:on_train_batch_end:39 - Epoch 0, Step 1719: train_loss = 21.3096
2025-06-23 16:19:02.949 | INFO     | __main__:on_train_batch_end:39 - Epoch 0, Step 1720: train_loss = 5.4156
2025-06-23 16:19:03.215 | INFO     | __main__:on_train_batch_end:39 - Epoch 0, Step 1721: train_loss = 17.8122
2025-06-23 16:19:03.481 | INFO     | __main__:on_train_batch_end:39 - Epoch 0, Step 1722: train_loss = 16.5287
2025-06-23 16:19:03.745 | INFO     | __main__:on_train_batch_end:39 - Epoch 0, Step 1723: train_loss = 5.8753
2025-06-23 16:19:04.012 | INFO     | __main__:on_train_batch_end:39 - Epoch 0, Step 1724: train_loss = 6.2852
2025-06-23 16:19:04.281 | INFO     | __main__:on_train_batch_end:39 - Epoch 0, Step 1725: train_loss = 4.0689
2025-06-23 16:19:04.558 | INFO     | __main__:on_train_batch_end:39 - Epoch 0, Step 1726: train_loss = 4.1874
2025-06-23 16:19:04.841 | INFO     | __main__:on_train_batch_end:39 - Epoch 0, Step 1727: train_loss = 8.0866
2025-06-23 16:19:05.119 | INFO     | __main__:on_train_batch_end:39 - Epoch 0, Step 1728: train_loss = 3.6311
2025-06-23 16:19:05.387 | INFO     | __main__:on_train_batch_end:39 - Epoch 0, Step 1729: train_loss = 4.3086
2025-06-23 16:19:05.650 | INFO     | __main__:on_train_batch_end:39 - Epoch 0, Step 1730: train_loss = 14.4940
2025-06-23 16:19:05.915 | INFO     | __main__:on_train_batch_end:39 - Epoch 0, Step 1731: train_loss = 3.9622
2025-06-23 16:19:06.188 | INFO     | __main__:on_train_batch_end:39 - Epoch 0, Step 1732: train_loss = 5.5856
2025-06-23 16:19:06.464 | INFO     | __main__:on_train_batch_end:39 - Epoch 0, Step 1733: train_loss = 3.9716
2025-06-23 16:19:06.738 | INFO     | __main__:on_train_batch_end:39 - Epoch 0, Step 1734: train_loss = 7.6722
2025-06-23 16:19:07.031 | INFO     | __main__:on_train_batch_end:39 - Epoch 0, Step 1735: train_loss = 4.5437
2025-06-23 16:19:07.314 | INFO     | __main__:on_train_batch_end:39 - Epoch 0, Step 1736: train_loss = 3.7070
2025-06-23 16:19:07.582 | INFO     | __main__:on_train_batch_end:39 - Epoch 0, Step 1737: train_loss = 3.6607
2025-06-23 16:19:07.866 | INFO     | __main__:on_train_batch_end:39 - Epoch 0, Step 1738: train_loss = 5.4789
2025-06-23 16:19:08.151 | INFO     | __main__:on_train_batch_end:39 - Epoch 0, Step 1739: train_loss = 4.2150
2025-06-23 16:19:08.441 | INFO     | __main__:on_train_batch_end:39 - Epoch 0, Step 1740: train_loss = 5.4383
2025-06-23 16:19:08.716 | INFO     | __main__:on_train_batch_end:39 - Epoch 0, Step 1741: train_loss = 4.9184
2025-06-23 16:19:08.981 | INFO     | __main__:on_train_batch_end:39 - Epoch 0, Step 1742: train_loss = 4.7555
2025-06-23 16:19:09.254 | INFO     | __main__:on_train_batch_end:39 - Epoch 0, Step 1743: train_loss = 5.6087
2025-06-23 16:19:09.527 | INFO     | __main__:on_train_batch_end:39 - Epoch 0, Step 1744: train_loss = 4.8106
2025-06-23 16:19:09.801 | INFO     | __main__:on_train_batch_end:39 - Epoch 0, Step 1745: train_loss = 8.2469
2025-06-23 16:19:10.065 | INFO     | __main__:on_train_batch_end:39 - Epoch 0, Step 1746: train_loss = 3.6783
2025-06-23 16:19:10.340 | INFO     | __main__:on_train_batch_end:39 - Epoch 0, Step 1747: train_loss = 3.9870
2025-06-23 16:19:10.616 | INFO     | __main__:on_train_batch_end:39 - Epoch 0, Step 1748: train_loss = 6.2436
2025-06-23 16:19:10.890 | INFO     | __main__:on_train_batch_end:39 - Epoch 0, Step 1749: train_loss = 11.6309
2025-06-23 16:19:11.150 | INFO     | __main__:on_train_batch_end:39 - Epoch 0, Step 1750: train_loss = 4.2166
2025-06-23 16:19:11.416 | INFO     | __main__:on_train_batch_end:39 - Epoch 0, Step 1751: train_loss = 4.8881
2025-06-23 16:19:11.677 | INFO     | __main__:on_train_batch_end:39 - Epoch 0, Step 1752: train_loss = 4.4846
2025-06-23 16:19:11.938 | INFO     | __main__:on_train_batch_end:39 - Epoch 0, Step 1753: train_loss = 4.1672
2025-06-23 16:19:12.200 | INFO     | __main__:on_train_batch_end:39 - Epoch 0, Step 1754: train_loss = 8.9221
2025-06-23 16:19:12.461 | INFO     | __main__:on_train_batch_end:39 - Epoch 0, Step 1755: train_loss = 20.7775
2025-06-23 16:19:12.727 | INFO     | __main__:on_train_batch_end:39 - Epoch 0, Step 1756: train_loss = 16.7060
2025-06-23 16:19:12.994 | INFO     | __main__:on_train_batch_end:39 - Epoch 0, Step 1757: train_loss = 6.2724
2025-06-23 16:19:13.270 | INFO     | __main__:on_train_batch_end:39 - Epoch 0, Step 1758: train_loss = 19.4844
2025-06-23 16:19:13.546 | INFO     | __main__:on_train_batch_end:39 - Epoch 0, Step 1759: train_loss = 24.0278
2025-06-23 16:19:13.822 | INFO     | __main__:on_train_batch_end:39 - Epoch 0, Step 1760: train_loss = 20.5370
2025-06-23 16:19:14.090 | INFO     | __main__:on_train_batch_end:39 - Epoch 0, Step 1761: train_loss = 8.3300
2025-06-23 16:19:14.357 | INFO     | __main__:on_train_batch_end:39 - Epoch 0, Step 1762: train_loss = 3.7727
2025-06-23 16:19:14.631 | INFO     | __main__:on_train_batch_end:39 - Epoch 0, Step 1763: train_loss = 17.4520
2025-06-23 16:19:14.905 | INFO     | __main__:on_train_batch_end:39 - Epoch 0, Step 1764: train_loss = 4.3381
2025-06-23 16:19:15.178 | INFO     | __main__:on_train_batch_end:39 - Epoch 0, Step 1765: train_loss = 4.2036
2025-06-23 16:19:15.453 | INFO     | __main__:on_train_batch_end:39 - Epoch 0, Step 1766: train_loss = 19.3297
2025-06-23 16:19:15.731 | INFO     | __main__:on_train_batch_end:39 - Epoch 0, Step 1767: train_loss = 25.2510
2025-06-23 16:19:16.007 | INFO     | __main__:on_train_batch_end:39 - Epoch 0, Step 1768: train_loss = 3.8631
2025-06-23 16:19:16.284 | INFO     | __main__:on_train_batch_end:39 - Epoch 0, Step 1769: train_loss = 12.6866
2025-06-23 16:19:16.549 | INFO     | __main__:on_train_batch_end:39 - Epoch 0, Step 1770: train_loss = 8.8602
2025-06-23 16:19:16.812 | INFO     | __main__:on_train_batch_end:39 - Epoch 0, Step 1771: train_loss = 5.0423
2025-06-23 16:19:17.088 | INFO     | __main__:on_train_batch_end:39 - Epoch 0, Step 1772: train_loss = 7.0170
2025-06-23 16:19:17.371 | INFO     | __main__:on_train_batch_end:39 - Epoch 0, Step 1773: train_loss = 5.0084
2025-06-23 16:19:17.651 | INFO     | __main__:on_train_batch_end:39 - Epoch 0, Step 1774: train_loss = 22.0977
2025-06-23 16:19:17.928 | INFO     | __main__:on_train_batch_end:39 - Epoch 0, Step 1775: train_loss = 7.6858
2025-06-23 16:19:18.196 | INFO     | __main__:on_train_batch_end:39 - Epoch 0, Step 1776: train_loss = 4.1392
2025-06-23 16:19:18.463 | INFO     | __main__:on_train_batch_end:39 - Epoch 0, Step 1777: train_loss = 4.2012
2025-06-23 16:19:18.733 | INFO     | __main__:on_train_batch_end:39 - Epoch 0, Step 1778: train_loss = 5.4049
2025-06-23 16:19:18.999 | INFO     | __main__:on_train_batch_end:39 - Epoch 0, Step 1779: train_loss = 7.6654
2025-06-23 16:19:19.264 | INFO     | __main__:on_train_batch_end:39 - Epoch 0, Step 1780: train_loss = 22.4076
2025-06-23 16:19:19.531 | INFO     | __main__:on_train_batch_end:39 - Epoch 0, Step 1781: train_loss = 3.7986
2025-06-23 16:19:19.793 | INFO     | __main__:on_train_batch_end:39 - Epoch 0, Step 1782: train_loss = 8.8591
2025-06-23 16:19:20.058 | INFO     | __main__:on_train_batch_end:39 - Epoch 0, Step 1783: train_loss = 8.3196
2025-06-23 16:19:20.341 | INFO     | __main__:on_train_batch_end:39 - Epoch 0, Step 1784: train_loss = 16.1030
2025-06-23 16:19:20.605 | INFO     | __main__:on_train_batch_end:39 - Epoch 0, Step 1785: train_loss = 7.1850
2025-06-23 16:19:20.867 | INFO     | __main__:on_train_batch_end:39 - Epoch 0, Step 1786: train_loss = 16.7770
2025-06-23 16:19:21.128 | INFO     | __main__:on_train_batch_end:39 - Epoch 0, Step 1787: train_loss = 7.8706
2025-06-23 16:19:21.399 | INFO     | __main__:on_train_batch_end:39 - Epoch 0, Step 1788: train_loss = 4.2992
2025-06-23 16:19:21.682 | INFO     | __main__:on_train_batch_end:39 - Epoch 0, Step 1789: train_loss = 17.7226
2025-06-23 16:19:21.950 | INFO     | __main__:on_train_batch_end:39 - Epoch 0, Step 1790: train_loss = 4.8780
2025-06-23 16:19:22.215 | INFO     | __main__:on_train_batch_end:39 - Epoch 0, Step 1791: train_loss = 11.7269
2025-06-23 16:19:22.490 | INFO     | __main__:on_train_batch_end:39 - Epoch 0, Step 1792: train_loss = 10.0703
2025-06-23 16:19:22.765 | INFO     | __main__:on_train_batch_end:39 - Epoch 0, Step 1793: train_loss = 8.8910
2025-06-23 16:19:23.041 | INFO     | __main__:on_train_batch_end:39 - Epoch 0, Step 1794: train_loss = 12.0760
2025-06-23 16:19:23.309 | INFO     | __main__:on_train_batch_end:39 - Epoch 0, Step 1795: train_loss = 5.3069
2025-06-23 16:19:23.573 | INFO     | __main__:on_train_batch_end:39 - Epoch 0, Step 1796: train_loss = 11.4734
2025-06-23 16:19:23.837 | INFO     | __main__:on_train_batch_end:39 - Epoch 0, Step 1797: train_loss = 3.7929
2025-06-23 16:19:24.103 | INFO     | __main__:on_train_batch_end:39 - Epoch 0, Step 1798: train_loss = 5.6632
2025-06-23 16:19:24.366 | INFO     | __main__:on_train_batch_end:39 - Epoch 0, Step 1799: train_loss = 6.3560
2025-06-23 16:19:24.629 | INFO     | __main__:on_train_batch_end:39 - Epoch 0, Step 1800: train_loss = 10.9216
2025-06-23 16:19:24.895 | INFO     | __main__:on_train_batch_end:39 - Epoch 0, Step 1801: train_loss = 5.5877
2025-06-23 16:19:25.165 | INFO     | __main__:on_train_batch_end:39 - Epoch 0, Step 1802: train_loss = 5.0519
2025-06-23 16:19:25.429 | INFO     | __main__:on_train_batch_end:39 - Epoch 0, Step 1803: train_loss = 7.8847
2025-06-23 16:19:25.694 | INFO     | __main__:on_train_batch_end:39 - Epoch 0, Step 1804: train_loss = 10.7193
2025-06-23 16:19:25.956 | INFO     | __main__:on_train_batch_end:39 - Epoch 0, Step 1805: train_loss = 3.8117
2025-06-23 16:19:26.321 | INFO     | __main__:on_train_batch_end:39 - Epoch 0, Step 1806: train_loss = 12.2615
2025-06-23 16:19:26.581 | INFO     | __main__:on_train_batch_end:39 - Epoch 0, Step 1807: train_loss = 18.5778
2025-06-23 16:19:26.843 | INFO     | __main__:on_train_batch_end:39 - Epoch 0, Step 1808: train_loss = 29.6269
2025-06-23 16:19:27.104 | INFO     | __main__:on_train_batch_end:39 - Epoch 0, Step 1809: train_loss = 4.7073
2025-06-23 16:19:27.367 | INFO     | __main__:on_train_batch_end:39 - Epoch 0, Step 1810: train_loss = 5.3808
2025-06-23 16:19:27.627 | INFO     | __main__:on_train_batch_end:39 - Epoch 0, Step 1811: train_loss = 7.3470
2025-06-23 16:19:27.893 | INFO     | __main__:on_train_batch_end:39 - Epoch 0, Step 1812: train_loss = 3.7146
2025-06-23 16:19:28.154 | INFO     | __main__:on_train_batch_end:39 - Epoch 0, Step 1813: train_loss = 4.0614
2025-06-23 16:19:28.429 | INFO     | __main__:on_train_batch_end:39 - Epoch 0, Step 1814: train_loss = 7.5793
2025-06-23 16:19:28.693 | INFO     | __main__:on_train_batch_end:39 - Epoch 0, Step 1815: train_loss = 5.8297
2025-06-23 16:19:28.954 | INFO     | __main__:on_train_batch_end:39 - Epoch 0, Step 1816: train_loss = 3.9858
2025-06-23 16:19:29.218 | INFO     | __main__:on_train_batch_end:39 - Epoch 0, Step 1817: train_loss = 20.5975
2025-06-23 16:19:29.481 | INFO     | __main__:on_train_batch_end:39 - Epoch 0, Step 1818: train_loss = 9.0526
2025-06-23 16:19:29.744 | INFO     | __main__:on_train_batch_end:39 - Epoch 0, Step 1819: train_loss = 6.7819
2025-06-23 16:19:30.005 | INFO     | __main__:on_train_batch_end:39 - Epoch 0, Step 1820: train_loss = 5.7340
2025-06-23 16:19:30.269 | INFO     | __main__:on_train_batch_end:39 - Epoch 0, Step 1821: train_loss = 3.6326
2025-06-23 16:19:30.531 | INFO     | __main__:on_train_batch_end:39 - Epoch 0, Step 1822: train_loss = 4.6314
2025-06-23 16:19:30.795 | INFO     | __main__:on_train_batch_end:39 - Epoch 0, Step 1823: train_loss = 8.3467
2025-06-23 16:19:31.059 | INFO     | __main__:on_train_batch_end:39 - Epoch 0, Step 1824: train_loss = 18.4350
2025-06-23 16:19:31.323 | INFO     | __main__:on_train_batch_end:39 - Epoch 0, Step 1825: train_loss = 7.0884
2025-06-23 16:19:31.585 | INFO     | __main__:on_train_batch_end:39 - Epoch 0, Step 1826: train_loss = 3.9604
2025-06-23 16:19:31.847 | INFO     | __main__:on_train_batch_end:39 - Epoch 0, Step 1827: train_loss = 6.9735
2025-06-23 16:19:32.109 | INFO     | __main__:on_train_batch_end:39 - Epoch 0, Step 1828: train_loss = 3.9559
2025-06-23 16:19:32.372 | INFO     | __main__:on_train_batch_end:39 - Epoch 0, Step 1829: train_loss = 23.8772
2025-06-23 16:19:32.636 | INFO     | __main__:on_train_batch_end:39 - Epoch 0, Step 1830: train_loss = 29.8723
2025-06-23 16:19:32.897 | INFO     | __main__:on_train_batch_end:39 - Epoch 0, Step 1831: train_loss = 5.8626
2025-06-23 16:19:33.160 | INFO     | __main__:on_train_batch_end:39 - Epoch 0, Step 1832: train_loss = 18.0700
2025-06-23 16:19:33.425 | INFO     | __main__:on_train_batch_end:39 - Epoch 0, Step 1833: train_loss = 13.9451
2025-06-23 16:19:33.703 | INFO     | __main__:on_train_batch_end:39 - Epoch 0, Step 1834: train_loss = 5.0849
2025-06-23 16:19:33.969 | INFO     | __main__:on_train_batch_end:39 - Epoch 0, Step 1835: train_loss = 4.0988
2025-06-23 16:19:34.232 | INFO     | __main__:on_train_batch_end:39 - Epoch 0, Step 1836: train_loss = 8.4994
2025-06-23 16:19:34.493 | INFO     | __main__:on_train_batch_end:39 - Epoch 0, Step 1837: train_loss = 28.5329
2025-06-23 16:19:34.757 | INFO     | __main__:on_train_batch_end:39 - Epoch 0, Step 1838: train_loss = 6.3202
2025-06-23 16:19:35.020 | INFO     | __main__:on_train_batch_end:39 - Epoch 0, Step 1839: train_loss = 6.6647
2025-06-23 16:19:35.285 | INFO     | __main__:on_train_batch_end:39 - Epoch 0, Step 1840: train_loss = 3.7776
2025-06-23 16:19:35.547 | INFO     | __main__:on_train_batch_end:39 - Epoch 0, Step 1841: train_loss = 6.8836
2025-06-23 16:19:35.809 | INFO     | __main__:on_train_batch_end:39 - Epoch 0, Step 1842: train_loss = 3.5580
2025-06-23 16:19:36.070 | INFO     | __main__:on_train_batch_end:39 - Epoch 0, Step 1843: train_loss = 3.9169
2025-06-23 16:19:36.334 | INFO     | __main__:on_train_batch_end:39 - Epoch 0, Step 1844: train_loss = 9.3971
2025-06-23 16:19:36.596 | INFO     | __main__:on_train_batch_end:39 - Epoch 0, Step 1845: train_loss = 15.7905
2025-06-23 16:19:36.864 | INFO     | __main__:on_train_batch_end:39 - Epoch 0, Step 1846: train_loss = 4.7150
2025-06-23 16:19:37.128 | INFO     | __main__:on_train_batch_end:39 - Epoch 0, Step 1847: train_loss = 3.9800
2025-06-23 16:19:37.394 | INFO     | __main__:on_train_batch_end:39 - Epoch 0, Step 1848: train_loss = 8.6443
2025-06-23 16:19:37.657 | INFO     | __main__:on_train_batch_end:39 - Epoch 0, Step 1849: train_loss = 14.7145
2025-06-23 16:19:37.923 | INFO     | __main__:on_train_batch_end:39 - Epoch 0, Step 1850: train_loss = 11.3948
2025-06-23 16:19:38.189 | INFO     | __main__:on_train_batch_end:39 - Epoch 0, Step 1851: train_loss = 20.9966
2025-06-23 16:19:38.459 | INFO     | __main__:on_train_batch_end:39 - Epoch 0, Step 1852: train_loss = 7.7820
2025-06-23 16:19:38.722 | INFO     | __main__:on_train_batch_end:39 - Epoch 0, Step 1853: train_loss = 4.2212
2025-06-23 16:19:38.988 | INFO     | __main__:on_train_batch_end:39 - Epoch 0, Step 1854: train_loss = 21.7265
2025-06-23 16:19:39.250 | INFO     | __main__:on_train_batch_end:39 - Epoch 0, Step 1855: train_loss = 4.2227
2025-06-23 16:19:39.515 | INFO     | __main__:on_train_batch_end:39 - Epoch 0, Step 1856: train_loss = 8.1264
2025-06-23 16:19:39.788 | INFO     | __main__:on_train_batch_end:39 - Epoch 0, Step 1857: train_loss = 5.8042
2025-06-23 16:19:40.052 | INFO     | __main__:on_train_batch_end:39 - Epoch 0, Step 1858: train_loss = 5.0560
2025-06-23 16:19:40.320 | INFO     | __main__:on_train_batch_end:39 - Epoch 0, Step 1859: train_loss = 11.1172
2025-06-23 16:19:40.584 | INFO     | __main__:on_train_batch_end:39 - Epoch 0, Step 1860: train_loss = 4.7780
2025-06-23 16:19:40.849 | INFO     | __main__:on_train_batch_end:39 - Epoch 0, Step 1861: train_loss = 6.8378
2025-06-23 16:19:41.114 | INFO     | __main__:on_train_batch_end:39 - Epoch 0, Step 1862: train_loss = 9.6770
2025-06-23 16:19:41.376 | INFO     | __main__:on_train_batch_end:39 - Epoch 0, Step 1863: train_loss = 3.7129
2025-06-23 16:19:41.639 | INFO     | __main__:on_train_batch_end:39 - Epoch 0, Step 1864: train_loss = 4.0828
2025-06-23 16:19:41.906 | INFO     | __main__:on_train_batch_end:39 - Epoch 0, Step 1865: train_loss = 6.9854
2025-06-23 16:19:42.172 | INFO     | __main__:on_train_batch_end:39 - Epoch 0, Step 1866: train_loss = 27.8787
2025-06-23 16:19:42.441 | INFO     | __main__:on_train_batch_end:39 - Epoch 0, Step 1867: train_loss = 7.6311
2025-06-23 16:19:42.707 | INFO     | __main__:on_train_batch_end:39 - Epoch 0, Step 1868: train_loss = 6.8588
2025-06-23 16:19:42.976 | INFO     | __main__:on_train_batch_end:39 - Epoch 0, Step 1869: train_loss = 4.7949
2025-06-23 16:19:43.243 | INFO     | __main__:on_train_batch_end:39 - Epoch 0, Step 1870: train_loss = 18.8133
2025-06-23 16:19:43.511 | INFO     | __main__:on_train_batch_end:39 - Epoch 0, Step 1871: train_loss = 4.3539
2025-06-23 16:19:43.776 | INFO     | __main__:on_train_batch_end:39 - Epoch 0, Step 1872: train_loss = 4.1125
2025-06-23 16:19:44.041 | INFO     | __main__:on_train_batch_end:39 - Epoch 0, Step 1873: train_loss = 5.1282
2025-06-23 16:19:44.311 | INFO     | __main__:on_train_batch_end:39 - Epoch 0, Step 1874: train_loss = 5.3059
2025-06-23 16:19:44.576 | INFO     | __main__:on_train_batch_end:39 - Epoch 0, Step 1875: train_loss = 4.3210
2025-06-23 16:19:44.838 | INFO     | __main__:on_train_batch_end:39 - Epoch 0, Step 1876: train_loss = 4.1845
2025-06-23 16:19:45.102 | INFO     | __main__:on_train_batch_end:39 - Epoch 0, Step 1877: train_loss = 19.7968
2025-06-23 16:19:45.365 | INFO     | __main__:on_train_batch_end:39 - Epoch 0, Step 1878: train_loss = 3.7738
2025-06-23 16:19:45.628 | INFO     | __main__:on_train_batch_end:39 - Epoch 0, Step 1879: train_loss = 3.8511
2025-06-23 16:19:45.894 | INFO     | __main__:on_train_batch_end:39 - Epoch 0, Step 1880: train_loss = 4.0211
2025-06-23 16:19:46.170 | INFO     | __main__:on_train_batch_end:39 - Epoch 0, Step 1881: train_loss = 23.0721
2025-06-23 16:19:46.443 | INFO     | __main__:on_train_batch_end:39 - Epoch 0, Step 1882: train_loss = 5.9234
2025-06-23 16:19:46.708 | INFO     | __main__:on_train_batch_end:39 - Epoch 0, Step 1883: train_loss = 4.2053
2025-06-23 16:19:46.971 | INFO     | __main__:on_train_batch_end:39 - Epoch 0, Step 1884: train_loss = 5.7348
2025-06-23 16:19:47.239 | INFO     | __main__:on_train_batch_end:39 - Epoch 0, Step 1885: train_loss = 17.4890
2025-06-23 16:19:47.512 | INFO     | __main__:on_train_batch_end:39 - Epoch 0, Step 1886: train_loss = 21.1790
2025-06-23 16:19:47.787 | INFO     | __main__:on_train_batch_end:39 - Epoch 0, Step 1887: train_loss = 4.1618
2025-06-23 16:19:48.057 | INFO     | __main__:on_train_batch_end:39 - Epoch 0, Step 1888: train_loss = 3.6887
2025-06-23 16:19:48.323 | INFO     | __main__:on_train_batch_end:39 - Epoch 0, Step 1889: train_loss = 9.0260
2025-06-23 16:19:48.589 | INFO     | __main__:on_train_batch_end:39 - Epoch 0, Step 1890: train_loss = 3.9520
2025-06-23 16:19:48.856 | INFO     | __main__:on_train_batch_end:39 - Epoch 0, Step 1891: train_loss = 3.8367
2025-06-23 16:19:49.121 | INFO     | __main__:on_train_batch_end:39 - Epoch 0, Step 1892: train_loss = 13.2218
2025-06-23 16:19:49.385 | INFO     | __main__:on_train_batch_end:39 - Epoch 0, Step 1893: train_loss = 6.3730
2025-06-23 16:19:49.652 | INFO     | __main__:on_train_batch_end:39 - Epoch 0, Step 1894: train_loss = 10.7352
2025-06-23 16:19:49.918 | INFO     | __main__:on_train_batch_end:39 - Epoch 0, Step 1895: train_loss = 21.6647
2025-06-23 16:19:50.190 | INFO     | __main__:on_train_batch_end:39 - Epoch 0, Step 1896: train_loss = 20.7342
2025-06-23 16:19:50.455 | INFO     | __main__:on_train_batch_end:39 - Epoch 0, Step 1897: train_loss = 23.1644
2025-06-23 16:19:50.720 | INFO     | __main__:on_train_batch_end:39 - Epoch 0, Step 1898: train_loss = 4.6757
2025-06-23 16:19:50.981 | INFO     | __main__:on_train_batch_end:39 - Epoch 0, Step 1899: train_loss = 11.1195
2025-06-23 16:19:51.247 | INFO     | __main__:on_train_batch_end:39 - Epoch 0, Step 1900: train_loss = 19.5318
2025-06-23 16:19:51.514 | INFO     | __main__:on_train_batch_end:39 - Epoch 0, Step 1901: train_loss = 3.6656
2025-06-23 16:19:51.779 | INFO     | __main__:on_train_batch_end:39 - Epoch 0, Step 1902: train_loss = 3.8581
2025-06-23 16:19:52.042 | INFO     | __main__:on_train_batch_end:39 - Epoch 0, Step 1903: train_loss = 3.9460
2025-06-23 16:19:52.309 | INFO     | __main__:on_train_batch_end:39 - Epoch 0, Step 1904: train_loss = 6.0069
2025-06-23 16:19:52.572 | INFO     | __main__:on_train_batch_end:39 - Epoch 0, Step 1905: train_loss = 20.0148
2025-06-23 16:19:52.838 | INFO     | __main__:on_train_batch_end:39 - Epoch 0, Step 1906: train_loss = 12.9672
2025-06-23 16:19:53.103 | INFO     | __main__:on_train_batch_end:39 - Epoch 0, Step 1907: train_loss = 5.9809
2025-06-23 16:19:53.367 | INFO     | __main__:on_train_batch_end:39 - Epoch 0, Step 1908: train_loss = 16.3558
2025-06-23 16:19:53.641 | INFO     | __main__:on_train_batch_end:39 - Epoch 0, Step 1909: train_loss = 5.7466
2025-06-23 16:19:53.911 | INFO     | __main__:on_train_batch_end:39 - Epoch 0, Step 1910: train_loss = 18.4057
2025-06-23 16:19:54.174 | INFO     | __main__:on_train_batch_end:39 - Epoch 0, Step 1911: train_loss = 12.3808
2025-06-23 16:19:54.440 | INFO     | __main__:on_train_batch_end:39 - Epoch 0, Step 1912: train_loss = 5.9019
2025-06-23 16:19:54.707 | INFO     | __main__:on_train_batch_end:39 - Epoch 0, Step 1913: train_loss = 3.5749
2025-06-23 16:19:54.975 | INFO     | __main__:on_train_batch_end:39 - Epoch 0, Step 1914: train_loss = 4.1112
2025-06-23 16:19:55.239 | INFO     | __main__:on_train_batch_end:39 - Epoch 0, Step 1915: train_loss = 5.7155
2025-06-23 16:19:55.501 | INFO     | __main__:on_train_batch_end:39 - Epoch 0, Step 1916: train_loss = 5.8461
2025-06-23 16:19:55.767 | INFO     | __main__:on_train_batch_end:39 - Epoch 0, Step 1917: train_loss = 11.9854
2025-06-23 16:19:56.030 | INFO     | __main__:on_train_batch_end:39 - Epoch 0, Step 1918: train_loss = 17.9354
2025-06-23 16:19:56.294 | INFO     | __main__:on_train_batch_end:39 - Epoch 0, Step 1919: train_loss = 23.5548
2025-06-23 16:19:56.556 | INFO     | __main__:on_train_batch_end:39 - Epoch 0, Step 1920: train_loss = 4.5465
2025-06-23 16:19:56.818 | INFO     | __main__:on_train_batch_end:39 - Epoch 0, Step 1921: train_loss = 4.2886
2025-06-23 16:19:57.079 | INFO     | __main__:on_train_batch_end:39 - Epoch 0, Step 1922: train_loss = 4.0053
2025-06-23 16:19:57.340 | INFO     | __main__:on_train_batch_end:39 - Epoch 0, Step 1923: train_loss = 13.5340
2025-06-23 16:19:57.607 | INFO     | __main__:on_train_batch_end:39 - Epoch 0, Step 1924: train_loss = 3.5032
2025-06-23 16:19:57.875 | INFO     | __main__:on_train_batch_end:39 - Epoch 0, Step 1925: train_loss = 4.1164
2025-06-23 16:19:58.233 | INFO     | __main__:on_train_batch_end:39 - Epoch 0, Step 1926: train_loss = 14.4387
2025-06-23 16:19:58.500 | INFO     | __main__:on_train_batch_end:39 - Epoch 0, Step 1927: train_loss = 21.1775
2025-06-23 16:19:58.768 | INFO     | __main__:on_train_batch_end:39 - Epoch 0, Step 1928: train_loss = 6.5681
2025-06-23 16:19:59.034 | INFO     | __main__:on_train_batch_end:39 - Epoch 0, Step 1929: train_loss = 4.1163
2025-06-23 16:19:59.301 | INFO     | __main__:on_train_batch_end:39 - Epoch 0, Step 1930: train_loss = 4.6135
2025-06-23 16:19:59.569 | INFO     | __main__:on_train_batch_end:39 - Epoch 0, Step 1931: train_loss = 6.4178
2025-06-23 16:19:59.832 | INFO     | __main__:on_train_batch_end:39 - Epoch 0, Step 1932: train_loss = 8.0047
2025-06-23 16:20:00.096 | INFO     | __main__:on_train_batch_end:39 - Epoch 0, Step 1933: train_loss = 8.7595
2025-06-23 16:20:00.358 | INFO     | __main__:on_train_batch_end:39 - Epoch 0, Step 1934: train_loss = 14.5245
2025-06-23 16:20:00.621 | INFO     | __main__:on_train_batch_end:39 - Epoch 0, Step 1935: train_loss = 3.8827
2025-06-23 16:20:00.890 | INFO     | __main__:on_train_batch_end:39 - Epoch 0, Step 1936: train_loss = 6.2370
2025-06-23 16:20:01.153 | INFO     | __main__:on_train_batch_end:39 - Epoch 0, Step 1937: train_loss = 13.7785
2025-06-23 16:20:01.422 | INFO     | __main__:on_train_batch_end:39 - Epoch 0, Step 1938: train_loss = 3.9774
2025-06-23 16:20:01.691 | INFO     | __main__:on_train_batch_end:39 - Epoch 0, Step 1939: train_loss = 12.3039
2025-06-23 16:20:01.955 | INFO     | __main__:on_train_batch_end:39 - Epoch 0, Step 1940: train_loss = 7.6640
2025-06-23 16:20:02.222 | INFO     | __main__:on_train_batch_end:39 - Epoch 0, Step 1941: train_loss = 5.1309
2025-06-23 16:20:02.487 | INFO     | __main__:on_train_batch_end:39 - Epoch 0, Step 1942: train_loss = 4.0115
2025-06-23 16:20:02.750 | INFO     | __main__:on_train_batch_end:39 - Epoch 0, Step 1943: train_loss = 4.2671
2025-06-23 16:20:03.011 | INFO     | __main__:on_train_batch_end:39 - Epoch 0, Step 1944: train_loss = 10.5958
2025-06-23 16:20:03.276 | INFO     | __main__:on_train_batch_end:39 - Epoch 0, Step 1945: train_loss = 8.3706
2025-06-23 16:20:03.540 | INFO     | __main__:on_train_batch_end:39 - Epoch 0, Step 1946: train_loss = 4.7974
2025-06-23 16:20:03.806 | INFO     | __main__:on_train_batch_end:39 - Epoch 0, Step 1947: train_loss = 14.2339
2025-06-23 16:20:04.070 | INFO     | __main__:on_train_batch_end:39 - Epoch 0, Step 1948: train_loss = 5.5327
2025-06-23 16:20:04.333 | INFO     | __main__:on_train_batch_end:39 - Epoch 0, Step 1949: train_loss = 3.9932
2025-06-23 16:20:04.593 | INFO     | __main__:on_train_batch_end:39 - Epoch 0, Step 1950: train_loss = 3.6211
2025-06-23 16:20:04.856 | INFO     | __main__:on_train_batch_end:39 - Epoch 0, Step 1951: train_loss = 4.7654
2025-06-23 16:20:05.118 | INFO     | __main__:on_train_batch_end:39 - Epoch 0, Step 1952: train_loss = 7.2493
2025-06-23 16:20:05.379 | INFO     | __main__:on_train_batch_end:39 - Epoch 0, Step 1953: train_loss = 3.6771
2025-06-23 16:20:05.641 | INFO     | __main__:on_train_batch_end:39 - Epoch 0, Step 1954: train_loss = 22.1510
2025-06-23 16:20:05.903 | INFO     | __main__:on_train_batch_end:39 - Epoch 0, Step 1955: train_loss = 3.7210
2025-06-23 16:20:06.168 | INFO     | __main__:on_train_batch_end:39 - Epoch 0, Step 1956: train_loss = 3.7825
2025-06-23 16:20:06.429 | INFO     | __main__:on_train_batch_end:39 - Epoch 0, Step 1957: train_loss = 5.3464
2025-06-23 16:20:06.690 | INFO     | __main__:on_train_batch_end:39 - Epoch 0, Step 1958: train_loss = 5.1103
2025-06-23 16:20:06.964 | INFO     | __main__:on_train_batch_end:39 - Epoch 0, Step 1959: train_loss = 3.8906
2025-06-23 16:20:07.230 | INFO     | __main__:on_train_batch_end:39 - Epoch 0, Step 1960: train_loss = 8.8060
2025-06-23 16:20:07.492 | INFO     | __main__:on_train_batch_end:39 - Epoch 0, Step 1961: train_loss = 3.9389
2025-06-23 16:20:07.775 | INFO     | __main__:on_train_batch_end:39 - Epoch 0, Step 1962: train_loss = 17.7767
2025-06-23 16:20:08.047 | INFO     | __main__:on_train_batch_end:39 - Epoch 0, Step 1963: train_loss = 7.7840
2025-06-23 16:20:08.312 | INFO     | __main__:on_train_batch_end:39 - Epoch 0, Step 1964: train_loss = 4.4420
2025-06-23 16:20:08.578 | INFO     | __main__:on_train_batch_end:39 - Epoch 0, Step 1965: train_loss = 5.5563
2025-06-23 16:20:08.858 | INFO     | __main__:on_train_batch_end:39 - Epoch 0, Step 1966: train_loss = 4.6248
2025-06-23 16:20:09.127 | INFO     | __main__:on_train_batch_end:39 - Epoch 0, Step 1967: train_loss = 18.9957
2025-06-23 16:20:09.389 | INFO     | __main__:on_train_batch_end:39 - Epoch 0, Step 1968: train_loss = 26.6855
2025-06-23 16:20:09.658 | INFO     | __main__:on_train_batch_end:39 - Epoch 0, Step 1969: train_loss = 8.4001
2025-06-23 16:20:09.941 | INFO     | __main__:on_train_batch_end:39 - Epoch 0, Step 1970: train_loss = 4.0337
2025-06-23 16:20:10.207 | INFO     | __main__:on_train_batch_end:39 - Epoch 0, Step 1971: train_loss = 16.5898
2025-06-23 16:20:10.482 | INFO     | __main__:on_train_batch_end:39 - Epoch 0, Step 1972: train_loss = 21.8416
2025-06-23 16:20:10.754 | INFO     | __main__:on_train_batch_end:39 - Epoch 0, Step 1973: train_loss = 4.8775
2025-06-23 16:20:11.020 | INFO     | __main__:on_train_batch_end:39 - Epoch 0, Step 1974: train_loss = 5.7477
2025-06-23 16:20:11.283 | INFO     | __main__:on_train_batch_end:39 - Epoch 0, Step 1975: train_loss = 9.0394
2025-06-23 16:20:11.544 | INFO     | __main__:on_train_batch_end:39 - Epoch 0, Step 1976: train_loss = 18.1013
2025-06-23 16:20:11.812 | INFO     | __main__:on_train_batch_end:39 - Epoch 0, Step 1977: train_loss = 3.8229
2025-06-23 16:20:12.073 | INFO     | __main__:on_train_batch_end:39 - Epoch 0, Step 1978: train_loss = 17.3099
2025-06-23 16:20:12.344 | INFO     | __main__:on_train_batch_end:39 - Epoch 0, Step 1979: train_loss = 12.1361
2025-06-23 16:20:12.609 | INFO     | __main__:on_train_batch_end:39 - Epoch 0, Step 1980: train_loss = 5.4449
2025-06-23 16:20:12.876 | INFO     | __main__:on_train_batch_end:39 - Epoch 0, Step 1981: train_loss = 16.4174
2025-06-23 16:20:13.140 | INFO     | __main__:on_train_batch_end:39 - Epoch 0, Step 1982: train_loss = 4.4028
2025-06-23 16:20:13.401 | INFO     | __main__:on_train_batch_end:39 - Epoch 0, Step 1983: train_loss = 5.3771
2025-06-23 16:20:13.676 | INFO     | __main__:on_train_batch_end:39 - Epoch 0, Step 1984: train_loss = 6.1268
2025-06-23 16:20:13.955 | INFO     | __main__:on_train_batch_end:39 - Epoch 0, Step 1985: train_loss = 11.2532
2025-06-23 16:20:14.221 | INFO     | __main__:on_train_batch_end:39 - Epoch 0, Step 1986: train_loss = 6.5517
2025-06-23 16:20:14.484 | INFO     | __main__:on_train_batch_end:39 - Epoch 0, Step 1987: train_loss = 16.9923
2025-06-23 16:20:14.746 | INFO     | __main__:on_train_batch_end:39 - Epoch 0, Step 1988: train_loss = 3.6848
2025-06-23 16:20:15.009 | INFO     | __main__:on_train_batch_end:39 - Epoch 0, Step 1989: train_loss = 13.8740
2025-06-23 16:20:15.274 | INFO     | __main__:on_train_batch_end:39 - Epoch 0, Step 1990: train_loss = 4.8850
2025-06-23 16:20:15.535 | INFO     | __main__:on_train_batch_end:39 - Epoch 0, Step 1991: train_loss = 4.6027
2025-06-23 16:20:15.803 | INFO     | __main__:on_train_batch_end:39 - Epoch 0, Step 1992: train_loss = 15.7457
2025-06-23 16:20:16.065 | INFO     | __main__:on_train_batch_end:39 - Epoch 0, Step 1993: train_loss = 7.2091
2025-06-23 16:20:16.331 | INFO     | __main__:on_train_batch_end:39 - Epoch 0, Step 1994: train_loss = 21.1062
2025-06-23 16:20:16.592 | INFO     | __main__:on_train_batch_end:39 - Epoch 0, Step 1995: train_loss = 10.7588
2025-06-23 16:20:16.856 | INFO     | __main__:on_train_batch_end:39 - Epoch 0, Step 1996: train_loss = 14.5257
2025-06-23 16:20:17.123 | INFO     | __main__:on_train_batch_end:39 - Epoch 0, Step 1997: train_loss = 5.0430
2025-06-23 16:20:17.388 | INFO     | __main__:on_train_batch_end:39 - Epoch 0, Step 1998: train_loss = 13.8417
2025-06-23 16:20:17.654 | INFO     | __main__:on_train_batch_end:39 - Epoch 0, Step 1999: train_loss = 5.3169
2025-06-23 16:20:17.921 | INFO     | __main__:on_train_batch_end:39 - Epoch 0, Step 2000: train_loss = 3.7426
2025-06-23 16:20:18.188 | INFO     | __main__:on_train_batch_end:39 - Epoch 0, Step 2001: train_loss = 4.0617
2025-06-23 16:20:18.456 | INFO     | __main__:on_train_batch_end:39 - Epoch 0, Step 2002: train_loss = 5.9487
2025-06-23 16:20:18.724 | INFO     | __main__:on_train_batch_end:39 - Epoch 0, Step 2003: train_loss = 13.8752
2025-06-23 16:20:18.994 | INFO     | __main__:on_train_batch_end:39 - Epoch 0, Step 2004: train_loss = 4.8745
2025-06-23 16:20:19.263 | INFO     | __main__:on_train_batch_end:39 - Epoch 0, Step 2005: train_loss = 12.6741
2025-06-23 16:20:19.529 | INFO     | __main__:on_train_batch_end:39 - Epoch 0, Step 2006: train_loss = 3.6173
2025-06-23 16:20:19.795 | INFO     | __main__:on_train_batch_end:39 - Epoch 0, Step 2007: train_loss = 12.3629
2025-06-23 16:20:20.066 | INFO     | __main__:on_train_batch_end:39 - Epoch 0, Step 2008: train_loss = 15.0582
2025-06-23 16:20:20.335 | INFO     | __main__:on_train_batch_end:39 - Epoch 0, Step 2009: train_loss = 14.5608
2025-06-23 16:20:20.602 | INFO     | __main__:on_train_batch_end:39 - Epoch 0, Step 2010: train_loss = 4.1174
2025-06-23 16:20:20.866 | INFO     | __main__:on_train_batch_end:39 - Epoch 0, Step 2011: train_loss = 3.7210
2025-06-23 16:20:21.140 | INFO     | __main__:on_train_batch_end:39 - Epoch 0, Step 2012: train_loss = 3.9873
2025-06-23 16:20:21.406 | INFO     | __main__:on_train_batch_end:39 - Epoch 0, Step 2013: train_loss = 5.3382
2025-06-23 16:20:21.674 | INFO     | __main__:on_train_batch_end:39 - Epoch 0, Step 2014: train_loss = 7.5466
2025-06-23 16:20:21.942 | INFO     | __main__:on_train_batch_end:39 - Epoch 0, Step 2015: train_loss = 3.6771
2025-06-23 16:20:22.212 | INFO     | __main__:on_train_batch_end:39 - Epoch 0, Step 2016: train_loss = 20.7633
2025-06-23 16:20:22.478 | INFO     | __main__:on_train_batch_end:39 - Epoch 0, Step 2017: train_loss = 3.6688
2025-06-23 16:20:22.744 | INFO     | __main__:on_train_batch_end:39 - Epoch 0, Step 2018: train_loss = 4.8044
2025-06-23 16:20:23.010 | INFO     | __main__:on_train_batch_end:39 - Epoch 0, Step 2019: train_loss = 3.5711
2025-06-23 16:20:23.276 | INFO     | __main__:on_train_batch_end:39 - Epoch 0, Step 2020: train_loss = 11.3154
2025-06-23 16:20:23.537 | INFO     | __main__:on_train_batch_end:39 - Epoch 0, Step 2021: train_loss = 3.8160
2025-06-23 16:20:23.801 | INFO     | __main__:on_train_batch_end:39 - Epoch 0, Step 2022: train_loss = 4.4094
2025-06-23 16:20:24.063 | INFO     | __main__:on_train_batch_end:39 - Epoch 0, Step 2023: train_loss = 4.0635
2025-06-23 16:20:24.331 | INFO     | __main__:on_train_batch_end:39 - Epoch 0, Step 2024: train_loss = 6.2807
2025-06-23 16:20:24.598 | INFO     | __main__:on_train_batch_end:39 - Epoch 0, Step 2025: train_loss = 3.6359
2025-06-23 16:20:24.879 | INFO     | __main__:on_train_batch_end:39 - Epoch 0, Step 2026: train_loss = 22.7832
2025-06-23 16:20:25.147 | INFO     | __main__:on_train_batch_end:39 - Epoch 0, Step 2027: train_loss = 5.9175
2025-06-23 16:20:25.413 | INFO     | __main__:on_train_batch_end:39 - Epoch 0, Step 2028: train_loss = 7.0796
2025-06-23 16:20:25.680 | INFO     | __main__:on_train_batch_end:39 - Epoch 0, Step 2029: train_loss = 6.4475
2025-06-23 16:20:25.942 | INFO     | __main__:on_train_batch_end:39 - Epoch 0, Step 2030: train_loss = 4.4654
2025-06-23 16:20:26.204 | INFO     | __main__:on_train_batch_end:39 - Epoch 0, Step 2031: train_loss = 3.6370
2025-06-23 16:20:26.471 | INFO     | __main__:on_train_batch_end:39 - Epoch 0, Step 2032: train_loss = 3.9885
2025-06-23 16:20:26.748 | INFO     | __main__:on_train_batch_end:39 - Epoch 0, Step 2033: train_loss = 9.3170
2025-06-23 16:20:27.013 | INFO     | __main__:on_train_batch_end:39 - Epoch 0, Step 2034: train_loss = 29.8835
2025-06-23 16:20:27.279 | INFO     | __main__:on_train_batch_end:39 - Epoch 0, Step 2035: train_loss = 4.3917
2025-06-23 16:20:27.546 | INFO     | __main__:on_train_batch_end:39 - Epoch 0, Step 2036: train_loss = 5.5274
2025-06-23 16:20:27.814 | INFO     | __main__:on_train_batch_end:39 - Epoch 0, Step 2037: train_loss = 3.7279
2025-06-23 16:20:28.076 | INFO     | __main__:on_train_batch_end:39 - Epoch 0, Step 2038: train_loss = 5.9906
2025-06-23 16:20:28.348 | INFO     | __main__:on_train_batch_end:39 - Epoch 0, Step 2039: train_loss = 8.6153
2025-06-23 16:20:28.614 | INFO     | __main__:on_train_batch_end:39 - Epoch 0, Step 2040: train_loss = 9.9576
2025-06-23 16:20:28.876 | INFO     | __main__:on_train_batch_end:39 - Epoch 0, Step 2041: train_loss = 3.5969
2025-06-23 16:20:29.141 | INFO     | __main__:on_train_batch_end:39 - Epoch 0, Step 2042: train_loss = 21.6938
2025-06-23 16:20:29.406 | INFO     | __main__:on_train_batch_end:39 - Epoch 0, Step 2043: train_loss = 24.7767
2025-06-23 16:20:29.671 | INFO     | __main__:on_train_batch_end:39 - Epoch 0, Step 2044: train_loss = 5.4274
2025-06-23 16:20:29.936 | INFO     | __main__:on_train_batch_end:39 - Epoch 0, Step 2045: train_loss = 3.6720
2025-06-23 16:20:30.293 | INFO     | __main__:on_train_batch_end:39 - Epoch 0, Step 2046: train_loss = 4.0177
2025-06-23 16:20:30.555 | INFO     | __main__:on_train_batch_end:39 - Epoch 0, Step 2047: train_loss = 3.9187
2025-06-23 16:20:30.821 | INFO     | __main__:on_train_batch_end:39 - Epoch 0, Step 2048: train_loss = 11.6842
2025-06-23 16:20:31.082 | INFO     | __main__:on_train_batch_end:39 - Epoch 0, Step 2049: train_loss = 7.2472
2025-06-23 16:20:31.347 | INFO     | __main__:on_train_batch_end:39 - Epoch 0, Step 2050: train_loss = 9.0315
2025-06-23 16:20:31.611 | INFO     | __main__:on_train_batch_end:39 - Epoch 0, Step 2051: train_loss = 8.1211
2025-06-23 16:20:31.875 | INFO     | __main__:on_train_batch_end:39 - Epoch 0, Step 2052: train_loss = 9.6198
2025-06-23 16:20:32.138 | INFO     | __main__:on_train_batch_end:39 - Epoch 0, Step 2053: train_loss = 4.1138
2025-06-23 16:20:32.400 | INFO     | __main__:on_train_batch_end:39 - Epoch 0, Step 2054: train_loss = 21.2513
2025-06-23 16:20:32.664 | INFO     | __main__:on_train_batch_end:39 - Epoch 0, Step 2055: train_loss = 15.7152
2025-06-23 16:20:32.926 | INFO     | __main__:on_train_batch_end:39 - Epoch 0, Step 2056: train_loss = 6.7825
2025-06-23 16:20:33.186 | INFO     | __main__:on_train_batch_end:39 - Epoch 0, Step 2057: train_loss = 4.2899
2025-06-23 16:20:33.449 | INFO     | __main__:on_train_batch_end:39 - Epoch 0, Step 2058: train_loss = 3.5925
2025-06-23 16:20:33.710 | INFO     | __main__:on_train_batch_end:39 - Epoch 0, Step 2059: train_loss = 13.8465
2025-06-23 16:20:33.973 | INFO     | __main__:on_train_batch_end:39 - Epoch 0, Step 2060: train_loss = 3.6368
2025-06-23 16:20:34.237 | INFO     | __main__:on_train_batch_end:39 - Epoch 0, Step 2061: train_loss = 5.3200
2025-06-23 16:20:34.499 | INFO     | __main__:on_train_batch_end:39 - Epoch 0, Step 2062: train_loss = 9.8848
2025-06-23 16:20:34.760 | INFO     | __main__:on_train_batch_end:39 - Epoch 0, Step 2063: train_loss = 4.0933
2025-06-23 16:20:35.021 | INFO     | __main__:on_train_batch_end:39 - Epoch 0, Step 2064: train_loss = 3.7187
2025-06-23 16:20:35.286 | INFO     | __main__:on_train_batch_end:39 - Epoch 0, Step 2065: train_loss = 22.7554
2025-06-23 16:20:35.550 | INFO     | __main__:on_train_batch_end:39 - Epoch 0, Step 2066: train_loss = 21.8317
2025-06-23 16:20:35.813 | INFO     | __main__:on_train_batch_end:39 - Epoch 0, Step 2067: train_loss = 21.4386
2025-06-23 16:20:36.074 | INFO     | __main__:on_train_batch_end:39 - Epoch 0, Step 2068: train_loss = 5.8284
2025-06-23 16:20:36.336 | INFO     | __main__:on_train_batch_end:39 - Epoch 0, Step 2069: train_loss = 10.0395
2025-06-23 16:20:36.597 | INFO     | __main__:on_train_batch_end:39 - Epoch 0, Step 2070: train_loss = 7.1706
2025-06-23 16:20:36.861 | INFO     | __main__:on_train_batch_end:39 - Epoch 0, Step 2071: train_loss = 26.5550
2025-06-23 16:20:37.125 | INFO     | __main__:on_train_batch_end:39 - Epoch 0, Step 2072: train_loss = 5.7220
2025-06-23 16:20:37.388 | INFO     | __main__:on_train_batch_end:39 - Epoch 0, Step 2073: train_loss = 6.2689
2025-06-23 16:20:37.653 | INFO     | __main__:on_train_batch_end:39 - Epoch 0, Step 2074: train_loss = 3.9282
2025-06-23 16:20:37.909 | INFO     | __main__:on_train_batch_end:39 - Epoch 0, Step 2075: train_loss = 9.9892
2025-06-23 16:20:38.165 | INFO     | __main__:on_train_batch_end:39 - Epoch 0, Step 2076: train_loss = 4.1949
2025-06-23 16:20:38.422 | INFO     | __main__:on_train_batch_end:39 - Epoch 0, Step 2077: train_loss = 5.8611
2025-06-23 16:20:38.679 | INFO     | __main__:on_train_batch_end:39 - Epoch 0, Step 2078: train_loss = 3.8390
2025-06-23 16:20:38.936 | INFO     | __main__:on_train_batch_end:39 - Epoch 0, Step 2079: train_loss = 7.1245
2025-06-23 16:20:39.192 | INFO     | __main__:on_train_batch_end:39 - Epoch 0, Step 2080: train_loss = 9.6294
2025-06-23 16:20:39.450 | INFO     | __main__:on_train_batch_end:39 - Epoch 0, Step 2081: train_loss = 7.7305
2025-06-23 16:20:39.707 | INFO     | __main__:on_train_batch_end:39 - Epoch 0, Step 2082: train_loss = 20.6838
